RegionID,SizeRank,RegionName,RegionType,StateName,2018-01-31,2018-02-28,2018-03-31,2018-04-30,2018-05-31,2018-06-30,2018-07-31,2018-08-31,2018-09-30,2018-10-31,2018-11-30,2018-12-31,2019-01-31,2019-02-28,2019-03-31,2019-04-30,2019-05-31,2019-06-30,2019-07-31,2019-08-31,2019-09-30,2019-10-31,2019-11-30,2019-12-31,2020-01-31,2020-02-29,2020-03-31,2020-04-30,2020-05-31,2020-06-30,2020-07-31,2020-08-31,2020-09-30,2020-10-31,2020-11-30,2020-12-31,2021-01-31,2021-02-28,2021-03-31,2021-04-30,2021-05-31,2021-06-30,2021-07-31,2021-08-31,2021-09-30,2021-10-31,2021-11-30,2021-12-31,2022-01-31,2022-02-28,2022-03-31,2022-04-30,2022-05-31,2022-06-30,2022-07-31,2022-08-31,2022-09-30,2022-10-31,2022-11-30,2022-12-31,2023-01-31,2023-02-28,2023-03-31,2023-04-30,2023-05-31,2023-06-30,2023-07-31,2023-08-31,2023-09-30,2023-10-31,2023-11-30,2023-12-31,2024-01-31,2024-02-29,2024-03-31,2024-04-30,2024-05-31,2024-06-30,2024-07-31,2024-08-31,2024-09-30,2024-10-31,2024-11-30,2024-12-31,2025-01-31,2025-02-28,2025-03-31,2025-04-30,2025-05-31,2025-06-30,2025-07-31,2025-08-31,2025-09-30,2025-10-31,2025-11-30,2025-12-31,2026-01-31
102001,0,United States,country,,0.9818181818181818,0.9837215838685964,0.987482701832823,0.9900783725195931,0.9923076923076923,0.9930689246558038,0.9909180992554478,0.9881422924901185,0.9864460636191215,0.9846153846153847,0.9834319526627219,0.9818303050508418,0.9805194805194806,0.9827044025157232,0.9853249475890985,0.9879116298457691,0.9899328859060402,0.9906542056074766,0.9896820383238577,0.9879425878521719,0.9866592551417455,0.9856733524355301,0.9850746268656716,0.9837678307919331,0.9818207320019013,0.9847668872134174,0.989136649514008,0.9925233644859813,0.9902912621359223,0.9924603785197723,0.9962962962962963,1.0,1.0,1.0,1.0,1.0,1.0,1.0,1.0,1.0,1.003099464637926,1.0095238095238095,1.0067114093959733,1.0003334444814937,1.0,1.0,1.0,1.0,1.0,1.0,1.0034602076124568,1.0133333333333334,1.0141509433962264,1.0066815144766148,1.0,1.0,1.0,0.9939759036144579,0.9895615866388309,0.9856708277998498,0.9832635983263598,0.9867531765341985,0.994569877107745,1.0,1.0,1.0,1.0,1.0,1.0,1.0,0.9933774834437086,0.9890909090909091,0.9869297387945427,0.9904534606205251,0.9973315543695798,1.0,1.0,1.0,1.0,0.9985250737463127,0.9943820224719101,0.9925373134328358,0.990625,0.9880239520958084,0.9855072463768116,0.9882352941176471,0.9915817041635564,0.9983831851253031,1.0,1.0,0.9941747572815534,0.9906249707030335,0.9886178861788618,0.9878072873348471,0.9872727272727273,0.9851851851851852,0.9830434782608696
394913,1,"New York, NY",msa,NY,0.9781815296731197,0.9762202753441802,0.9784615384615385,0.9795013183340582,0.9808102345415778,0.984182776801406,0.9838998211091234,0.983439583121628,0.9812962643545522,0.9791666666666666,0.9785407725321889,0.9777777777777777,0.975609756097561,0.9747842605224248,0.9753954305799648,0.9777424483306836,0.9803921568627451,0.9822294022617124,0.9819639278557114,0.9817408704352176,0.9795748228428511,0.9785202863961814,0.9782608695652174,0.9789473684210527,0.9770733959070627,0.9759474303200539,0.979381443298969,0.9836065573770492,0.9820859381512045,0.9821526561832822,0.9873060648801129,0.9930755891542868,0.9978293020371165,1.0,1.0,1.0,0.9954493742889647,0.9932088285229203,0.9924528301886792,1.0,1.0,1.0,1.0004001600640255,1.0000218186578615,1.0,1.0,1.0,1.0,1.0,1.0,1.0,1.001038713632901,1.008695652173913,1.0144726136098154,1.010928961748634,1.0013351134846462,1.0,1.0,1.0,0.998211091234347,0.9892998471406734,0.9872611464968153,0.9946862004096726,1.0,1.0,1.0031796502384738,1.0099047893825737,1.0061681047866013,1.0022271714922049,1.0000016666694445,1.0,1.0,1.0,1.0,1.0,1.0001333511134818,1.004566210045662,1.0127287193370393,1.0114942528735633,1.0076130765785938,1.0002942041776994,1.0,1.0,1.0,1.0,1.0,1.0,1.0,1.0025062656641603,1.006674082313682,1.0050251256281406,1.0004448619434552,1.0,1.0,1.0,1.0,1.0
753899,2,"Los Angeles, CA",msa,CA,0.9976309555146091,1.0,1.0,1.0,1.0,1.0,1.0,1.0,0.9968652037617555,0.9937624220302754,0.992,0.9911950687310411,0.988658833155299,0.9911290322580645,0.9919935897435898,0.9946029298380878,0.9962298460716534,0.997364953886693,0.9953540728437982,0.995740144263485,0.9946914328875839,0.9943788627545151,0.9966677102706558,0.9944581725898215,0.9937212211686045,1.0,1.0,1.0,1.0,0.9991460290350128,1.0,1.0,1.0,1.0000148353852225,1.000245617227073,1.0001683561926549,1.0001225967989025,1.001280622089673,1.0125,1.0208237604404746,1.0256410256410255,1.0294811320754718,1.029810298102981,1.0226005969290517,1.0171825142982591,1.0167130919220055,1.0172413793103448,1.018181818181818,1.0177975528364849,1.0316122233930454,1.0452261306532664,1.0495575221238937,1.040499201668664,1.0250013666686029,1.0049067713444553,1.0,1.0,0.9956140350877193,0.9931876586394575,0.988812295174596,0.9869719699960521,0.992799995391997,1.0,1.0,1.0018050541516246,1.0067491563554556,1.0070843172662869,1.0072420062586318,1.0007147962830594,1.0000294069976658,1.0,1.0,1.0,1.0,1.0002273243919073,1.0038059025891726,1.0061021658359959,1.0029498525073746,1.0001898665509386,1.0,1.0,1.0,1.0,1.0,1.0,1.0,1.0,1.0,1.0,1.0,1.0,0.9974968710888611,0.994413407821229,0.9949163660216465,0.9976470588235294,0.9927986837266753,0.9910913140311804
394463,3,"Chicago, IL",msa,IL,0.9712380158399333,0.9723188446578195,0.9761965054444163,0.97935722311471,0.9811320754716981,0.9811320754716981,0.9803921568627451,0.9789473684210527,0.9769230769230769,0.975975975975976,0.9736123748862603,0.9719839908519153,0.970973612134562,0.9733908956953321,0.9772727272727273,0.9789473684210527,0.9807692307692307,0.9806201550387597,0.979381443298969,0.978663723325975,0.9777171441564347,0.9765317372814617,0.9754877438719359,0.9730769230769231,0.9715814732600851,0.9733968726480975,0.97868638538495,0.9803921568627451,0.9777728373104095,0.9800608313619465,0.9833841980332316,0.9841269841269841,0.9854501350680853,0.9857142857142858,0.9857084524295631,0.9849757804479153,0.9839357429718876,0.9836734693877551,0.9911764705882353,1.0,1.0,1.0001428775539363,1.0,1.0,1.0,1.0,0.9942133627526312,0.993566833452466,0.9883513239586391,1.0,1.0,1.0005885815185402,1.0053571428571428,1.0045610093508492,1.0,1.0,0.9938461538461538,0.9895833333333334,0.9867531765341985,0.9829891316168481,0.98125,0.9857864357864359,1.0,1.0,1.0,1.0002857959416975,1.0000089286511487,1.0,1.0,1.0,1.0,0.9911510153661676,0.9892800462837296,0.9952718608903683,1.0,1.0,1.0002000400080016,1.000322684737012,1.0,1.0,1.0,1.0,0.9949296317717371,0.9891106719367588,0.9884541325170337,0.996078431372549,1.0,1.0,1.0,1.0,1.0,1.0,1.0,1.0,0.9969430342292958,0.9904406538734898,0.986159169550173
394514,4,"Dallas, TX",msa,TX,0.9878100042034468,0.9924202476942697,0.9968196169379602,1.0,1.0,1.0,0.9985710202915119,0.9917695473251029,0.9900826175332764,0.9884496912308371,0.9874913073713492,0.9853461344113188,0.9841698841698842,0.9872340425531915,0.9899749373433584,0.9917355371900827,0.9920396815872635,0.990896669743236,0.9909361578701824,0.9890509490509491,0.9868995633187773,0.9874599157202323,0.9878100042034468,0.9859154929577465,0.9857142857142858,0.9875483039931301,0.9909021934059871,0.9943661971830986,0.9926470588235294,0.995370339743924,0.9983996798719488,1.0,1.0,1.0,1.0,1.0,1.0,1.0,1.0044017607042817,1.021505376344086,1.0315789473684212,1.0364067827742378,1.031111111111111,1.0220440881763526,1.0110893672537509,1.0070422535211268,1.0072180614349289,1.0084033613445378,1.008888888888889,1.0232672512390393,1.0447056216561599,1.0538047973531843,1.05,1.0307692307692307,1.0075187969924813,1.0,0.9973787596303687,0.9916905444126074,0.9873934726760512,0.9849749582637729,0.9822222222222222,0.9865470852017937,0.9972719005759321,1.0,1.0,1.0,1.0,0.9983277591973244,0.9927007299270073,0.989749430523918,0.987012987012987,0.9855072463768116,0.9848888888888889,0.988,0.9955079396467571,0.9966654316413487,0.9984630745585762,0.9933319626464228,0.9906705410641078,0.9871559633027523,0.9867452135493373,0.9859943977591037,0.9842608157126427,0.9837925445705025,0.9824561403508771,0.9848484848484849,0.9874043855175931,0.9898132134209616,0.989463624229276,0.9880952380952381,0.9855740089707843,0.9838709677419355,0.981532147742818,0.9818181818181818,0.9821428571428571,0.9807985925034631,0.9813084112149533
394692,5,"Houston, TX",msa,TX,0.975609756097561,0.977237644211414,0.9785106957397824,0.9818181818181818,0.9818165286250393,0.9823529411764705,0.9814814814814815,0.9810126582278481,0.9791666666666666,0.9785021614674612,0.9782608695652174,0.9777093439478572,0.9766555502620295,0.978539967277255,0.9798183447376996,0.9817241727864429,0.9831673551594762,0.9830976198689203,0.9836612204068023,0.9809885931558935,0.980326775591864,0.9798061389337641,0.9807692307692307,0.9793707022296312,0.9782608695652174,0.9799196787148594,0.9826086956521739,0.9846153846153847,0.9830976198689203,0.984375,0.9859154929577465,0.986561403508772,0.9866534236037034,0.987427029346341,0.9877469367341836,0.98681218735789,0.9865593743356187,0.9895397489539749,0.99609375,1.0,1.0,1.0,1.0,1.0,1.0,1.0,1.0,1.0,1.0,1.0,1.0,1.0015002727768685,1.0059810869344843,1.0000038461686391,1.0,1.0,0.9888887654293552,0.9860788113695091,0.982798340862857,0.9807692307692307,0.9789156626506024,0.9815425101073834,0.9849246231155779,0.991513232087813,0.9921739130434782,0.992,,,0.9845758354755784,0.9836065573770492,0.9823529411764705,0.979381443298969,0.9787609954138786,0.9821446109756514,0.9836363636363636,0.9866696266756563,0.9876137271529835,0.9871794871794872,0.985545335085414,0.984,0.9818181818181818,0.9819639278557114,0.9821446109756514,0.980147022053308,0.9781491002570694,0.9812403846153845,0.9826781727481944,0.9846827133479212,0.9862572051106402,0.9830508474576272,0.9824561403508771,0.98,0.9777777777777777,0.9765917851249477,0.9772021145177956,0.9759036144578314,0.9734810339039947
395209,6,"Washington, DC",msa,VA,0.9932324622243535,1.0,1.0,1.0,1.0,1.0,1.0,1.0,1.0,1.0,0.997237800148151,0.9940119760479041,0.9930344704411502,1.0,1.0,1.0,1.0,1.0,1.0,1.0,1.0,1.0,1.0,1.0,0.9971866208190059,1.0,1.0,1.0,1.0,1.0,1.0,1.0,1.0,1.0,1.0,1.0,1.0,1.0001614466663908,1.0112297121652718,1.0178571428571428,1.0232558139534884,1.0188679245283019,1.01,1.0002440151056593,1.0,1.0,1.0,1.0,1.0,1.0065971483294318,1.0208333333333333,1.0263157894736843,1.0222227901240877,1.008501416902817,1.0,1.0,1.0,1.0,1.0,1.0,1.0,1.0,1.0,1.0002986631679645,1.0076506810972197,1.0044219835754895,1.0002186858187123,1.0,1.0,1.0,1.0,1.0,1.0,1.0,1.0004037202703413,1.0073529411764706,1.0087719298245614,1.0010133210133212,1.0,1.0,1.0,1.0,1.0,1.0,1.0,1.0,1.0,1.0,1.0,1.0,1.0,1.0,1.0,1.0,1.0,1.0,1.0
394974,7,"Philadelphia, PA",msa,PA,0.9786450662739322,0.98,0.9845758354755784,0.9855383708329599,0.99,0.9903732950772997,0.9883255503669113,0.9863429438543247,0.9846153846153847,0.9830508474576272,0.9811320754716981,0.9812285835293998,0.9792709077912795,0.9791400595998297,0.9839518394218155,0.9872611464968153,0.9904761904761905,0.9930666666666667,0.9909480705097665,0.9871018689128718,0.9849120484096703,0.9857142857142858,0.9856493653594008,0.9839183087027914,0.9791666666666666,0.9838998211091234,0.9894459102902374,0.9946573109262449,0.991337236929144,0.9948743341596966,1.0,1.0,1.0,1.0,1.0,1.0,1.0,1.0,1.0,1.0,1.0004001600640255,1.008695652173913,1.0081967213114753,1.0003334444814937,1.0,1.0,1.0,1.0,1.0,1.0,1.0,1.0142857142857142,1.0190045404512933,1.0175339422609662,1.0034013605442176,1.0,1.0,1.0,1.0,1.0,0.9905020352781547,1.0,1.0,1.0,1.0,1.0004168403501459,1.0007826245259044,1.0001562744178778,1.0,1.0,1.0,1.0,1.0,1.0,1.0,1.0,1.0002222716159146,1.000312597686777,1.0,1.0,1.0,1.0,1.0,1.0,1.0,1.0,1.0,1.0,1.0,1.0,1.0,1.0,1.0,1.0,1.0,1.0,0.9961484375
394856,8,"Miami, FL",msa,FL,0.9613160551336444,0.9636363636363636,0.9655172413793104,0.9653684072383675,0.9656652360515021,0.9668278046341057,0.9663483401546157,0.967741935483871,0.9688542439990102,0.9663480329512613,0.9655172413793104,0.965675057208238,0.9628337701990379,0.9649749821300929,0.965618426530284,0.9655172413793104,0.967032967032967,0.967741935483871,0.9684862027381712,0.968038721548862,0.9659090909090909,0.9689189189189189,0.967741935483871,0.966425923102624,0.9649789029535865,0.9666666666666667,0.968421052631579,0.9702850212249848,0.965,0.968158715946647,0.9705882352941176,0.9712918660287081,0.9712230215827338,0.9714726291441789,0.9729036950999889,0.970873786407767,0.9714285714285714,0.9713261648745519,0.9742120343839542,0.9769230769230769,0.9807692307692307,0.9857142857142858,0.989159891598916,0.9888888888888889,0.9879518072289156,0.9866666666666667,0.986159169550173,0.989159891598916,0.987501234376543,0.9955131800336512,1.0,1.0,1.0,1.0,1.0,0.987012987012987,0.981372671583948,0.9782547285679195,0.972972972972973,0.9720220569376763,0.968255505169908,0.970873786407767,0.9726443768996961,0.9726235583128617,0.9737766316694296,0.974910394265233,0.9775924164175047,0.9761904761904762,0.9785001773965422,0.9743602235403497,0.9729041643935261,0.9700784290077689,0.9669199125306962,0.9697067647147951,0.9705882352941176,0.9689750597294556,0.969932345894797,0.969743987587277,0.9702755309567803,0.9708121827411168,0.9691629955947136,0.968,0.967741935483871,0.9655172413793104,0.9617834394904459,0.9642857142857143,0.9663865546218487,0.9654473925201641,0.963855421686747,0.9635226581508516,0.9636767976278725,0.9629629629629629,0.9627406851712929,0.9629629629629629,0.9634619310063278,0.9631490787269682,0.9587272548648489
394347,9,"Atlanta, GA",msa,GA,0.9814035087719298,0.9853687667960586,0.9887614678899083,0.9933510638297872,0.99568345323741,0.9938752677826308,0.9921568627450981,0.988535849475596,0.9882352941176471,0.9863851069741595,0.9851385628854525,0.9846153846153847,0.9836065573770492,0.985663082437276,0.9882352941176471,0.9897895394873932,0.9917440572548352,0.9905717726673167,0.9906976744186047,0.9885350318471338,0.9871244635193133,0.9849246231155779,0.985981308411215,0.9859154929577465,0.9826589595375722,0.9864959189063424,0.9901325345943095,0.9956234437847156,0.9941075964402537,0.9929300510998168,0.9957602126138879,0.9963807672550744,1.0,1.0,1.0,1.0,1.0,1.0,1.0,1.0044017607042817,1.0109737461180583,1.0131971051511282,1.0127931769722816,1.008130081300813,1.0005955926146515,1.0002439024390244,1.0003195522694388,1.0002857959416975,1.0,1.0049875311720697,1.0154241645244215,1.0228310502283104,1.0240480961923848,1.0153846153846153,1.0002857959416975,1.0,1.0,0.9922279792746114,0.9893617021276596,0.9869375907111756,0.9859154929577465,0.9913597089586176,1.0,1.0,1.0,1.0,1.0,1.0,1.0,1.0,0.9951965869829624,0.9912622259305613,0.9888579387186629,0.9951189731677537,1.0,1.0,1.0,1.0,1.0,0.9930985209943254,0.9921618217748789,0.9903846153846154,0.9903069213905418,0.9885948235608031,0.98709932155321,0.9893675494881611,0.9923245244908265,0.9976309555146091,1.0,0.992462311557789,0.9910217070121605,0.9875,0.9866666666666667,0.9868421052631579,0.9872611464968153,0.9850966803997473,0.9818181818181818
394404,10,"Boston, MA",msa,MA,0.989441686192339,0.9899749373433584,0.9988234200818388,1.0,1.0002818254507044,1.0002667377967458,1.0001538698261272,1.0,0.9959717658512839,1.0,0.9935919273645308,0.9884496912308371,0.9861325115562404,0.9855536902967006,0.9915014164305949,1.0,1.0,1.0,1.0,1.0,0.9978815612064614,0.9955456570155902,0.993181782963755,0.9894001395574374,0.9868656295088137,0.9900009900019799,1.0,1.0,1.0,1.0,1.0,1.0001852194850898,1.0040160642570282,1.0023310023310024,1.0064516129032257,1.000149276011345,1.0,1.0,1.013977587661164,1.0268948655256724,1.037759439859965,1.0452586206896552,1.036568733117773,1.0259040779687099,1.02,1.0135226566214388,1.012592161940752,1.006993006993007,1.0022271714922049,1.0120623712856722,1.0338461538461539,1.0478522655084923,1.054672464395689,1.0526869835254486,1.0327868852459017,1.0091047040971168,1.0003449465332874,1.0,1.0,1.0,0.9926733536383088,1.0,1.0,1.0122699386503067,1.0263874709589977,1.0287673842636693,1.0195890770681681,1.018181818181818,1.0075093867334168,1.0069860623259825,1.0009099181073704,1.0,1.0,1.0,1.0030456852791878,1.0168361393565595,1.0210526315789474,1.02,1.01312800589037,1.0002164211311833,1.0,1.0001333511134818,1.0,1.0,1.0,1.0,1.0002000400080016,1.0129462041226747,1.0141706029452626,1.007936507936508,1.003087154958028,1.0,1.0,1.0,1.0,0.9985935302390999,0.9921587453992639
394976,11,"Phoenix, AZ",msa,AZ,0.9843780761814881,0.9849749582637729,0.9883305548940224,0.9908256880733946,0.9899159379025151,0.9889081122645137,0.9911208782545282,0.9890317308210853,0.9892964108607061,0.9909480705097665,0.9888888888888889,0.9877469367341836,0.9876543209876543,0.9888595217576037,0.9898084540941684,0.9903341371439434,0.9920634920634921,0.9918176253419286,0.9927535809095949,0.9922480620155039,0.9931540861557786,0.9933166202310428,0.9933333333333333,0.9918950200200201,0.9899497487437185,0.9937402190923318,1.0,1.0,1.0,1.0,1.0,1.0,1.0,1.0,1.0,1.0,1.0,1.0,1.0036678892964321,1.0136036276340357,1.019047619047619,1.0235294117647058,1.0158847130107262,1.0075813157251161,1.001890359168242,1.0,1.0,1.0,1.0,1.0002273243919073,1.0116192184613575,1.0170151967788024,1.0127761930543322,1.0,1.0,0.9897115530016634,0.9873417721518988,0.9837627953616028,0.9803240740740741,0.9769230769230769,0.9782608695652174,0.9817573713753245,0.9851470142467414,0.9882352941176471,0.9924245283018868,0.9971419498253413,0.9983888888888889,0.9962084456424078,0.9946177688942963,0.9941133154292645,0.9883720930232558,0.9869719699960521,0.9863013698630136,0.9895191122071517,0.9907407407407407,0.9909166680698447,0.9910013724256637,0.9910913140311804,0.9912854030501089,0.9893992932862191,0.9902552183192852,0.9900373599003736,0.9882352941176471,0.9866666666666667,0.9857142857142858,0.9876543209876543,0.9883305548940224,0.9887640449438202,0.9878603665837709,0.9863851069741595,0.9851851851851852,0.9846827133479212,0.9847826086956522,0.9854604200323102,0.9847668872134174,0.9838402457757296,0.9818879037555365
395057,12,"San Francisco, CA",msa,CA,1.0180389355242008,1.0384615384615385,1.049126823218725,1.0497524752475247,1.0501608189056129,1.0460023104184921,1.0342857142857143,1.02020202020202,1.0141093474426808,1.0125260960334028,1.001000166694449,1.0,1.0,1.0013177647530032,1.0053160692668035,1.010011123470523,1.0185185185185186,1.0149051764183143,1.014774794440806,1.004540441365946,1.0014306151645207,1.0070701845145715,1.0037369207772795,1.0,1.0,1.011998800419853,1.02250473635835,1.0188383509788845,1.0003334444814937,1.0000058494073727,1.0038610038610039,1.0107334525939178,1.0181029251122709,1.0269799825935597,1.027027027027027,1.019704433497537,1.0199404390370512,1.0364001113224175,1.0658307210031348,1.082416612741926,1.0951188986232792,1.0909090909090908,1.0843183058895223,1.064516129032258,1.0526315789473684,1.0485620707287076,1.0507374631268436,1.050230979017087,1.047197640117994,1.0876549653991634,1.1087267525035764,1.1147604452678963,1.0929127338963405,1.053740779768177,1.0108303249097472,1.0,1.0,1.0,0.9965437788018433,0.9888672340979299,0.9880039653669963,1.0,1.0084680523479599,1.016129936489376,1.027027027027027,1.0305980528511822,1.0217021276595746,1.017766796093658,1.0177975528364849,1.0153061224489797,1.0081613058089294,1.0,1.0,1.0177758820989342,1.032604276770469,1.0355818046007572,1.0334944169142097,1.0226909555768615,1.0137801562297701,1.007746769148704,1.006375227686703,1.0126902750087028,1.0030215893012002,1.0,1.0,1.0175145954962468,1.0201149425287357,1.0182324728606513,1.0111296639919138,1.0011778563015312,1.0,1.0,1.0,1.0021321961620469,1.0001562744178778,1.0,1.0
395025,13,"Riverside, CA",msa,CA,0.9939759036144579,0.9965831435079726,1.0,1.0,1.0,1.0,1.0,1.0,1.0,0.9935512551176247,0.9949494949494949,0.991869918699187,0.9894736842105263,0.9914204003813155,0.9951219512195122,0.9968625409391344,0.9969989996665555,0.9978566325315551,0.9977284065108412,0.9975249381234531,0.9954729783387799,0.9962998543877157,0.9960149350127265,0.9956043956043956,0.99337850011886,0.9938795986622073,1.0,1.0,1.0,1.0,1.0,1.0,1.0,1.0001923446816696,1.0004398068949885,1.0002340280766875,1.0002703433360367,1.0005408328826393,1.0115943003091814,1.0204081632653061,1.026495876469556,1.0277920526673983,1.0285714285714285,1.0235318200748709,1.0151515151515151,1.0103051121438675,1.008695652173913,1.0075757575757576,1.0084033613445378,1.013856611536308,1.0222222222222221,1.0250971041226136,1.02,1.0098039215686274,1.0000017105292436,1.0,1.0,1.0,0.9955294117647059,0.9919919839679359,0.9904514264780817,0.991849794912709,1.0,1.0,1.0,1.0,1.0,1.0,1.0,1.0,1.0,1.0,1.0,1.0,1.0,1.0,1.0,1.0,1.0,1.0,1.0,1.0,1.0,1.0,1.0,1.0,1.0,1.0,1.0,1.0,1.0,1.0,1.0,0.9977494373593399,1.0,0.9983779544453373,0.992
394532,14,"Detroit, MI",msa,MI,0.9754877438719359,0.9768454194972319,0.9838799332962757,0.9885082736606887,0.9955815845127705,1.0,0.993006993006993,0.9887323049577859,0.9846153846153847,0.9795368419453436,0.9796424838851937,0.9759638651395386,0.9721924815607899,0.9757649848114396,0.9803594662273045,0.9849221105527639,0.9886275235025929,0.989668297988037,0.9870967741935484,0.9846505637792132,0.9813553023855555,0.9792709077912795,0.9788359788359788,0.9768637532133676,0.9767188068388505,0.9774436090225563,0.9841994871011022,0.9867724867724867,0.9828009828009828,0.9909180992554478,0.9993748046264458,1.0,1.0,0.999418469411491,1.0,0.9939633771380418,0.9914255091103966,1.0,1.0,1.0045061333862644,1.0134690494653644,1.018918918918919,1.0142877556852978,1.0006253908692933,1.0,1.0,1.0,1.0,1.0,1.0,1.00336333437652,1.0198163363943935,1.0222222222222221,1.01677542097852,1.0005002501250626,1.0,1.0,0.9980045772662443,0.9874945284163442,0.9828571428571429,0.9816632709761067,0.9854014598540146,1.0,1.0,1.0005124094577167,1.0006671114076051,1.0003031221582297,1.0,1.0,1.0,1.0,0.9983079526226735,0.9873015873015873,1.0,1.0,1.0,1.0002942041776994,1.0004349717268377,1.0,1.0,1.0,1.0,1.0,0.9934113339626707,0.9897172236503856,0.9927140255009107,1.0,1.0,1.0,1.0,1.0,1.0,1.0,1.0,0.9921781814845398,0.9903961584633854,0.9821771229154408
395078,15,"Seattle, WA",msa,WA,1.0,1.0110936632187122,1.0229615133724723,1.0249614791987673,1.0225670945157526,1.012025241100131,1.0,1.0,1.0,0.9992455189662359,0.9977011494252873,0.9915254237288136,0.991304347826087,1.0,1.0,1.0,1.0,1.0,1.0,1.0,1.0,1.0,1.0,1.0,1.0,1.0000006455786257,1.0118292722405182,1.0102030508132134,1.0,1.0,1.000720506347775,1.0025778767592364,1.008462623413258,1.0075329834019011,1.0097124723531108,1.009090909090909,1.0125,1.0390959864917522,1.0640113802914044,1.0776942355889725,1.0770059235325795,1.063224516988674,1.048148148148148,1.0285714285714285,1.018181818181818,1.0160812865029203,1.0149253731343284,1.018181818181818,1.0256410256410255,1.0706197250357288,1.1034863271147282,1.0895170789163722,1.0557522306544311,1.0106107514776246,1.0,1.0,1.0,0.9985383491037773,0.9908225982992338,0.9866831116592776,0.9852970155794576,1.0,1.0,1.0,1.0013919543495384,1.000100010001,1.0,1.0,1.0,1.0,1.0,1.0,1.0,1.0,1.0005885815185402,1.0068807701412452,1.0015408320493067,1.0,1.0,1.0,1.0,1.0,1.0,1.0,1.0,1.0,1.0,1.0,1.0,1.0,1.0,1.0,0.9966249050873197,1.0,0.9950124376554706,0.9914647814466765,0.9916316526610645
394865,16,"Minneapolis, MN",msa,MN,0.9963234981362282,1.0,1.0,1.0,1.000256644840336,1.0004708750272404,1.0,1.0,1.0,1.0,1.0,0.9907039108670014,0.9918460047084892,1.0,1.0,1.0,1.0,1.0,1.0,1.0,1.0,1.0,1.0,1.0,0.995,1.0,1.0,1.0002632271650433,1.0,1.0,1.0001905124785673,1.0005002501250626,1.0056818181818181,1.0053333333333334,1.0015178001801093,1.0,1.0,1.0006253908692933,1.0212765957446808,1.03125,1.0387853889212972,1.0405647996746863,1.0348395998620215,1.022047244094488,1.0142857142857142,1.0032,1.0,1.0,1.0,1.0059874667103632,1.0273046769397134,1.0396570203644158,1.0408163265306123,1.0312224102413183,1.0158730158730158,1.0,1.0,1.0,1.0,0.9947027663331371,0.9942012177442737,1.0,1.0,1.0006253908692933,1.0136197683239865,1.0133333333333334,1.0092348089877814,1.0001961923448355,1.0,1.0,1.0,1.0,0.9981996399279855,1.0,1.0,1.0,1.0,1.0,1.0,1.0,1.0,1.0,1.0,1.0,0.995197221635506,1.0,1.0,1.0,1.0001408649105508,1.0,1.0,1.0,1.0,1.0,1.0,1.0,0.9932203389830508
395056,17,"San Diego, CA",msa,CA,0.9878787878787879,0.9927338243446582,0.992430613961312,0.9981132075471698,0.9954773869346734,0.9948978349165782,0.992,0.9911504424778761,0.9881233646705363,0.9848101265822785,0.9865384615384616,0.9809523809523809,0.9807692307692307,0.9844559585492227,0.9882745012489382,0.9887359198998749,0.990990990990991,0.9914013111655706,0.9908143255237899,0.9894625922023182,0.9910913140311804,0.9902817074670931,0.9904761904761905,0.9904761904761905,0.9880239520958084,0.9924878659356405,1.0,1.0,0.9963439921423115,1.0,1.0,1.0,1.0,1.0,1.0,1.0,1.0000833402783564,1.0046511627906978,1.0169491525423728,1.0223464462076235,1.0289655172413794,1.0327747041977768,1.025,1.0160008128013005,1.0112359550561798,1.009532888465205,1.009504452187379,1.0136363636363637,1.0202040408081616,1.0333333333333334,1.0492845786963434,1.05,1.0341951626355297,1.0112796608430055,1.0,1.0,0.9948453608247423,0.9909451252772828,0.9882283655511674,0.9899243693213542,0.9899238578680203,1.0,1.0,1.0000466688445462,1.0033389074693422,1.0071009887005649,1.0053684724255734,1.0001538698261272,1.0,1.0,1.0,1.0,1.0,1.0,1.0000462162005113,1.000741289844329,1.0008187302980458,1.0,1.0,1.0,1.0,0.9983552631578947,1.0,0.9964129502572898,1.0,1.0,1.0,1.0,1.0,1.0,0.9943679599499374,0.9915844974512626,0.9931972789115646,0.9941569241424384,0.993498916486081,0.994413407821229,0.9918200408997955
395148,18,"Tampa, FL",msa,FL,0.9745641611889111,0.9746434680762532,0.9758756911030313,0.9772727272727273,0.9804560260586319,0.9819468162966577,0.9791400595998297,0.9780357181024033,0.9777777777777777,0.97643668418376,0.9771428571428571,0.9757275833627901,0.9727492238703,0.9739130434782609,0.9746088740702744,0.9783212896053363,0.9809081726541286,0.9782130232657265,0.9795188490201617,0.9779160090091688,0.9788604766633565,0.9788359788359788,0.9785749234943515,0.9777171441564347,0.975609756097561,0.9777777777777777,0.9818181818181818,0.9836612204068023,0.9818543963078072,0.9841269841269841,0.9863714198246812,0.9876766944545124,0.9874213836477987,0.989010989010989,0.9911111111111112,0.9874326750448833,0.9875,0.9912170639899623,1.0,1.0,1.0,1.0006671114076051,1.0000182985612218,1.0,1.0,1.0,1.0,1.0,1.0,1.0,1.0063206920058978,1.0151095977867632,1.0133333333333334,1.004,1.0,0.9935576102746201,0.9869739478957916,0.9824,0.9795805337669523,0.9769350291684887,0.9777777777777777,0.9777424483306836,0.9811320754716981,0.9849184364419822,0.987673314339981,0.9875917953912383,0.9889134709931171,0.9857142857142858,0.9861111111111112,0.9828571428571429,0.9805147258230732,0.9777777777777777,0.9777777777777777,0.9777777777777777,0.9795918367346939,0.9818181818181818,0.9818181818181818,0.9818181818181818,0.9805884347929384,0.9800017818214215,0.9790392853220078,0.980145590244928,0.9759931408973993,0.9777171441564347,0.974025974025974,0.9749670619235836,0.9789316875931049,0.9785604844593608,0.9799297086635583,0.978021978021978,0.9767004000941398,0.9745361949799928,0.9754562617998741,0.975609756097561,0.9745255599247734,0.9726443768996961,0.9726027397260274
394530,19,"Denver, CO",msa,CO,1.0,1.0,1.000176273308254,1.0026302896434505,1.0002818254507044,1.0,1.0,1.0,1.0,0.9941944847605225,0.9919839679358717,0.9908256880733946,0.9894736842105263,0.9985935302390999,1.0,1.0,1.0,1.0,1.0,1.0,0.9948632437913048,0.9951337911437367,0.9935897435897436,0.9930715935334873,0.991960818834653,1.0,1.0,1.0,1.0,1.0,1.0,1.0,1.0,1.0,1.0,1.0,1.0,1.0167765670861646,1.0315789473684212,1.0449208897041964,1.0523809523809524,1.0510230028610867,1.0380952380952382,1.0166919575113809,1.0084388185654007,1.0084033613445378,1.0063898415809245,1.0060484116822144,1.0097107951585027,1.0425471963933501,1.0594707158925094,1.0655737704918034,1.0443037974683544,1.017631819567205,1.0,1.0,0.9947643979057592,0.993108275862069,0.9910256410256411,0.9899369636211741,0.9880952380952381,1.0,1.0,1.0,1.0,1.0,1.0,1.0,1.0,1.0,0.9979384704184704,0.993391557496361,0.993421052631579,1.0,1.0,1.0,1.0,1.0,1.0,1.0,1.0,0.997434251670452,0.9967007414974831,0.9923966942148761,0.9926984761650894,1.0,1.0,1.0,1.0,1.0,0.9936708860759493,0.9933333277777685,0.9922778771615981,0.9919028340080972,0.9902209710234731,0.9896907216494846,0.9882352941176471
394358,20,"Baltimore, MD",msa,MD,0.9855383708329599,0.9882144797998476,0.9940648115533639,1.0,1.0,1.0,1.0,0.9921259842519685,0.9926470588235294,0.9921038961038962,0.9932497589199615,0.9866220735785953,0.9865848008068868,0.9892036017134365,0.9922178988326849,1.0,1.0,1.0,1.0,0.9954977488744372,0.99806409980641,0.9962724974382817,0.9934640522875817,0.9915326766390595,0.9888579387186629,0.9901475441661813,1.0,1.0,1.0,1.0,1.0,1.0,1.0,1.0,1.0,1.0,1.0,1.0,1.0,1.0,1.0004349717268377,1.0053333333333334,1.000555864369094,1.0000018867960128,1.0,1.0,1.0,1.0,1.0,1.0,1.0048780487804878,1.0170056685561855,1.0196078431372548,1.0153846153846153,1.0002857959416975,1.0,1.0,1.0,1.0,1.0,1.0,1.0,1.0,1.0003077870113881,1.0056,1.0116279069767442,1.0003334444814937,1.001080038485395,1.0,1.0,1.0,1.0,1.0,1.0,1.0,1.000210570646452,1.0014939527826126,1.0004349717268377,1.0,1.0,1.0,1.0,1.0,1.0,1.0,1.0,1.0,1.0,1.0,1.0,1.0,1.0,1.0,1.0,1.0,1.0,1.0
395121,21,"St. Louis, MO",msa,MO,0.9767628055933119,0.97868638538495,0.9853687667960586,0.9871778431024392,0.9913597089586176,0.9913620651874262,0.9888888888888889,0.9869847543760587,0.9839893262174784,0.9812249394139678,0.981056634839327,0.9786154908779117,0.9761123620961074,0.9787234042553191,0.9828861901121977,0.9878714372346877,0.9923251229158403,0.9925460965084347,0.9910759674283098,0.9897959183673469,0.9855030443606843,0.9865235238359519,0.9853495934959349,0.9829311359623308,0.9789473684210527,0.982953995157385,0.9873248832555037,0.9949972206781545,0.9928520335172696,1.0,1.0,1.0,1.0,1.0,1.0,1.0,0.9953745213365532,1.0,1.0,1.0015408320493067,1.0104529616724738,1.0214285714285714,1.0156971375807942,1.0036700336700337,1.000256476019492,1.0,1.0,1.0,1.0,1.0003705075954057,1.0159077489493245,1.0282352941176471,1.032258064516129,1.03207367418228,1.011764705882353,1.000256476019492,1.0,1.0,1.0,0.9991818181818182,0.9878091869844356,1.0,1.0,1.0,1.0048409459274736,1.0114614121510672,1.013424585417215,1.0035714285714286,1.0,1.0,1.0,1.0,0.990909090909091,1.0,1.0,1.0,1.0004653327128896,1.0011946104416642,1.0004547521600728,1.0,1.0,1.0,1.0,0.9970613406769977,0.9916917166492467,0.9959496072636405,1.0,1.0,1.0,1.0,1.0,1.0,1.0,1.0,1.0,0.9940606439512347,0.9904761904761905
394943,22,"Orlando, FL",msa,FL,0.9769713886950454,0.9798994974874372,0.9818194569100416,0.9826989619377162,0.9824921807364019,0.9856062454257136,0.9841962895568163,0.9827466452466452,0.9831380394398399,0.9813226744186045,0.98005698005698,0.9794533571075588,0.9758440076227395,0.9795833333333334,0.9772869347780788,0.9845260542934962,0.9824944457212901,0.9827048392265784,0.9817351598173516,0.9836065573770492,0.9821364773133262,0.9794641754804725,0.9803921568627451,0.9789316875931049,0.9784283513097073,0.9799522490323013,0.9823008849557522,0.9855287250779945,0.984375,0.984375,0.9859497893017627,0.9881175734834271,0.9862637362637363,0.9863013698630136,0.9863013698630136,0.9861111111111112,0.984048611447681,0.9854927463731866,0.9910743604286695,1.0,1.0,1.0,1.0,1.0,1.0,1.0,1.0,1.0,1.0,1.0,1.0033817681816493,1.0106272140029173,1.0103367789263087,1.0005513601680105,1.0,1.0,0.9878048780487805,0.984,0.980521189786786,0.9781489144544238,0.9796954314720813,0.9798917016877148,0.9851970394078816,0.9876543209876543,0.9880239520958084,0.9885714285714285,0.9894736842105263,0.9880434782608696,0.9863013698630136,0.9838709677419355,0.981863664790494,0.9811393351579345,0.9790960451977401,0.9821428571428571,0.9818316548216511,0.9854014598540146,0.9844395046046364,0.9841966515585977,0.9836065573770492,0.9820413730393271,0.980327868852459,0.98,0.9803921568627451,0.9789588183657112,0.9772727272727273,0.9785938903863431,0.9805194805194806,0.9820051413881749,0.9815950920245399,0.9818150026228362,0.9787234042553191,0.9784724940204392,0.9772209567198178,0.9767441860465116,0.9761194029850746,0.9758340738568445,0.9738636363636364
394458,23,"Charlotte, NC",msa,NC,0.9837837837837838,0.9863851069741595,0.9897610921501706,0.9897366015774579,0.9915492957746479,0.9910313901345291,0.9891891891891892,0.987385819921705,0.987037037037037,0.9842154131847726,0.9844104493855383,0.9835272888748697,0.9824968738835298,0.984749437240944,0.9860342111275724,0.9894385769872152,0.9895833333333334,0.989247311827957,0.9882352941176471,0.9866666666666667,0.9864019887980161,0.984930032292788,0.9832272990167727,0.9837092021215063,0.9812108559498957,0.9859087847718815,0.9880952380952381,0.990390272602471,0.9899965505346672,0.9904761904761905,0.9922235077047699,1.0,1.0,1.0,1.0,1.0,1.0,1.0,1.003147476772787,1.0131210034431875,1.0161142036968793,1.0222222222222221,1.0214285714285714,1.0193159735717061,1.0121212121212122,1.0073286918285087,1.0013774104683195,1.0022790869116036,1.000217438573603,1.0062253445826888,1.0205346601450498,1.03125,1.032873257484565,1.0224489795918368,1.003402344608904,1.0,0.991715976331361,0.9882352941176471,0.9848484848484849,0.9833333333333333,0.9814814814814815,0.9826589595375722,0.9932584269662922,1.0,1.0,1.0,1.0,1.0,1.0,1.0,0.9928339704202591,0.9903361344537815,0.9893460065257483,1.0,1.0,1.0,1.0,1.0,1.0,0.9931270666036844,0.9910913140311804,0.9896321309889559,0.9888888888888889,0.9863466915191053,0.985,0.989010989010989,0.9908069458631257,1.0,0.9944913755311189,0.9936908517350158,0.9914012362109248,0.987460815047022,0.9850746268656716,0.9866699555665186,0.985653133669421,0.9843303571428572,0.9812169312169312
395055,24,"San Antonio, TX",msa,TX,0.9850938905051574,0.9877420936504046,0.9898784033225658,0.992264051578309,0.9903846153846154,0.9937304075235109,0.9901768172888016,0.9882382007091391,0.9893480796220522,0.9864661654135338,0.9844114116234729,0.9858947682563894,0.9860164933667981,0.9866895270752964,0.99,0.9899799599198397,0.9948753333294433,0.9949874371859296,0.9931576179319692,0.9907235302216715,0.9902272727272727,0.9899458623356535,0.9891229198785849,0.9865838025758562,0.9878970978668864,0.9853874119901328,0.9924790170185607,0.9922577422577423,0.9948717948717949,0.9964966913195796,0.998894391973707,1.0,1.0,1.0,1.0,1.0,1.0,1.0,1.0,1.000494146536421,1.0122448979591836,1.0190524716784366,1.0212765957446808,1.010857025971485,1.0,1.0,1.0,1.0,1.0,1.0,1.0102971462194763,1.019433971690415,1.018181818181818,1.0106999903237697,1.0,1.0,0.9978308026030369,0.9920954992740765,0.9863169719474522,0.9862068965517241,0.9828301886792453,0.9848339576684082,0.9898305084745763,0.992600867708647,0.996614502762255,0.993504806443232,0.9933110367892977,0.9877469367341836,0.9866443701226311,0.9847853535353536,0.9812153883851997,0.9819639278557114,0.9809547165588489,0.9833333333333333,0.9861697040539823,0.9878213802435724,0.9878840306175947,0.986332503113325,0.9848484848484849,0.9850697809653033,0.9841306562425964,0.9828571428571429,0.981372671583948,0.9833333333333333,0.9815950920245399,0.9807692307692307,0.9840581551722312,0.9866220735785953,0.9866666666666667,0.9850746268656716,0.9844271412680756,0.9815099715099715,0.9814241486068112,0.9809068124857598,0.98,0.98,0.9777911084449776
394998,25,"Portland, OR",msa,OR,1.0,1.0,1.0,1.0,1.0,1.0,1.0,1.0,1.0,1.0,0.9974937343358395,0.9939393939393939,0.9915502672874633,0.9960816663229531,1.0,1.0,1.0,1.0,1.0,1.0,1.0,1.0,0.9999755283648498,0.997072992429759,0.9967657022416667,1.0,1.0,1.0,1.0,1.0,1.0,1.0001162925921618,1.0007994271464122,1.0002632271650433,1.0021099394171404,1.0002000400080016,1.0001666944490748,1.013550135501355,1.0250480356194367,1.035294117647059,1.0413089180851416,1.0397473019215584,1.0309278350515463,1.0206185567010309,1.0111122345703978,1.0085760858224337,1.0042432814710043,1.0021052631578948,1.001669449081803,1.02,1.0382691889541205,1.0404101034353137,1.0373831775700935,1.0162032406481296,1.0,1.0,1.0,1.0,0.9993939393939394,0.9906146581028343,0.9894459102902374,1.0,1.0,1.0,1.0,1.0,1.0,1.0,1.0,1.0,0.9960493827160494,0.995575221238938,0.9939879759519038,1.0,1.0,1.0,1.0,1.0,1.0,1.0,1.0,1.0,1.0,1.0,0.996078431372549,1.0,1.0,1.0,1.0,1.0,1.0,1.0,1.0,1.0,0.9983925701018039,0.9921567421259843,0.9931506849315068
395045,26,"Sacramento, CA",msa,CA,1.0,1.0,1.0,1.0,1.0,1.0,1.0,1.0,1.0,0.9944289693593314,0.9918319719953326,0.9912948754380979,0.9902090442538385,0.994277539341917,1.0,1.0,1.0,1.0,1.0,1.0,1.0,1.0,1.0,0.9961122140191976,0.9966412023083704,1.0,1.0,1.0,1.0,1.0,1.0,1.0,1.0013513513513514,1.003685126420309,1.0072378879269772,1.003584229390681,1.0034808510913438,1.0155241665550943,1.029143897996357,1.0373293373293375,1.0408218437415517,1.0418403067177864,1.0325610647394456,1.0233411552276328,1.0153846153846153,1.010008978496198,1.0077185309519026,1.003290363780022,1.006020772383488,1.0221551500739317,1.0315789473684212,1.0307692307692307,1.0232558139534884,1.0070671378091873,1.0,1.0,0.9942381895549353,0.9920948616600791,0.9895722494147691,0.9899944382647385,0.983841566590381,0.9907611015140738,1.0,1.0,1.0003637183750387,1.0015174506828528,1.0001966694365492,1.0,1.0,1.0,1.0,0.9941293426981493,1.0,1.0,1.0,1.0000033333444445,1.0001385123359658,1.0,1.0,1.0,1.0,1.0,1.0,1.0,0.9944597912829958,1.0,1.0,1.0,1.0,1.0,0.9934640522875817,0.99375,0.9922440674967379,0.996619597774925,0.9932487095634736,0.9908256880733946,0.9914529914529915
394982,27,"Pittsburgh, PA",msa,PA,0.9644444444444444,0.9684319605254876,0.9723352027378116,0.9774256608107149,0.9820708166578267,0.9837837837837838,0.9818181818181818,0.979381443298969,0.9779889944972486,0.9758928571428571,0.9717898802190602,0.969236471460341,0.9685614480787551,0.9721229449606862,0.9763157894736842,0.9791400595998297,0.9844271412680756,0.9855839952927331,0.9837837837837838,0.9803921568627451,0.9801084990958409,0.9775598999473407,0.9757055018388429,0.9734991887506761,0.9710652382812477,0.9747606614447345,0.9809002550938035,0.9822675775853034,0.9798994974874372,0.9881894128997702,1.0,1.0,0.9927904972168651,0.99367471189389,0.9919677419354839,0.985373364126251,0.9843937575030012,0.9850746268656716,1.0,1.0,1.0,1.0045271742683963,1.0,1.0,1.0,1.0,0.9962374259715132,1.0,0.9892552797332346,0.993566833452466,1.0,1.0002131974531911,1.0040160642570282,1.0006671114076051,1.0,1.0,0.9959210949544693,0.9867733818841923,0.9814884276624711,0.9773632140778394,0.9717988157726904,0.9740542115737802,0.9828009828009828,1.0,1.0,1.0,1.0,1.0,1.0,0.9871018689128718,0.984649048981653,0.9804873405672949,0.9748589020010262,0.9778764044943821,0.9882869692532943,1.0,1.0,1.0,1.0,0.9908883354088833,0.9883335880057438,0.9861161837513189,0.9833333333333333,0.9804155251141553,0.9777777777777777,0.9769982626239981,0.9854061996392396,1.0,1.0,1.0,1.0,0.9900142908181493,0.986159169550173,0.9824561403508771,0.98,0.9817232375979112,0.9753751442862639
394466,28,"Cincinnati, OH",msa,OH,0.9712643678160919,0.9738260200153964,0.9799833194328608,0.9860212552423616,0.9882352941176471,0.9892340508599339,0.9881175734834271,0.9852941176470589,0.9817291369285885,0.9795128540013172,0.9760952380952381,0.9764705882352941,0.9736216032646312,0.9759032258064516,0.9824135839902971,0.9863898323986444,0.989832322188064,0.9874429099608526,0.987496091307067,0.9854927463731866,0.9833293641343177,0.981651376146789,0.979883397383837,0.9791579824927052,0.9764963971346423,0.9814358974358974,0.9878716216450234,0.9941176470588236,0.9936088135516299,0.9995483870967742,1.0,1.0,1.0,1.0,1.0,1.0,0.9949832775919732,1.0,1.0,1.0000580127094731,1.0022556390977444,1.0140449438202248,1.0105871029836382,1.0,1.0,1.0,1.0,1.0,1.0,1.0,1.0003710169121303,1.0192307692307692,1.025,1.0150059584072708,1.0006253908692933,1.0,1.0,1.0,0.9963985594237695,0.9865861777353941,0.9834533268204415,0.9900064516129032,1.0,1.0,1.0014524860986809,1.0011764705882353,1.0,1.0,1.0,1.0,1.0,0.99197110308419,0.9851481508712594,0.9989090735240722,1.0,1.0,1.0,1.0,1.0,1.0,1.0,0.9956178950383628,0.9918367346938776,0.9878419452887538,0.9849056603773585,0.9907529722589168,0.994780689079165,1.0,1.0,1.0,1.0,0.9980693345742206,0.9925925925925926,0.9881422924901185,0.9877750611246944,0.986025493025493,0.9833298596637488
394355,29,"Austin, TX",msa,TX,0.984182776801406,0.9871985953960203,0.991998666222074,0.9961240310077519,0.9968739145536645,0.9942857142857143,0.9923076923076923,0.9892989272990643,0.9867799811142587,0.9853687667960586,0.9857142857142858,0.9832940919770032,0.9826086956521739,0.9882352941176471,0.9906806451963077,0.9966655551850617,0.9969879518072289,0.993321949711214,0.9942802617230098,0.991826006447564,0.9896907216494846,0.9889656450161453,0.9894625922023182,0.9883175339518623,0.985997999428408,0.9945750452079566,1.0,1.0,0.997054238552443,1.0,1.0,1.0,1.0,1.0,1.0,1.0,1.0131174089068824,1.0491803278688525,1.076,1.1,1.0966083523440677,1.0878661087866108,1.062676616915423,1.0329041487839772,1.0050025125062814,1.0022476257770374,1.0,1.0,1.000002886801573,1.019370185772542,1.0523025630339653,1.0577350427350427,1.0421052631578946,1.0130448961843679,1.0,0.9906398876407958,0.9823008849557522,0.9787234042553191,0.9749776386404293,0.9655172413793104,0.970873786407767,0.9765315231546386,0.9784735812133072,0.9856886840757808,0.9853039346579754,0.9848449937241419,0.9843442561564282,0.9823961924520243,0.9779165765605322,0.9801960392078416,0.9739191588777061,0.9706751534439645,0.9695997120446331,0.9798125345675778,0.9848853910050418,0.9868881118881119,0.9869666279664581,0.9809871293720718,0.9823529411764705,0.9760479041916168,0.9781811528972462,0.972972972972973,0.9770742084845451,0.9723302589176576,0.9762202753441802,0.9752438109527382,0.9794745439479906,0.9827287913136857,0.9818063600898451,0.9808612440191388,0.9777777777777777,0.9753689481666947,0.975081263543924,0.9744914987232729,0.9740693621447046,0.9729990105712649,0.9737475476321564
394775,30,"Las Vegas, NV",msa,NV,0.9832745905991074,0.9896044051952717,0.9936507936507937,1.0,1.0,1.0,1.0,1.0,0.992852510625992,0.9900257006232656,0.9872988052641155,0.9857812489644452,0.9852941176470589,0.9855670995359553,0.9874581852119839,0.9880139651760101,0.9879032258064516,0.9902200488997555,0.9869298479594558,0.987012987012987,0.9872203168381513,0.9872963214747118,0.9866175978588156,0.9852941176470589,0.9850746268656716,0.9853687667960586,0.9929964982491246,0.9899539116246994,0.9870637875700001,0.9888888888888889,0.990049504950495,0.9901091437946921,0.9930414612931284,0.9922197523023182,0.9931523862721472,0.9907235621521335,0.9935507517624307,1.0,1.0,1.0,1.0008340283569641,1.009105619299794,1.0070802005012531,1.0003705075954057,1.0,1.0,1.0,1.0,1.0,1.000013750655008,1.0056734695723728,1.010016694490818,1.0085470085470085,1.0,1.0,0.9896740845689348,0.9863013698630136,0.9824747742963357,0.98,0.9823182711198428,0.978956687551076,0.9804421768707483,0.9833333333333333,0.9864864864864865,0.990990990990991,0.992616899097621,0.9945972826953586,0.995856550935848,0.9917245706825037,0.9934228555768704,0.9922209874583268,0.9866220735785953,0.9875,0.9898053665910809,0.9923563777994158,0.9980215431963069,1.0,1.0,0.9945947989682405,0.9946595460614153,0.9924024877703863,0.9929989998571225,0.9896907216494846,0.9887096774193549,0.9875411475478145,0.9897665646154915,0.9918449797994913,0.9923175290182963,0.9926439269387387,0.9898477157360406,0.989345509893455,0.989012075837446,0.9864526785541796,0.9864864864864865,0.9861655075311024,0.9866666666666667,0.9848484848484849
394735,31,"Kansas City, MO",msa,MO,0.9884027411702688,0.9919839679358717,1.0,1.0,1.0,1.0,1.0,0.9976907614912212,0.9957873587241997,0.9954977488744372,0.9888449768046548,0.9866666666666667,0.9856057553956834,0.9891919806709826,0.9937106918238994,1.0,1.0,1.0,1.0,1.0,0.9948992335190996,0.9947609441866574,0.9912280701754386,0.9897959183673469,0.9859649122807017,0.9932203389830508,1.0,1.0,1.0,1.0,1.0,1.0,1.0,1.0,1.0,1.0,1.0,1.0,1.0092592592592593,1.0229597635826324,1.035294117647059,1.0317460317460319,1.025,1.016,1.0,1.0,1.0,1.0,1.0,1.001001001001001,1.0294117647058822,1.04,1.0417910447761194,1.0318204830399953,1.0166793120890238,1.0,1.0,1.0,1.0,0.9989140984470251,0.9944193648816937,1.0,1.0,1.003664897812661,1.0096620612397311,1.014127554993758,1.0002411620278093,1.0,1.0,1.0,1.0,1.0,1.0,1.0,1.0,1.0,1.0,1.0,1.0,1.0,1.0,1.0,1.0,1.0,1.0,1.0,1.0,1.0,1.0,1.0,1.0,1.0,1.0,1.0,1.0,0.999120766773163,0.99
394492,32,"Columbus, OH",msa,OH,0.9858740435550324,0.9871244635193133,1.0,1.0,1.0,1.0,1.0,1.0,0.9925704018054261,0.9892183288409704,0.988016776512882,0.9839816933638444,0.9845559845559846,0.9881656804733728,0.9907745446227989,1.0,1.0,1.0,1.0,1.0,1.0,0.9920917358639778,0.9899958298582152,0.9875241519965651,0.9863851069741595,0.9922548473647885,1.0,1.0,1.0,1.0,1.0,1.0000047170033821,1.0,1.0,1.0,1.0,1.0,1.0,1.013856032443393,1.0272887021062203,1.0421008753647354,1.0379091205363378,1.032934131736527,1.0216647205623097,1.0133333333333334,1.0089400080566064,1.0048910626945309,1.0002000400080016,1.0,1.0139703827884885,1.0300176574455562,1.0492560287326835,1.0476751030017657,1.037759439859965,1.0237319683573756,1.000312597686777,1.0,1.0,1.0,0.9940858899993011,0.991997332444148,1.0,1.0,1.001926782273603,1.0149253731343284,1.0129870129870129,1.0120240480961924,1.0000767939359374,1.0,1.0,1.0,1.0,0.992,1.0,1.0,1.0001613163413454,1.0000118052752918,1.000030000900027,1.0,1.0,1.0,1.0,1.0,0.9959210949544693,0.992,1.0,1.0,1.0,1.0,1.0,1.0,1.0,0.9958959258931421,0.9927930578026181,0.9895257372301212,0.9855072463768116,0.9869956652217405
394705,34,"Indianapolis, IN",msa,IN,0.9761904761904762,0.981341808488701,0.9894507093488542,0.9935905687057988,1.0,0.9968786535463756,0.9916939749338853,0.9877404793419142,0.9866577718478986,0.9836155657530372,0.9813084112149533,0.978448275862069,0.9769713886950454,0.9795918367346939,0.9850170068027211,0.9899961167227036,0.9948848770277342,0.9940501474926253,0.990521327014218,0.9885057471264368,0.9852194844729809,0.9859943977591037,0.9843454232017307,0.9820704171450441,0.9787234042553191,0.9837837837837838,0.9888888888888889,0.9957850368809273,0.9945652173913043,0.9970965023177412,1.0,1.0,1.0,1.0,1.0,1.0,0.996520881368651,1.0,1.0,1.0008410428931875,1.0138888888888888,1.0179222135743875,1.012786428661856,1.0046511627906978,1.000312597686777,1.0002857959416975,1.0,1.0,1.0,1.0,1.0060402684563758,1.0201588572132259,1.0241968349816608,1.0188679245283019,1.0004764173415912,1.0,1.0,0.9984875775823461,0.9885714285714285,0.9834970660460166,0.9802921168467387,0.9839354838709677,0.9946737588652482,1.0,1.0,1.0,1.0,1.0,0.9955555555555555,0.9941176470588236,0.9887640449438202,0.9837837837837838,0.9821364773133262,0.9859154929577465,0.995096871088861,1.0,1.0,1.0,1.0,0.996031746031746,0.9916666666666667,0.988949938949939,0.9894736842105263,0.9872879073525451,0.9845260542934962,0.9860664523043944,0.9931408973992569,0.9962092298138253,1.0,1.0,0.9967501378800503,0.9888888888888889,0.9878048780487805,0.984467814317822,0.9867195767195767,0.9829867674858223,0.9808612440191388
394475,35,"Cleveland, OH",msa,OH,0.9644689370952724,0.9684208414055289,0.9755321104405388,0.9808357392803583,0.9856115107913669,0.987573056294127,0.9849117215561289,0.9815218783047456,0.9799635701275046,0.977960372960373,0.9771900826446281,0.9757566852776962,0.9678120922140061,0.9719839908519153,0.9754877438719359,0.9807321057321057,0.9856886840757808,0.988594462349468,0.9875,0.9824135839902971,0.9818071558520315,0.9781007667017145,0.9781357882623706,0.9743362630873702,0.9710303335210674,0.975609756097561,0.9805603201829617,0.9871244635193133,0.9907764860848338,1.0,1.0,1.0,1.0,1.0,1.0,1.0,0.9941897998708844,0.9955401258646694,1.0,1.0019686425615686,1.0117455654911636,1.0237067152948114,1.02,1.0125,1.0,1.0,1.0,1.0,1.0,1.0,1.0047619047619047,1.0202040816326532,1.0268209772060484,1.0285714285714285,1.015271195365982,1.0,1.0,1.0,0.9943714821763602,0.9848484848484849,0.9763131555054894,0.9836526322579455,0.9981818181818182,1.0,1.0005265929436546,1.0027777777777778,1.0002857959416975,1.0,1.0,1.0,1.0,0.9916959064327485,0.9812734082397003,0.9909120936730111,1.0,1.0,1.0,1.0005002501250626,1.0,1.0,1.0,1.0,1.0,0.9884061732801228,0.9866666666666667,0.992595980724196,1.0,1.0,1.0,1.0,1.0,1.0,1.0,1.0,1.0,0.9885057471264368,0.9849942285494421
395059,36,"San Jose, CA",msa,CA,1.0452130237755677,1.0768776313573807,1.0819672131147542,1.1045346897931956,1.086771979035949,1.0614525139664805,1.035379715047616,1.0196853444935288,1.0036734693877551,1.0007147962830594,0.9949908925318761,0.994928432282302,0.9877006288609189,1.0,1.0,1.00004480200713,1.0008144727312756,1.0,1.0,0.9955005624296963,0.9941860465116279,0.9918319719953326,0.9940257352941176,0.9911504424778761,0.9902623123696426,1.0011513578470534,1.0062116801051826,1.0062893081761006,1.0,0.9967195036669118,1.0,1.0,1.0,1.0000909173561232,1.0,1.0,1.0024708669125468,1.0320117735371972,1.0176991150442478,1.0178578698984786,1.0307692307692307,1.0256410256410255,1.0265192699052779,1.0200153964588146,1.0153882575757576,1.018363939899833,1.0126350180024004,1.0510510510510511,1.0636363636363637,1.0376068376068377,1.0701402805611222,1.0486690728626211,1.0400530635820318,1.0105263157894737,0.9949748743718593,0.9893638071570365,0.9894747257628692,0.9852559634941462,0.98,0.9748423890409987,0.9831416875054962,0.9861024674772845,1.0,1.0,1.0151515151515151,1.0353082116158803,1.0390043338148682,1.0333761232349166,1.0309278350515463,1.0251355457619622,1.0115665408470569,1.0052642160675958,1.0050825593395252,1.0398602414929052,1.0574175824175824,1.0729613733905579,1.0625026562566406,1.0514018691588785,1.0250005125002561,1.0220731491986874,1.0164596680082878,1.0293800893349896,1.0176604798907538,1.0056037874289796,1.0075251411756994,1.050605049428984,1.0471227918386719,1.0383446932814022,1.015528882091937,1.0057142857142858,1.0003510003510003,1.0,1.0007977788089983,1.007248081145193,1.0018814825303552,1.000000181818248,1.000218339150695
394902,37,"Nashville, TN",msa,TN,0.9888125975164042,0.9855072463768116,0.9941141848145968,0.9978565304372677,0.995,0.9951965837816779,0.9933110367892977,0.9869008633521882,0.9884678747940692,0.983865763149403,0.9887640449438202,0.9861543786777431,0.982953995157385,0.9895285087719299,0.989159891598916,0.9967213114754099,0.9919658960485326,0.9977434881879943,0.9914529914529915,0.9910892889616294,0.9905285279181351,0.9863448648749429,0.9896938775510205,0.985,0.9891124702904057,0.9953488372093023,0.9928570905304692,0.9927734765625942,0.9908466819221968,0.9967697348693632,1.0,1.0,1.0,1.0,1.0,1.0,1.0,1.0,1.0,1.0057471264367817,1.0150375939849625,1.0204081632653061,1.0209830444779564,1.009224362728169,1.0005408328826393,1.0007695267410543,1.0009584434658025,1.0,1.0,1.0082644628099173,1.0231772144815623,1.0333333333333334,1.0292472631117038,1.014575593026579,1.0,1.0,0.9894507093488542,0.987012987012987,0.9825863258166543,0.97999799959992,0.9777772839396431,0.9821293249036505,0.9894736842105263,0.9904856237624481,0.9944466543258985,0.9935982928781009,0.9912193482708521,0.9908889518835918,0.9866919671094244,0.9854195921270782,0.9843652282676673,0.9820087457140738,0.9821428571428571,0.9866666666666667,0.9892666677436723,0.9923114551185261,0.993162461854997,0.9926382240485455,0.9891780013240696,0.9859959988568162,0.9884615384615385,0.9875214546168429,0.9854202475031215,0.9849983692106979,0.9818181818181818,0.9857706154637408,0.9877469367341836,0.9896907216494846,0.9899979587670953,0.9896907216494846,0.986013986013986,0.9834972495415902,0.9835582845778061,0.9836065573770492,0.9846827133479212,0.9819967266775778,0.9776536312849162
395194,38,"Virginia Beach, VA",msa,VA,0.9866666666666667,0.9847478459237177,0.9884346184212233,0.9899755812965095,0.9917119176907688,0.9908998988877654,0.9901980396079216,0.9949264431327736,0.9875992408482361,0.9832775919732442,0.9851084789542105,0.9847110650427572,0.9849988147726734,0.9872879073525451,0.9871912061125956,0.9910466193269528,0.9933333333333333,0.9983712026106946,0.9936645548516172,1.0,0.9942028985507246,0.9933446422480156,0.993081283809989,0.985582374184832,0.9788359788359788,0.9819093594748018,0.9855839952927331,0.9824937477670597,0.9824937477670597,0.9870689655172413,0.9865755740245105,0.9869608826479438,1.0,1.0,1.0,1.0,1.0,1.0,1.0,1.006825938566553,1.0133333333333334,1.0161290322580645,1.0131939844771658,1.007462686567164,1.0005717552887363,1.0,1.0,1.0,1.0,1.0047150651197607,1.018521949144402,1.0258064516129033,1.025,1.018181818181818,1.008,1.0,1.0,1.0,1.0,1.0,1.0,1.0,1.0,1.0,1.0008340283569641,1.0053340888375493,1.0004085002070857,1.0,1.0,1.0,1.0,1.0,1.0,1.0,1.0,1.0,1.0,1.0,1.0,1.0,1.0,1.0,1.0,1.0,1.0,1.0,1.0,1.0,1.0,1.0,1.0,1.0,1.0,1.0,1.0,1.0,1.0
395005,39,"Providence, RI",msa,RI,0.9803921568627451,0.9818451278251205,0.9855839952927331,0.99141151440094,0.9965505346671266,1.0,1.0,0.9907529722589168,0.9884199839086625,0.9849977269283224,0.9859388943793533,0.9821428571428571,0.9795748228428511,0.9818316548216511,0.9819639278557114,0.988851483525629,0.993170922455027,1.0,0.996826520954024,0.993585618008485,0.9899979157982493,0.9871432244793006,0.9867434879435156,0.9854545454545455,0.9873423579426346,0.9852109612875163,0.9938650306748467,1.0,1.0,1.0,1.0,1.0006064281382656,1.0075013638843426,1.0111896032668635,1.0188496405126601,1.0064516129032257,1.0031919976415815,1.0004547521600728,1.008,1.0192960922328531,1.0242972844211529,1.0351909184726522,1.033505584264044,1.027540124583303,1.01758027297037,1.0108111888111888,1.0074880871341048,1.0067604069179088,1.001001001001001,1.006079027355623,1.0223048327137547,1.029810298102981,1.0355377735937867,1.0380622837370241,1.0233100233100234,1.0064516129032257,1.000256476019492,1.0,1.0,1.0,1.0,1.0,1.0,1.0013112551388754,1.015459230069718,1.0219612959338986,1.023454157782516,1.019002083810234,1.0121884087203536,1.0104102878138395,1.000277854959711,1.0,1.0,1.0,1.0023675139422135,1.01244205903879,1.0171775008420343,1.016831122232189,1.0162241887905605,1.0076923076923077,1.0,1.0,1.0001550721220025,1.0,1.0,1.0,1.0001600256040966,1.003004542435784,1.0060007059654077,1.0100143266475645,1.0002222716159146,1.0,1.0,1.0,1.0,1.0,1.0
394714,40,"Jacksonville, FL",msa,FL,0.9747965327863428,0.9756969263759828,0.980653769179453,0.982089552238806,0.9828223526853663,0.9827586206896551,0.9812273573083203,0.9800016333387778,0.979706088173548,0.9783212896053363,0.9777171441564347,0.9753047827446076,0.9761904761904762,0.9777777777777777,0.98,0.9807481186781015,0.9831624594428465,0.9822580462682657,0.9814814814814815,0.9823001588421065,0.9811320754716981,0.9798282912538401,0.9795748228428511,0.979022609332408,0.9777171441564347,0.9804307539892079,0.9838709677419355,0.9838187702265372,0.9857142857142858,0.9841402226723328,0.9859154929577465,0.9888888888888889,0.9873949579831933,0.9877641824249166,0.9895584761674036,0.9888701630398464,0.9890883068297338,0.9945421467556095,1.0,1.0,1.0,1.0,1.0,1.0,1.0,1.0,1.0,1.0,1.0,1.0,1.0001534832885015,1.00133422340899,1.0019127508204022,1.0,1.0,0.9955506117908788,0.9855072463768116,0.9811065782763896,0.9764009745910198,0.9731951860742338,0.9746462091870359,0.9786609762603361,0.9808612440191388,0.9863013698630136,0.9855769230769231,0.9882352941176471,0.986046511627907,0.9821428571428571,0.9833333333333333,0.9821428571428571,0.9812304279749477,0.9777474609671062,0.9737986270022884,0.9754562617998741,0.9825196724714882,0.9821753364859949,0.9818451278251205,0.9828067524960589,0.9789004767468508,0.9766065967497699,0.9778012684989429,0.976501162758378,0.9738840528849455,0.9740471992596638,0.9744839242146244,0.9779588826163144,0.9793103448275862,0.9793377120963327,0.9789473684210527,0.9770062083237526,0.9722222222222222,0.9736407680827817,0.973305954825462,0.9722222222222222,0.972972972972973,0.9743223443223443,0.9724310776942355
394862,41,"Milwaukee, WI",msa,WI,,,,,,,,,,,,,,,,0.9841534612176814,0.9962846527579309,1.0,1.0,1.0,1.0,0.9913341700859079,0.9871479957278291,0.9873417721518988,0.9886803786325318,0.9802110301025142,1.0,0.996382424643001,1.005455962587685,1.0,1.0011551585857377,1.001103971728456,1.0001123848055742,1.00080064051241,1.0,1.0,0.9814255355976629,1.0,1.0182608695652173,1.0246153846153847,1.02104184215861,1.0437158469945356,1.0305152576288144,1.018458070350062,1.0104771915795538,1.000870322019147,1.0,1.0,1.0,1.003212553212553,1.030081300813008,1.0404161664665867,1.0504685089549939,1.0469624353184375,1.0376297199299827,1.013477088948787,1.0,1.0,1.0,0.9940298507462687,1.0,1.0,1.0001176470588236,1.0133814526752518,1.0373160819905454,1.034750374167948,1.027027027027027,1.0204081632653061,1.011764705882353,1.0001314828445156,1.0,0.9882352941176471,1.0,1.0,1.0,1.0187662677820157,1.0211429281928652,1.0224494332073795,1.0136986301369864,1.008785153942325,1.0,1.0,1.0,1.0,1.0,1.0,1.0006194333481706,1.0117231177942971,1.0120240480961924,1.0170056685561855,1.0138557803853931,1.0002050440598627,1.0000018181884298,1.0,1.0,1.0,0.984
394935,42,"Oklahoma City, OK",msa,OK,0.9665649315506029,0.9843937575030012,0.9954128440366973,0.9855185653824339,0.9869298479594558,0.987862303025012,0.9922648341553917,0.9880146016645981,0.9868073878627969,0.9859154929577465,0.9848484848484849,0.9846153846153847,0.9824561403508771,0.9844145190330589,0.9878910068426198,0.9886362005882775,0.9948506694129763,0.9945302225277779,0.9921568627450981,0.989247311827957,0.9881154156577885,0.98610284058904,0.9878100042034468,0.9868421052631579,0.983567516075256,0.9889163918849283,0.9958120055839925,1.0,0.9969818913480886,1.0,1.0,1.0,1.0,1.0,1.0,1.0,1.0,1.0,1.0,1.0,1.0,1.0014306151645207,1.0005605408801992,1.0003664345914254,1.0,1.0,1.0,1.0,1.0,1.0,1.0011451016769057,1.012317167051578,1.0175438596491229,1.0133333333333334,1.0001770224818551,1.0,1.0,1.0,0.9942857142857143,0.9897058823529412,0.9899848357069609,0.9910510510510511,1.0,1.0,1.0,1.0,1.0,1.0,1.0,0.9931270666036844,0.9899362078396237,0.9871018689128718,0.9876373393108835,0.9919136878814299,0.9938650306748467,1.0,1.0,1.0,1.0,0.9910926438904278,0.995702005730659,0.9879518072289156,0.992145830121782,0.9890707118967988,0.9871010771812562,0.9861495844875346,0.989637027491409,0.9952962203830977,0.9931934990970969,1.0,0.989637027491409,0.9895337047252715,0.9896154281189911,0.9871244635193133,0.9873417721518988,0.9869033617563461,0.9846516263477394
395012,43,"Raleigh, NC",msa,NC,0.9894422436387262,0.9933879781420765,1.0,1.0,1.0,1.0,1.0,1.0,1.0,0.9939759036144579,0.9925155291100793,0.9934280613860815,0.988591934990336,0.9932118613790639,0.9970502244709589,1.0,1.0,1.0,0.9952752976190476,0.9949972206781545,0.9935571380128857,0.9921152969455842,0.9911937938052591,0.9894736842105263,0.9894736842105263,0.9945945945945946,1.0,1.0,1.0,1.0,1.0,1.0,1.0,1.0,1.0,1.0,1.0,1.0058823529411764,1.0222222222222221,1.0334448160535117,1.0455903364073256,1.0576923076923077,1.064516129032258,1.0555555555555556,1.0447263571009144,1.0405405405405406,1.0334264432029796,1.0333333333333334,1.027027027027027,1.04,1.0646153846153845,1.0735294117647058,1.069182389937107,1.0422535211267605,1.0174675819984744,1.0,1.0,0.9895722494147691,0.9857142857142858,0.9836065573770492,0.9789473684210527,0.9890909090909091,0.9936170212765958,1.0,1.0,1.0,1.0,1.0,1.0,0.9995453512161855,0.9935483870967742,0.988148112270845,0.9871018689128718,0.9967741935483871,1.0,1.0,1.0,1.0,0.9946252004529668,0.9931536658855038,0.9892763971667649,0.9894736842105263,0.9878787878787879,0.9888595217576037,0.9857728875780907,0.991120423772933,0.9918367346938776,1.0,0.9945054945054945,0.9916951401732443,0.9893394216133942,0.9863898323986444,0.9863701668080789,0.9863013698630136,0.9844914357993604,0.9829059829059829,0.9799777282850779
394849,44,"Memphis, TN",msa,TN,0.9683873549419768,0.9838709677419355,0.9846153846153847,0.9922530664945126,1.0,1.0,0.9912663755458515,0.993006993006993,0.992836260095695,0.9857142857142858,0.9945533769063181,0.9823604038238185,0.9705882352941176,0.9859130007525672,0.9897384275605102,0.9962264150943396,1.0,1.0,1.0,0.9954946727549467,0.9939759036144579,0.9915611814345991,0.9881584718969696,0.9965371296652559,0.9816462736373749,0.9934640522875817,0.9960666052556192,1.0,1.0,1.0,1.0,1.0,1.0,1.0,1.0,1.0,1.0,1.0,1.0,1.0,1.0127272727272727,1.0177418680928407,1.0,1.0,1.0,1.0035467671060891,1.0,1.0,1.0,1.0013828643245835,1.0165316581253099,1.0195238095238095,1.0173598751403303,1.0083333333333333,1.0,1.0,1.0,1.0,1.0,0.9888053467000836,0.9910913140311804,0.994729907773386,0.9964027245636441,1.0,1.0,1.0,0.9999,1.0,0.9924937447873228,0.9846153846153847,0.9852299978199259,0.9817813765182186,0.9819669872413128,0.9839357429718876,0.9854311956741459,0.9894084887854304,0.9945062192259697,0.9893272716918813,0.9951269556296486,0.9856115107913669,0.9870574279629294,0.9851970394078816,0.9833841980332316,0.9840620954291512,0.9818451278251205,0.984375,0.9863432384185866,0.9882352941176471,0.9875988576449912,0.9900439432152337,0.9861351403306421,0.9837225020952931,0.9824233444717652,0.9810723668497732,0.9809825195901145,0.9802493339489727,0.9789316875931049
395022,45,"Richmond, VA",msa,VA,0.9883438635643953,0.999881575830943,1.0,1.0,1.0,1.0,1.0,1.0,0.9955154336351446,0.9903279493615629,0.992831541218638,0.9910860747450183,0.9886923746013337,0.9868247465629774,1.0,1.0,1.0,1.0,1.0,0.9991947278911565,1.0,1.0,0.9981447124304267,0.9960018109026995,0.9919114516815666,0.996414417814682,1.0,1.0,1.0,1.0,1.0,1.0,1.0,1.0001666944490748,1.0,1.0,1.0,1.0002942041776994,1.0094241260043293,1.025772534940377,1.0358476674921357,1.031572366364489,1.0273224043715847,1.0178571428571428,1.0077698284483423,1.0065963060686016,1.0093505146655262,1.0022766122766122,1.0004410865315179,1.0229559748427672,1.0335486559699938,1.0492753623188407,1.0524691358024691,1.03707083431574,1.0212770837014675,1.0002857959416975,1.0,1.0,1.0,1.0,1.0,1.0,1.0,1.0017537647537647,1.0157043581028287,1.0140746023256275,1.011092925986543,1.0038462674226318,1.0,1.000080006400512,1.0,1.0,1.0,1.0,1.0,1.000312597686777,1.005691056910569,1.0006027727546716,1.0000006250007814,1.0,1.0,1.0,1.0,1.0,1.0,1.0,1.0,1.0,1.0,1.0,1.0,1.0,1.0,1.0,1.0,1.0,0.9975167913669097
394807,46,"Louisville, KY",msa,KY,0.98,0.9838998211091234,0.9930715935334873,0.9901315789473685,0.9922816293097029,0.9942471042471043,0.9876923076923076,0.9888579387186629,0.9918087783058429,0.9853454006238176,0.9847288046340179,0.9824252532740301,0.9806734578381437,0.9801894073172965,0.9866220735785953,0.9902290076335878,0.9923693726913398,0.9931985973548458,0.99,0.9876647830829917,0.9896348012889367,0.9857842375252603,0.984992496248124,0.9827075056602161,0.9793306886379819,0.9851385628854525,0.9885659189209801,0.9951557093425606,0.988485607008761,0.9958677685950413,0.9978936282253817,1.0,1.0,1.0,1.0,1.0,0.9946236559139785,1.0,1.0,1.0,1.0,1.0,1.0,1.0,1.0,1.0,1.0,1.0,1.0,1.0,1.0,1.0,1.0003449465332874,1.0,1.0,1.0,1.0,1.0,0.9960852544584602,0.9874213836477987,0.9847668872134174,0.9895827001307526,1.0,1.0,1.0,1.0,1.0,1.0,1.0,0.9955555555555555,0.9941864831038798,0.9896726794791555,0.9868271463105239,0.9888653755718011,1.0,1.0,1.0,1.0,1.0,1.0,1.0,1.0,0.9988594554819721,0.9898019796039592,0.9879759036144578,0.9912273951519815,1.0,1.0,1.0,1.0,1.0,1.0,0.9935571380128857,0.9900826446280991,0.9888125748701824,0.9865565243802124,0.9852941176470589
394910,47,"New Orleans, LA",msa,LA,0.9746893105755405,0.978755641521599,0.9751704957592727,0.9826986441469736,0.9787593984962406,0.9803921568627451,0.9795395081109366,0.9747155095256361,0.9782608695652174,0.9742650888426219,0.9756468233375343,0.9700104445756323,0.9714285714285714,0.9726725335803613,0.9794555238999683,0.9781578487031471,0.9807975947356478,0.9818181818181818,0.9823321554770318,0.9803921568627451,0.9799720793839415,0.9777777777777777,0.979845097694068,0.9772362355622313,0.971657172218396,0.9765926977940402,0.981285803627267,0.9806451612903225,0.9799430776296425,0.9846153846153847,0.982406701353225,0.9839357429718876,0.9857612267250822,0.9864102882039163,0.9855072463768116,0.9906067152759024,0.9851245816288583,0.9879100007305135,0.9967637540453075,1.0,1.0,1.0,1.0,1.0,0.9939959973315544,1.0,0.9923076923076923,0.9881002949852506,0.9954859597149156,0.996447740600207,1.0,1.0,1.0,1.0,1.0,0.9863157894736843,0.9811320754716981,0.977961432506887,0.9790209790209791,0.9782608695652174,0.974293059125964,0.9732698402388164,0.9777777777777777,0.979493178577139,0.979743810156423,0.981226533166458,0.9807767752059631,0.9767441860465116,0.9732438478747204,0.9717157231660849,0.9658610648791901,0.9690909090909091,0.9621280124890234,0.9735449735449735,0.97265625,0.9776536312849162,0.9761904761904762,0.977670629029882,0.9767441860465116,0.9734151329243353,0.9692307692307692,0.9746675009224944,0.9717370467011024,0.9710563793247884,0.970873786407767,0.9731543624161074,0.9762609185686109,0.9752438109527382,0.9764009745910198,0.9752519325983798,0.977610693400167,0.9746835443037974,0.9742120343839542,0.9733333333333334,0.9733333333333334,0.9746328437917223,0.9713332936342524
395053,48,"Salt Lake City, UT",msa,UT,0.9992712203486711,0.9963250306247448,1.0,1.0,1.0,1.0,1.0,1.0,1.0,1.0,0.9932146832037536,0.9902147971360382,0.9886363636363636,0.990552232869825,1.0,1.0,1.0,1.0,1.0,1.0,0.999245283018868,0.9960620811178291,1.0,0.9967320261437909,1.0,1.0,1.0,1.0,1.0,1.0,1.0,1.0,1.0016054421768708,1.0,1.0033392401692156,1.0,1.0002381519409382,1.0108270556591816,1.0302306432494548,1.0419560989163656,1.0427350427350428,1.0416688368100766,1.0309278350515463,1.0178174603174601,1.0084033613445378,1.0015517033826893,1.0001835353653854,1.000258227915264,1.001001001001001,1.0232237295930098,1.0360721442885772,1.039064847881662,1.0255863539445629,1.005553613832379,1.0,1.0,0.9936719420875362,0.9912280701754386,0.9881764338005371,0.9863472658245787,0.9881791316208229,0.9921798961038961,1.0,1.0,1.0,1.0,1.0,1.0,1.0,0.9955056179775281,0.9948979591836735,0.9920245979186376,0.9903474903474904,1.0,1.0,1.0,1.0,1.0,1.0,0.9966666666666667,1.0,1.0,0.9979150215525048,0.9971193158843398,0.9976836349804713,1.0,1.0,1.0,1.0,1.0,0.9987301587301587,0.9967695652173914,0.9930555555555556,0.9958289885297185,0.9961389961389961,0.9919839679358717,0.9903379387602689
394669,49,"Hartford, CT",msa,CT,0.9757365314541053,0.9767441860465116,0.9837984816893449,0.9821109420978424,0.9850397759451484,0.9853720380984987,0.9884702504847585,0.984945463449961,0.9824536658786784,0.9842202081951761,0.9797297297297297,0.9803034278073639,0.9800989996058809,0.9796999117387467,0.9789473684210527,0.9876807897819502,0.9857593510590357,0.9912315508631029,0.9899947340705635,0.9859490354846392,0.9831966393278656,0.982078853046595,0.9818181818181818,0.9818181818181818,0.9787048948201346,0.9804412009926532,0.9836612204068023,0.9898061300726801,0.9893864455366381,0.9899327087727744,1.0,1.0,1.0,1.0,1.0,1.0,1.0,1.0,1.0005562940856878,1.0156661229713668,1.0285714285714285,1.0344043708993422,1.0319148936170213,1.0204102461560252,1.0126050420168067,1.0008481764206956,1.0034113712374582,1.0043668122270741,1.0004168403501459,1.0086455331412103,1.029378569609662,1.0480887792848335,1.0556296447242826,1.0501312664083011,1.0388611004232398,1.0222222222222221,1.0153846153846153,1.0155048076923077,1.0074859066349577,1.002865329512894,1.0004001600640255,1.0004001600640255,1.02271069862309,1.0287673842636693,1.0470252013510002,1.0588235294117647,1.052021491963519,1.0500783699059562,1.0459299681673488,1.0400308166409862,1.0311407634301126,1.018707167994073,1.012002824193928,1.0145031129870714,1.032064128256513,1.046220798037163,1.050531914893617,1.0500002625001312,1.052882324916627,1.0402080416083217,1.0308829926054806,1.0153846153846153,1.0197609172969018,1.0152136752136751,1.0002942041776994,1.0141706029452626,1.0202040816326532,1.0417385305277682,1.0455320128972825,1.0535261464524812,1.0377358490566038,1.0294985250737463,1.0211163309180669,1.019390825779151,1.015625,1.0069818857275195,1.0004446420631392
394425,50,"Buffalo, NY",msa,NY,0.9836356659116154,0.9803016312711603,0.9824749440589684,0.9861838970938542,1.0,1.000220327754202,1.0005002501250626,1.0,1.0,1.0,0.9869604249493718,0.9842346538105714,0.9851600991181966,0.9834171906168472,0.9810407962158935,0.9851301115241635,1.0,1.0004001600640255,1.0001942124684404,1.0,1.0,1.0,0.9929026387625114,0.9901185770750989,0.9861325115562404,0.9783407477046999,0.9923969587835134,1.0,1.0002900000596986,1.0,1.0,1.012408583525789,1.0236578707916288,1.0202730277649399,1.028349082823791,1.0193823716266608,1.0125902803977302,1.0049474556316227,1.0177544386096524,1.0307765151515151,1.0744362472160356,1.0925771476230193,1.0978127458693943,1.0740877965776077,1.0632911392405062,1.0505252626313157,1.0419560989163656,1.0347705946692765,1.0257326661901358,1.025286384887361,1.0221243269701419,1.064,1.1003667889296431,1.1164549653579678,1.0975871145212976,1.060113257428608,1.0425425154402699,1.025468242595874,1.017751479289941,1.013856032443393,1.0002126768007513,1.0,1.0003453574676135,1.0192525481313703,1.0489110774906716,1.0505252626313157,1.0666666666666667,1.06,1.0545688192988822,1.0583941605839415,1.032258064516129,1.0237448222924317,1.0116105299459708,1.0,1.0006354843307086,1.0275051375256876,1.0437695706794503,1.0631644777986242,1.0646153846153845,1.05318588730911,1.0465116279069768,1.0333333333333334,1.0300142270977433,1.0170056685561855,1.0098039215686274,1.0,1.0005265929436546,1.0282483646375895,1.0597233666862862,1.0720208494184886,1.0588235294117647,1.0477405247813412,1.037344398340249,1.0277777777777777,1.0228426395939085,1.0104210087536474,1.0005717552887363
394388,51,"Birmingham, AL",msa,AL,0.9806451612903225,0.9810719850912089,0.9848181575563482,0.9867073061956987,0.9888090016088064,0.9883953581432573,0.9873248832555037,0.9872694206287347,0.9847288046340179,0.9824937477670597,0.9834335583362028,0.9836065573770492,0.9828660593816568,0.9857142857142858,0.9862759314770526,0.9880881477069684,0.991107817710263,0.9919332421182595,0.9891891891891892,0.9902912621359223,0.9849478061067085,0.9851205746536685,0.9842521471449381,0.9829311359623308,0.9840248715869153,0.9887424498335214,0.9925925925925926,0.9969402016416457,0.999756216479766,1.0,0.9963985594237695,1.0,1.0,1.0,1.0,1.0,1.0,1.0,1.0,1.0,1.0035211267605635,1.0082437608104768,1.0127272727272727,1.0036926807076956,1.0,1.000374266006835,1.0,1.0,1.0,1.0033444816053512,1.0119613802967995,1.0161001788908766,1.0201707360455368,1.0183020289403268,1.0014546985807118,1.0,1.0,1.0,1.0,0.9862937581033525,0.9839893262174784,0.987987012987013,1.0,1.0,1.0,1.0,1.0,1.0,0.9935897435897436,0.9975886369420306,0.9952153110047847,0.9885931558935361,0.9861932938856016,0.9879046955469541,0.9942545144408115,1.0,1.0,1.0,1.0,0.9903152141648854,0.9910741766697445,0.9875,0.9868613138686131,0.9892666073403922,0.9831380394398399,0.9845603108241301,0.9904036325512864,1.0,1.0,0.9964200477326969,0.9961685823754789,0.992,0.986159169550173,0.9839324500362882,0.9869646182495344,0.9817212384452612,0.9815018866976826
395031,52,"Rochester, NY",msa,NY,0.9858095147256754,0.9803921568627451,0.9846074857661435,1.0,1.0,1.0,1.0,1.0,1.0,0.9877551020408163,0.9883236030025021,0.9849315068493151,0.9789473684210527,0.9794097731821214,0.9949892627057981,1.0,1.0,1.0,1.0,1.0,1.0,1.0,1.0,0.9904952476238119,0.9884392634392635,0.9937888198757764,1.0,1.000010000100001,1.0006253908692933,1.0,1.0158730158730158,1.0170056685561855,1.0217363545884182,1.0207526400477684,1.0142959256611865,1.0087536473530638,1.0021786492374727,1.000482791418976,1.0309278350515463,1.0518518518518518,1.0954039708059002,1.1107404936624417,1.0845183687692046,1.0783544436440926,1.0606060606060606,1.045603089720737,1.041237113402062,1.03712186499867,1.0392609699769053,1.0265860148000332,1.0842368640533777,1.1035172528754793,1.1402438163704105,1.1547344110854503,1.100440176070428,1.0756395995550612,1.0546014416684162,1.0461538461538462,1.0366339266273379,1.030774427993684,1.0160120041592604,1.0196078431372548,1.0528317454352463,1.0969229414871764,1.135667090847253,1.1637747035573123,1.1557788944723617,1.1345118205352072,1.1097445255474452,1.0837849103793247,1.06294289287203,1.042535446205171,1.063729510952144,1.0631644777986242,1.1162432640492688,1.157473563875393,1.1684373922042084,1.1848341232227488,1.1720983419096627,1.1200342955130038,1.1198307041169682,1.0804321728691477,1.0718113612004287,1.06,1.0581732034745985,1.0329244673983216,1.1004952256039986,1.1457286432160805,1.163135279300637,1.1551449833205027,1.1556783416834044,1.112392633226007,1.0940853004291844,1.0804170914596996,1.075843144983442,1.0552763819095476,1.037274368759414
394640,53,"Grand Rapids, MI",msa,MI,0.9814746202297147,0.9871508379888269,0.9945890992071619,1.0,1.0,1.0003725532986565,1.0,1.0,1.0,0.9923455496155941,0.9919028340080972,0.9977765425236242,0.9917598587404356,0.9880089745471539,0.9919790800332673,1.0,1.0,1.0,1.0,1.0,1.0,0.9951325040562466,0.996694214876033,0.9888418622547134,0.984990143621515,0.992305324715297,1.0,1.0,1.0,1.0,1.0,1.0004001600640255,1.0002703433360367,1.0,1.0,1.0,1.0,1.0,1.0210830921868541,1.03535722312502,1.0416666666666667,1.0456028169014084,1.0372200357781753,1.024989237613005,1.0139394354617703,1.0062893081761006,1.0050251256281406,1.0008340283569641,1.0005002501250626,1.025,1.047100427352603,1.056142301278488,1.0545454545454545,1.0388611004232398,1.0166666666666666,1.000210780932035,1.0,1.0,1.0,0.9960585671687439,0.989136649514008,1.0,1.0,1.0133333333333334,1.0230128948862944,1.0211264949474312,1.0105052526263132,1.0067178749186985,1.0,1.0,1.0,1.0,1.0,1.0,1.0002361670657718,1.0051880761725323,1.0067763794772506,1.0051407413635483,1.0000696507726619,1.0,1.0,1.0,1.0,0.9920506692941247,0.9882352941176471,1.0,1.0,1.0,1.000277854959711,1.0002235206135315,1.0,1.0,1.0,1.0,0.9939984996249063,0.9914655555725918,0.984375
395167,54,"Tucson, AZ",msa,AZ,0.9825581395348837,0.9838998211091234,0.9840121232776669,0.9880774697938877,0.9888827126181212,0.98945841184425,0.9878952088622786,0.9890692103947176,0.9888620565601598,0.9911091349241639,0.9863013698630136,0.989010989010989,0.9877024388902637,0.9884464219503152,0.9880458648450842,0.9896192528735632,0.9937106918238994,0.9922307976672777,0.9920697435897435,0.9952718411875168,0.9906113027086266,0.9916317991631799,0.9994982718251756,0.9894736842105263,0.9883449883449883,0.9933316786211732,1.0,1.0,0.9960852544584602,1.0,1.0,1.0,1.0,1.0,1.0,1.0,1.0,1.0,1.0,1.0005211047420532,1.0090976933514246,1.0127659574468084,1.0092307692307692,1.0025706940874035,1.0,1.0,1.0,1.0,1.0,1.0,1.0,1.0071942446043165,1.0111167284574767,1.0018032458425166,1.0,1.0,0.993368794326241,0.9953379953379954,0.9877155172413794,0.9858247422680413,0.9850746268656716,0.9882352941176471,0.9970709284047063,1.0,1.0,1.0,1.0,1.0,1.0,1.0,0.9959072305593452,0.9904761904761905,0.9888640873015873,0.990704952317216,0.9959839357429718,0.994324859530211,0.9980409545732175,0.993683510638298,0.992,0.991304347826087,0.9909346670834636,0.9887640449438202,0.9875898058895334,0.9868421052631579,0.9860335195530726,0.9881422924901185,0.9883036935704514,0.9886792452830189,0.99,0.9866666666666667,0.9846827133479212,0.9866666666666667,0.9850760971306975,0.9874542568958959,0.986,0.9864405221548078,0.9836065573770492
753924,55,"Urban Honolulu, HI",msa,HI,,,,,,,,,,,,,,,,,,,,,,,,,,,,,,,,,,,,,1.0,1.0,1.0,1.0,1.0,1.0023614460515398,1.002450848209203,1.0013531799729365,1.002599486521181,1.00143899745027,1.0005012175880634,1.0000080000640006,1.0,1.0,1.0094348019581663,1.0018214936247722,1.0066666666666666,1.0026186803770352,1.0,1.0,1.0,1.0,1.0,1.0,1.0,0.988185443668993,0.9923076923076923,1.0,1.0,1.0,1.0,1.0,1.0,0.9931739819215357,0.9846827133479212,0.9913303213322939,0.9904761904761905,0.9927007299270073,0.9904761904761905,0.9938832772166105,1.0,1.0,0.9986646747874053,0.992031746031746,0.9906604402935291,1.0,0.9919091333437062,0.9911504424778761,0.9893020594965675,0.9873935670114014,0.9899749373433584,0.989522700814901,0.9902439024390244,0.9912778904665315,0.9915248150542268,0.9878419452887538,0.9886684643040575,0.9881656804733728,0.9876543209876543,0.9841269841269841,0.9823529411764705
395169,56,"Tulsa, OK",msa,OK,0.9788732394366197,0.9789189189189189,0.9861611687895107,0.9833366111220371,0.9846153846153847,0.9855578727841502,0.9836065573770492,0.9850049250492505,0.9821428571428571,0.9786779414438989,0.976404464593441,0.9780054453448578,0.974102413184226,0.9798994974874372,0.9833574598730573,0.9865053513261982,0.9899314251639832,0.9883953581432573,0.990255575619865,0.989247311827957,0.9849195519927227,0.9842312474098632,0.9861161837513189,0.9866182181748996,0.9792060491493384,0.9854927463731866,0.9899982752673335,0.9946075494307969,0.9932526756630992,1.0,1.0,1.0,1.0,1.0,1.0,1.0,0.9974293059125964,1.0,1.0,1.0,1.0,1.0,1.0,1.0,1.0,1.0,1.0,1.0,1.0,1.0,1.0,1.0026125217710147,1.0069444444444444,1.0085049244919995,1.0,1.0,1.0,1.0,1.0,0.9846153846153847,0.985373364126251,0.9836338888919257,1.0,1.0,1.0,1.0,1.0,1.0,1.0,0.9925764192139738,0.9878640776699029,0.9895203628397569,0.9863013698630136,0.9885822922324823,0.9901176997541477,0.9968399934040565,0.9941897998708844,0.9942307692307693,0.9946808510638298,0.9905542168674699,0.9884173322508194,0.9891347353684147,0.9832635983263598,0.9862075072474397,0.9836065573770492,0.9860342111275724,0.9947089947089947,0.9978308026030369,1.0,0.9943181818181818,0.9939375568354046,0.9918367346938776,0.9881638485353657,0.988,0.9871773795824429,0.987130739982451,0.9864864864864865
394619,57,"Fresno, CA",msa,CA,1.0,0.9996771068776236,1.0,1.0,1.0,1.0,1.0,1.0,1.0,1.0,1.0,0.9874555009323615,0.9910285036107256,0.9863851069741595,0.98908758430702,1.0,1.0,1.0,0.993322203672788,1.0,1.0,1.0,0.996551724137931,1.0,0.9937304075235109,0.9915329347905307,1.0,1.0,0.9975637902295166,1.0,1.0,1.0,1.0000036129164287,1.0,1.0,1.0,1.0,1.0,1.010909090909091,1.0133453679721633,1.0164544269730018,1.0203389830508474,1.0210815765352887,1.0100588522959142,1.015228426395939,1.0126582278481013,1.0085106382978724,1.00860125646711,1.0013351134846462,1.0133333333333334,1.0212356003771572,1.0256132756132756,1.020986160792312,1.008,1.0002598077422706,1.0,1.0,1.0,0.9924011544633567,0.9924812030075187,0.9852631578947368,1.0,1.0,1.0,1.0,1.0002222716159146,1.000014706098619,1.0,1.0,1.0,1.0,1.0,1.0,1.0,1.0,1.0,1.0,1.0,1.0,1.0,1.0,1.0,1.0,1.0,1.0,1.0,1.0,1.0,1.0,1.0,1.0,1.0,1.0,1.0,1.0,1.0,1.0
395238,58,"Worcester, MA",msa,MA,0.9852535684566697,0.9845956100454816,0.987404782527342,0.9932139346329092,1.0,1.0,1.0,0.9963589483720033,0.9936011616650533,0.9921079667507238,0.9856886840757808,0.9851470142467414,0.9821673525377229,0.9887355236731559,0.9959072305593452,0.9970579582230068,1.0,1.0,1.0,1.0,1.0,0.9963234981362282,0.992947325662367,0.9974646422379454,0.988450552634847,0.9839494358854297,0.9976617303195635,1.0001070710438893,1.0,1.0,1.0,1.0003705075954057,1.008510876585321,1.0100032268473702,1.0130071230774975,1.0063430104903635,1.0003077870113881,1.0043842864656778,1.0232558139534884,1.0333333333333334,1.0526592943654556,1.0546060858691122,1.046770601336303,1.035137159542799,1.018895887365691,1.0147492625368733,1.0087246497634883,1.0143406785589366,1.0087946197620279,1.015329968579947,1.0320710612435717,1.0416429811168095,1.0658227848101265,1.0538162000171307,1.0368181320670522,1.0144306536561465,1.0003573844970717,1.0001428775539363,1.0001015641470645,1.0,1.0,1.0,1.0057605177993527,1.0166666666666666,1.0328602236471016,1.0344827586206897,1.0300111152278622,1.0217405183164292,1.0263680128513397,1.0175682727430857,1.0120481927710843,1.0003084444573558,1.0,1.0,1.0085470085470085,1.0170056685561855,1.0219612959338986,1.0194986072423398,1.0166666666666666,1.0118632240055827,1.007275132275132,1.0001547860015054,1.0000021520193356,1.0,1.0,1.0,1.0003334444814937,1.0084638259820742,1.013424585417215,1.0080106809078773,1.0072735928903935,1.0001436104698045,1.0,1.0,1.0,1.0,0.9955377750423142
394938,59,"Omaha, NE",msa,NE,1.0,1.0,1.0,0.9987277353689568,1.0,1.0,0.993697270471464,0.994885614499163,0.9934107967667436,0.9889343562765411,0.9862703551108496,0.9927942353883107,0.9769323671497585,0.9873417721518988,0.9925462624786949,0.9878787878787879,1.0,1.0,1.0,1.0,1.0,0.9953550554249244,0.9865771812080537,0.9794508040894281,0.9799988587080575,0.9790710382513661,0.9911111111111112,0.992462311557789,0.9971408148677627,1.0,1.0,1.0,1.0,1.0,1.0,1.0,1.0,1.0,1.0114942528735633,1.0193548387096774,1.0240963855421688,1.0235571587125416,1.0142857142857142,1.0030395136778116,1.0,1.0,1.0,1.0,1.0,1.0002632271650433,1.0227808849010962,1.0321962806087774,1.0319817351598175,1.0224494332073795,1.0085714285714287,1.0,1.0,1.0,1.0,1.0,1.0,1.0,1.0,1.0008638094980462,1.001868171497262,1.0,1.0,1.0,1.0,1.0,1.0,1.0,0.9930552206414276,1.0,1.0,1.0,1.0,1.0,1.0,1.0,1.0,1.0,0.9935748550684373,0.9959982214317474,0.9866220735785953,0.9958970225853667,1.0,1.0,1.0,1.0,1.0,1.0,1.0,0.9968147697301684,0.989904536622455,0.9922480620155039,0.9885714285714285
394415,60,"Bridgeport, CT",msa,CT,0.9701492537313433,0.9665504368198639,0.970873786407767,0.9712,0.9744367899763137,0.9774432224122627,0.9764009745910198,0.9736494931259547,0.9736772834956567,0.9717142834052477,0.9717391304347827,0.9714285714285714,0.9682804674457429,0.9635700066357,0.9708395195033068,0.9734908048578613,0.9759395573022804,0.9774436090225563,0.9761537897131117,0.973592958122166,0.9690721649484536,0.9715994020926756,0.9723611111111111,0.97092679576756,0.9684447605500237,0.9656778248484995,0.974829801997124,0.9767441860465116,0.9741379310344828,0.9798994974874372,0.9844444444444445,0.9895722494147691,0.9904534606205251,0.9899497487437185,0.9928443649373881,0.9974996106121178,0.9902912621359223,0.9877469367341836,1.0,1.0,1.0002667377967458,1.0108695652173914,1.008955223880597,1.0001562744178778,1.0,1.0,1.0,1.0,1.0,1.0,1.0078482227402938,1.0305516094235343,1.0401843420893013,1.0410069641948825,1.0294117647058822,1.0068487292558548,1.0,1.0,1.0,1.0,1.0,0.9904761904761905,1.0,1.0114946325350949,1.0131450206971016,1.033560030491489,1.0246031038027585,1.032719836400818,1.0185185185185186,1.017391304347826,1.0035714285714286,1.0058157227387996,1.0,1.000148170099274,1.0126265783222903,1.0149253731343284,1.018181818181818,1.0293066476054324,1.0228977798114411,1.0142857142857142,1.0030349013657056,1.0003334444814937,1.0010825726774506,1.001446429994933,1.0,1.0,1.0022271714922049,1.0210526315789474,1.0223048327137547,1.0271400538073063,1.0147058823529411,1.0118632240055827,1.0001538698261272,1.0002222716159146,1.0,1.0,1.0002000400080016
394653,61,"Greenville, SC",msa,SC,0.9792050539615689,0.9842351360182615,0.986435796730323,0.9885057471264368,0.9890805817256819,0.9920792153932656,0.9864917916761127,0.9873246689048629,0.9834539636911179,0.9837294808412431,0.9839090425324102,0.9821919255971253,0.978921043229725,0.981863664790494,0.9862987987987988,0.9847748675130581,0.9880199309217916,0.9891048724347182,0.986046511627907,0.9846153846153847,0.987169193072988,0.9837432263443101,0.9834972495415902,0.9824561403508771,0.9791304347826087,0.9819872885669823,0.9866666666666667,0.986798239765302,0.9882005899705014,0.9873490469954896,0.9897956527398152,0.9910130761567469,0.9900982950612445,0.9925460965084347,0.9938366571699905,0.9941926287101128,0.9917142857142857,0.992824157321738,1.0,1.0,1.0,1.0026835813613075,1.0040088324486423,1.0,1.0,1.0,1.0,1.0,1.0,1.0,1.0085106382978724,1.0125,1.0152321326992275,1.001551638530288,1.0001869508319312,1.0,1.0,1.0,0.9944994499449945,0.9851023691949176,0.9801458271750911,0.9818181818181818,0.9882934324453396,0.990591923289692,0.9935182242713793,1.0,1.0,0.9938775510204082,0.9910613520828548,0.988450552634847,0.9853687667960586,0.9841269841269841,0.9849495141931797,0.9865470852017937,0.9891342912095491,0.9910344827586207,0.9923076923076923,0.990279045444457,0.9907692307692307,0.9870972397161971,0.9881882493906393,0.9849749582637729,0.9848661028893587,0.9854545454545455,0.9816632709761067,0.9834972495415902,0.9873417721518988,0.9872263008858753,0.9891489400046858,0.9874326750448833,0.9872441508574403,0.9854014598540146,0.9840883636504074,0.9833841980332316,0.984,0.9807730029730883,0.978645707911062
394312,62,"Albuquerque, NM",msa,NM,0.9802586793737236,0.9825581395348837,0.9854457246816253,0.9868570454705761,0.9883837255832566,0.9879518072289156,0.9864188706218727,0.9850746268656716,0.9854057891700809,0.9832635983263598,0.9819805194805195,0.9810763520338484,0.9840634920634921,0.9823343215710751,0.9858130229174246,0.9918365986938558,0.9943926858642871,0.9947826086956522,0.9897980204728671,0.990909090909091,0.9914893617021276,0.9883270789482623,0.9872611464968153,0.9880952380952381,0.9859154929577465,0.9882261397222295,1.0,1.0,1.0,1.0,1.0,1.0,1.0,1.0,1.0,1.0,1.0,1.0,1.0,1.0012515644555695,1.0055762081784387,1.0135159817351598,1.0111941857065285,1.0,1.0,1.0,1.0,1.0,1.0,1.0030627143163309,1.0179939668174962,1.0235294117647058,1.0218181818181817,1.0161290322580645,1.000022405913497,1.0,1.0,1.0,1.0,1.0,0.995575221238938,0.9959511515449553,1.0,1.0,1.0,1.0,1.0,1.0,1.0,1.0,1.0,0.998272884283247,0.9914529914529915,1.0,1.0,1.0,1.0,1.0,1.0,1.0,1.0,0.9919459459459459,0.9927007299270073,0.9910014575411914,0.9884937877656325,0.9945205479452055,0.9932584269662922,1.0,0.9977884615384616,0.9973521624007061,1.0,0.9899749373433584,0.9916434540389972,0.9897697540554684,0.987012987012987,0.9889898989898991,0.9859649122807017
394357,63,"Bakersfield, CA",msa,CA,0.9923371647509579,0.9928336816960287,1.0,1.0,0.9989921328703086,0.9925711630743319,1.0,1.0,0.9966654316413487,1.0,0.9917898193760263,0.9929221725734095,0.9886363636363636,0.990909090909091,0.9913597089586176,0.9963704006170319,1.0,1.0,0.9974966847358258,1.0,1.0,0.995035176044212,0.9883153261304523,0.9920509747019115,1.0,1.0,1.0,1.0,1.0,1.0,1.0,1.0,1.0,1.0,1.0,1.0,1.0000027027100074,1.0,1.0,1.0027855153203342,1.0085495067592254,1.0114285714285713,1.017622720191766,1.0121951219512195,1.0099861414810967,1.000645577792124,1.000058826989823,1.0001958959367927,1.0,1.000330174349279,1.0057142857142858,1.0133333333333334,1.0092066988618713,1.0003449465332874,1.0,1.0,1.0,1.0,1.0,0.989010989010989,0.992905531853182,1.0,1.0,1.0,1.0,1.0,1.0,1.0,1.0,1.0,1.0,1.0,1.0,1.0,1.0,1.0,1.0,1.0,1.0,1.0,1.0,1.0,1.0,1.0,1.0,1.0,1.0,1.0,1.0,1.0,1.0,1.0,1.0,1.0,1.0,1.0,1.0
394308,64,"Albany, NY",msa,NY,0.9756533412367718,0.9777157045313469,0.9883720930232558,0.9906573229505029,0.9917355371900827,0.9933293508562326,1.0,0.9927942353883107,0.9850746268656716,0.9859959988568162,0.9815366289458011,0.9796004889889818,0.9726907630522088,0.9775689602909973,0.98,0.9814773550661052,0.9929227599376853,0.9906604678486033,0.992335364510682,0.992462311557789,0.988,0.9811465948441709,0.9821428571428571,0.9801915309097717,0.9778561270904422,0.9822784810126582,0.982700460866461,0.9869873910201381,0.9994110718492344,0.9945822358511698,1.0,1.0,1.0,1.0,1.0,1.0,1.0,0.9877944410114687,1.0,1.0074453234062355,1.0202375264487067,1.022685769307391,1.0263602309765507,1.0226767452200978,1.003834344728232,1.0006253908692933,1.0,1.0,1.0,1.0,1.0002679292286634,1.019866220735786,1.0359615401532412,1.044776119402985,1.0264439805149617,1.02,1.0002647389134187,1.0,1.0,1.0,0.9921383647798742,0.9973684210526316,1.0,1.0004547521600728,1.0150044130626654,1.0279075804776738,1.0289389067524115,1.026252983293556,1.0197233602215694,1.0141706029452626,1.000005000025,1.0,1.0,1.0,1.0001487295758495,1.0027738001331872,1.0222222222222221,1.0255555555555556,1.0229597635826324,1.0163934426229508,1.0003449465332874,1.0004085002070857,1.0,1.0,1.0,1.0,1.0,1.0042310897726243,1.014980104205597,1.0220425991076996,1.014575593026579,1.0138888888888888,1.0055336567545874,1.002824722113503,1.0,1.0,1.0
394753,65,"Knoxville, TN",msa,TN,0.9772727272727273,0.9784613981013248,0.9809936645548516,0.9854927463731866,0.9868334131683716,0.9849184364419822,0.9866666666666667,0.9843827617067069,0.9803921568627451,0.9804878048780488,0.9795791631568278,0.9804451177884909,0.9777171441564347,0.9812382739212008,0.9831940541503985,0.9869956652217405,0.9906191369606003,0.9902599677156643,0.9891112988361309,0.9868410927279723,0.988185443668993,0.9873333587990374,0.9836612204068023,0.9806678383128296,0.9850746268656716,0.9819225639125602,0.9863636363636363,0.9942526837324526,0.9938271604938271,0.9984101748807631,1.0,1.0,1.0,1.0,1.0,1.0,1.0,1.0,1.0,1.0003077870113881,1.009906648885502,1.009120329508679,1.0127813281467075,1.0,1.0,1.0,1.0,1.0,1.0,1.0002001200880657,1.0088596741926266,1.0235294117647058,1.0178571428571428,1.0125,1.0,1.0,1.0,0.9898923974484121,0.9908883826879271,0.985829011209637,0.9840751327072275,0.9918918918918919,0.9982608695652174,1.0,1.0,1.0,1.0,1.0,0.990990990990991,0.9970584658016518,0.9888090016088064,0.9863808526069788,0.9838998211091234,0.9852492202185454,0.9870043261173638,0.9959786076617624,1.0,0.9940652818991098,0.9888888888888889,0.9874152952565344,0.9831460674157303,0.9863851069741595,0.9846827133479212,0.9811965811965812,0.9806451612903225,0.9822715473361965,0.9838683658654622,0.9881422924901185,0.9895196384586731,0.9883305548940224,0.9855330281229562,0.9832174944905916,0.9819639278557114,0.9836065573770492,0.9836612204068023,0.9830662575292647,0.9797917942437232
394367,66,"Baton Rouge, LA",msa,LA,,,,,,,,,,,,,,0.974102413184226,0.9972170686456401,0.9806493932436865,0.9839663260715892,0.9833807768291125,0.9875024687561719,0.9865053513261982,0.9850713012477719,0.9870334979030632,0.990084898821737,0.9842095814653947,0.9836065573770492,0.9851205746536685,0.9884363583497864,0.9868185775265446,0.9847887744439469,0.9872261072261073,0.9887005649717514,0.9910752688172043,0.9915547367169857,0.9911994398494042,0.988155668358714,0.9893756613756614,0.9935117599351176,0.9894459102902374,0.9941856976734219,1.0,1.0,1.0,1.0,1.0,1.0,1.0,1.0,1.0,1.0,1.0,1.0,1.0,1.0,1.0,1.0,1.0,1.0,1.0,0.9904761904761905,0.9916731331842508,0.9860373312539598,0.9878787878787879,0.9882005899705014,0.9991452991452991,0.9941086373283146,0.991664351208669,0.991304347826087,0.9896373056994818,0.9850746268656716,0.98689556509299,0.9832055441418499,0.9833277759253084,0.9837555910801079,0.9833024118738405,0.9899965505346672,0.9953636299106403,0.9913406987160346,0.9869298479594558,0.9891304347826086,0.9884615384615385,0.9871406780461796,0.9880952380952381,0.9887171464330413,0.9859810022928268,0.9832706025909516,0.9836612204068023,0.9897819541162103,0.9958235971328707,0.990774625112764,0.9891891891891892,0.9875,0.9872694206287347,0.9879759036144578,0.9863013698630136,0.9865716634694437,0.9858585858585859,0.9892443421052631
394843,67,"McAllen, TX",msa,TX,,,,,,,,,,,,,0.9732558139534884,0.9744722102542007,0.9789307606365311,0.9746606127316089,0.9703028474827649,0.9556865118928928,0.9763313609467456,0.9772928526249209,0.985663082437276,0.9664678938726126,0.9765826688903612,0.9797373008585419,0.9808633060556464,0.981447757470081,0.9811393351579345,0.9812326934810156,0.9795918367346939,0.9869956652217405,0.979587670102749,0.9837837837837838,0.984894793864401,0.9831484731484732,0.9893683552220137,0.9809547165588489,0.9815667767815007,0.9804134697357203,0.9840425531914894,0.9919633568622057,0.9928166187321943,0.9981386691484412,1.0,1.0,0.9963972572668225,0.995260663507109,1.0,0.9925460965084347,0.9906926406926407,0.9878676470588236,0.994550993876967,1.0,1.0,1.0,1.0,0.9901047763819242,0.9844951923076923,0.9806267004409419,0.9683666881859264,0.9795918367346939,0.9757643072289157,0.9741969457609269,0.9683873549419768,0.972972972972973,0.984970119053221,0.9839419978517723,0.9826585802222878,0.9816374663072776,0.9824561403508771,0.9781021897810219,0.9778378378378378,0.9777178773805103,0.9741409303943841,0.974025974025974,0.976528034440038,0.9813242784380306,0.9765176595964642,0.9812108559498957,0.9746348838705526,0.9850299401197605,0.9795918367346939,0.9772727272727273,0.9725216735770825,0.9749303621169917,0.9788359788359788,0.9717154419795702,0.9789609274366681,0.9737470167064439,0.9777777777777777,0.9808612440191388,0.9717868338557993,0.9727626459143969,0.9762609185686109,0.9714285714285714,0.972,0.9707317073170731,0.9724677948977014
394908,68,"New Haven, CT",msa,CT,0.9618925365478328,0.9703172481763269,0.9725657287739105,0.9742790335151987,0.9761934748521734,0.9761194029850746,0.9818349045757645,0.9769713886950454,0.9768336314847943,0.9739679548471543,0.9762740839211855,0.968421052631579,0.9735619864237227,0.9698492462311558,0.975614515192757,0.9779951100244498,0.9814953738434609,0.9846827133479212,0.9836065573770492,0.9811320754716981,0.9787993375250993,0.978494623655914,0.9737651821862348,0.9774208437818623,0.9763313609467456,0.9777264562483962,0.9878283626308513,0.9850326230013161,0.9889339626774253,0.9830070983007099,0.9892729439809297,1.0,1.0,1.0,1.0,1.0,1.0,1.0,1.0,1.000741289844329,1.0170056685561855,1.028349082823791,1.0182031569075138,1.015010721944246,1.001390096408354,1.0003572704537336,1.000256644840336,1.0,1.000256476019492,1.0,1.007462686567164,1.0285714285714285,1.0358651358884432,1.0398613518197575,1.0238095238095237,1.0148542159180458,1.0009058567947053,1.0,1.0,1.0,1.0,1.0,1.0003847633705272,1.0188015276798819,1.018895887365691,1.0306922843752186,1.0369719455835449,1.0235798499464095,1.0215757575757576,1.0138654888477765,1.003717472118959,1.0003787152588797,1.0,1.0,1.00418410041841,1.0216094220193006,1.0267857142857142,1.0333367777892593,1.0259040779687099,1.0155829262194183,1.00418410041841,1.0,1.0025062656641603,1.0,1.0,1.0000052631855958,1.000120496445355,1.0158730158730158,1.0220778658475371,1.0217391304347827,1.0153846153846153,1.0025864661654134,1.0020397658359452,1.0011123470522802,1.00000250000625,1.0,1.0
394561,69,"El Paso, TX",msa,TX,,,,,,,,,,,,,,,,,,,,,,,,,,,,,,,,,,1.0,1.0,1.0,1.0,1.0,1.0,1.0,1.0088921990137334,1.020010200102001,1.010948905109489,1.016636766897832,1.0121746751514689,1.0054537401421595,1.002049647005238,1.0,1.003930131004367,1.0116844737440327,1.0198114659484419,1.022732439190725,1.0236220472440944,1.0253205128205127,1.0197560975609756,1.000211685713014,1.0,1.0,1.0,1.0,1.0,1.0,1.0,1.0,1.0,1.0,1.0,1.0,1.0,1.0,1.0,1.0,1.0,1.0,1.0,1.0,1.0,1.0,1.0,1.0,1.0,1.0,1.0,1.0,1.0,0.9998470436696857,1.0,1.0,1.0,1.0,1.0,1.0,1.0,1.0,1.0,1.0,1.0
394318,70,"Allentown, PA",msa,PA,0.9820413730393271,0.974186201005979,0.9732360097323601,0.9866577718478986,0.9711595055915244,0.9830508474576272,0.9879116298457691,0.9779718583212033,0.9823312210308186,0.9767441860465116,0.9696969696969697,0.9747899159663865,0.9727272727272728,0.9673258340135635,0.9711595055915244,0.9733687825412651,0.977705650363262,0.9890160183066361,0.9852507374631269,0.9795748228428511,0.9824749440589684,0.9714285714285714,0.9844559585492227,0.9833841980332316,0.9761757485426518,0.9748953974895398,0.9810131142815968,1.0,1.0,0.987428485476844,0.9990291262135922,1.0,1.0,1.0,1.0,1.0,1.0,1.0,1.0,1.0003201229337648,1.015459230069718,1.0152592520735315,1.0159876224858175,1.0054054054054054,1.0008200724799354,1.0005265929436546,1.0004001600640255,1.0002648789418171,1.0001064056182165,1.0005002501250626,1.010845910845911,1.0226083006869926,1.0293339256731477,1.0286939067124825,1.0137394633364467,1.0000076923668644,1.0,1.0,1.0,1.0,1.0,1.0,1.0,1.0006669827122758,1.0115429011158137,1.0222222222222221,1.0127531882970742,1.0166666666666666,1.003883495145631,1.0069360531399978,1.0002857959416975,1.0,1.0,1.0,1.0004764173415912,1.0073606172146317,1.009493670886076,1.015459230069718,1.0041436464088398,1.0003334444814937,1.0,1.0,1.0,1.0,1.0,1.0,1.0,1.0000043478449907,1.0005412286563744,1.0081866783281526,1.0002857959416975,1.0,1.0,1.0,1.0,1.0,1.0
394952,71,"Oxnard, CA",msa,CA,0.9884869000529601,0.9914217735767437,0.9935483870967742,1.0,0.9942857142857143,0.9951159951159951,0.9915399869845953,0.9912669201355206,0.98989898989899,0.9896802458873333,0.9896602658788775,0.9834562670743204,0.9874342105263159,0.986081746176758,0.9901960784313726,0.9907407407407407,0.9916666666666667,0.9928443649373881,0.9935448737940817,0.990791896869245,0.9915135229288248,0.9909828601164341,0.9914343360234776,0.9906759906759907,0.9891891891891892,0.992656368700937,0.9953434225844005,1.0,0.9904443186383725,0.9923425535239881,0.9974614757223452,1.0,1.0,1.0,1.0000011627920498,1.0000007631585333,1.0001052742393937,1.001669449081803,1.0121988817432146,1.0188568126764006,1.0243542966011827,1.0286742034943472,1.0297029702970297,1.019548872180451,1.012502531256328,1.0093457943925233,1.008695652173913,1.0121704354695369,1.008825438027255,1.0223555070883314,1.033023357258992,1.03971119133574,1.0356731875719218,1.0113618178908625,1.0,1.0,0.9940119760479041,0.9910411525110857,0.9866995848490252,0.9876275510204082,0.9856719712856729,1.0,1.0,1.0,1.0001613163413454,1.00080064051241,1.008990357668002,1.0010593517530364,1.0000018750039064,1.0,1.0,1.0,1.0,1.0,1.0000892937223766,1.0,1.0,1.0,1.0,1.0,1.0,1.0,1.0,0.9987512484390606,0.9933931279801849,1.0,1.0,1.0,1.0,0.9965917538743065,0.9939393939393939,0.987489574645538,0.9896683925947756,0.9883036935704514,0.9921581997954313,0.9888751545117429,0.9873417721518988
394486,72,"Columbia, SC",msa,SC,,,0.9754877438719359,0.97868638538495,0.9838203635591338,0.984188447886415,0.9839809523809524,0.9899765124957001,0.9733378446963289,0.986159169550173,0.9688999523330333,0.975,0.9738733488733489,0.9603921568627451,0.975609756097561,0.9858586267641283,0.9824499824499825,0.9786987017440062,0.9852713178294573,0.9839523353918413,0.9844559585492227,0.9792735042735042,0.9829686406717131,0.9883306160762808,0.9790623230285703,0.9808917197452229,0.9756969263759828,0.9858705297975083,0.9832134292565947,0.9911877938670711,0.9913113309454773,0.9819116616031783,0.9977220956719818,1.0,1.0,1.0,0.9823097345132743,0.9974278365247213,1.0,1.006060606060606,1.0026385224274406,1.0017185424008153,1.008858939802336,1.0005717552887363,1.0,1.0015197568389058,0.9954337899543378,1.0,1.0000847601288354,1.0,1.0035861002287454,1.0147063978965818,1.0,1.0,1.000645577792124,1.0,0.9902083333333334,0.9816498316498317,0.9879939969984992,0.9839816933638444,0.9820067093626106,1.0,0.975,1.0,1.0,1.0,1.0,1.0,1.0,1.0,0.9919422061683801,0.9869565217391304,0.9861715333220136,0.989010989010989,0.9959072305593452,0.9921152969455842,1.0,0.9984788649560329,0.9931320532841557,0.987603305785124,0.988918190833342,0.9851470142467414,0.9854958744539719,0.9846153846153847,0.983636319054508,0.9874271604938272,0.9952488122030507,0.991997332444148,0.9933333333333333,0.9978238657060128,0.990909090909091,0.9888653755718011,0.9876288659793815,0.9868272921108742,0.9842572192479675,0.9870967741935484,0.9843414843414844
753906,73,"North Port, FL",msa,FL,0.9659902829379823,0.9656574563981971,0.9694429421308816,0.9682539682539683,0.9669021941242097,0.970904037506074,0.968054211035818,0.9657560600230858,0.9715429079590929,0.9690528290090653,0.9673115410273516,0.9669001693170878,0.9662656065195765,0.963855421686747,0.9681091739310916,0.9682539682539683,0.968487255875538,0.9698053294172402,0.9714285714285714,0.967741935483871,0.9725198547443572,0.9712305187113335,0.9712428352330382,0.9701492537313433,0.9692410530645825,0.9714285714285714,0.9713460090649618,0.972972972972973,0.9703792628162375,0.9715719063545151,0.9735649396026754,0.9754098360655737,0.9770778218694884,0.9787003659576943,0.9797917942437232,0.9791376912378303,0.9791666666666666,0.9830451000339098,0.9889986390323545,1.0,1.0,1.0,1.0,1.0,1.0,1.0,1.0,1.0,1.0,1.0000643316654754,1.0101010101010102,1.0105355656276016,1.0010973334135918,1.0,1.0,0.9860335195530726,0.9801633877959319,0.975,0.9733923303834808,0.9729271644525882,0.9733333333333334,0.9746462091870359,0.975225211261493,0.9774436090225563,0.9768208617088998,0.9756692517528907,0.9753086419753086,0.9749894022891056,0.9734513274336283,0.9733333333333334,0.9723248865292857,0.970873786407767,0.9671848013816926,0.9684490375197393,0.9707511712758379,0.9681093394077449,0.9693718012533343,0.9655172413793104,0.9657142857142857,0.9669271981362221,0.9661049698473554,0.965742228431715,0.9657963047793556,0.963855421686747,0.9617834394904459,0.9664650061747788,0.9649122807017544,0.9637870655111751,0.9617592371815277,0.960256068284876,0.9589067367307855,0.9611632386752004,0.9593878752207181,0.9610208732771407,0.9611111111111111,0.9625668449197861,0.9616942704769638
845158,74,"Dayton, OH",msa,OH,0.9787149271734141,0.9792906263094328,0.9837021710866618,0.9903524631702875,0.9938165620583186,0.9992928520918006,0.989045937013657,0.9878292832899763,0.9881088717702756,0.9835625510215038,0.9807692307692307,0.9792709077912795,0.9705226275715567,0.9791091381061661,0.9811465948441709,0.9935458845789971,1.0,0.9977763291322613,1.0,0.9945736053887908,0.9907694045391051,0.9921212121212121,0.9830976198689203,0.9846153846153847,0.9826601258060688,0.9875,0.9971264367816092,1.0,0.9968740231322288,1.0,1.0,1.0,1.0,1.0,1.0,1.0,1.0,1.0,1.0,1.0002103049421662,1.0007358351729212,1.0031864235055725,1.0005198382881435,1.0,1.0,1.0,1.0,1.0,1.0,1.0,1.0,1.0038461538461538,1.0018157154553338,1.0014005602240896,1.0001828887912523,1.0,1.0,0.9929488418320864,1.0,0.9886229894076108,0.9842834574341073,0.9879518072289156,1.0,1.0,1.0,1.002857142857143,1.0,1.0,1.0,1.0,1.0,1.0,0.9896306407383229,1.0,1.0,1.0,1.0,1.0,1.0,1.0,1.0,0.9944193498777422,0.9986828862599482,0.9917877447883765,0.9824561403508771,0.9905660377358491,1.0,1.0,1.0,1.0,1.0,0.9960690416118059,1.0,0.9899861862915817,0.9869956652217405,0.9885386819484241,0.980722891566265
394457,75,"Charleston, SC",msa,SC,0.9776643830019653,0.9809939805764605,0.9877006288609189,0.9861803713527851,0.9879518072289156,0.9867936594062476,0.9871018689128718,0.9860564819661507,0.9838998211091234,0.9833178726035869,0.9836612204068023,0.9823391812865496,0.9822725485950681,0.9811465948441709,0.9851023691949176,0.9857682959762355,0.9873417721518988,0.9866443701226311,0.9877047115142352,0.9866344789257961,0.9863945578231292,0.9850354379639685,0.9841269841269841,0.9832869080779945,0.9830629553256924,0.98542359226782,0.9876495543162209,0.9883720930232558,0.9879518072289156,0.9885386819484241,0.9911531413365288,0.9905464062300524,0.9913793103448276,0.9914393894605624,0.9928561223031862,0.9892879511563084,0.9925093632958801,0.9973905479849232,1.0,1.0,1.0,1.000181851245681,1.0001193221629787,1.0,1.0,1.0,1.0,1.0,1.0,1.0,1.002857142857143,1.0091658368625005,1.0111358574610245,1.0031471670563628,1.0,1.0,0.9975903614457832,0.9909902597402598,0.9888734138037759,0.9838709677419355,0.987012987012987,0.9877295995182174,0.9927835051546392,1.0,1.0,1.0,1.0,1.0,0.9940467753366407,0.9915966386554622,0.9903379387602689,0.9870687252661501,0.9844011142061281,0.9912266073150446,0.990909090909091,0.9915673160802558,0.9925735294117648,0.9932974654727577,0.9892357248794957,0.9882635369431848,0.9866929784794262,0.9859154929577465,0.9859909924214011,0.9857857142857143,0.984664454137245,0.9859959988568162,0.9868421052631579,0.9885949768233848,0.9893617021276596,0.9851758932005055,0.9818181818181818,0.9831428348168301,0.9786383194128069,0.9757330637007078,0.9747639484978541,0.968421052631579,0.9805555555555555
394648,76,"Greensboro, NC",msa,NC,0.9754361796282757,0.973394001720914,0.9803921568627451,0.9853658536585366,0.9874092474832942,0.987402741756206,0.9857142857142858,0.9809712907486383,0.9835585585585586,0.9836951705804164,0.985819878966526,0.9801960784313726,0.9794871794871794,0.9812492675495137,0.98406490120555,0.9905845429580228,0.9884181510102297,0.992462311557789,0.990909090909091,0.9919678714859438,0.9866666666666667,0.986046511627907,0.9855383708329599,0.985663082437276,0.9828266538246884,0.9885710553814002,0.9957479851530924,0.9938414128244637,0.9910213760316784,0.9962405851049629,1.0,1.0,1.0,1.0,1.0,1.0,1.0,1.0,1.0003453574676135,1.0150943396226415,1.0219612959338986,1.0218340611353711,1.0216538789428815,1.019022945965951,1.014358499305234,1.0071112795250725,1.00375234521576,1.0007423096118915,1.0088768236765318,1.016029351146547,1.0239654766575128,1.0393338722534722,1.0375737694297191,1.0333333333333334,1.0186210022069084,1.0,1.0,1.0,1.0,0.9884033613445378,0.984375,0.9885386819484241,1.0,1.0,1.0,1.0002273243919073,1.0,1.0,1.0,1.0,0.9972719005759321,0.9861003861003861,0.9819405279844164,0.9867976408986782,0.990244650871922,1.0,0.9991311902693311,1.0,0.9931112209589719,0.9895779003188003,0.9894345238095239,0.9924501424501424,0.9864864864864865,0.9845299145299146,0.9826956659787268,0.984188447886415,0.9863013698630136,0.9909480705097665,1.0,0.9996874511642444,0.9899965505346672,0.9883305548940224,0.9858130229174246,0.9851851851851852,0.9849749582637729,0.98125,0.9790938228438228
395134,77,"Stockton, CA",msa,CA,1.0,1.0,1.0,1.0,1.0,1.0,1.0,1.0,1.0,1.0,0.9945471600695253,0.9935982189760364,0.9924050632911392,0.996614502762255,1.0,1.0,1.0,1.0,1.0,1.0,1.0,1.0,0.9987468671679198,0.9976455378269291,0.9944101206237128,0.9968385975904988,1.0,1.0,1.0,1.0,1.0,1.0004653327128896,1.0044208880351784,1.0136986301369864,1.0144453296911755,1.0114702815432743,1.0140597539543057,1.022972972972973,1.0344827586206897,1.044776119402985,1.0470498973489244,1.0478359908883828,1.0361789525113547,1.0294117647058822,1.0187875462611875,1.013424585417215,1.002424299207711,1.012025241100131,1.011764705882353,1.0196471812587495,1.0323077687757842,1.0310096153846153,1.023610433651546,1.008695652173913,1.0,1.0,0.9925373134328358,0.9906759906759907,0.9863263398421271,0.9855072463768116,0.9830508474576272,0.9904761904761905,1.0,1.0,1.0,1.000043716964919,1.001669449081803,1.0,1.0,1.0,1.0,1.0,1.0,1.0,1.0,1.000135153399108,1.0002073024167104,1.0,1.0,1.0,1.0,1.0,1.0,1.0,0.9952380952380953,1.0,1.0,1.0,1.0,1.0,1.0,0.99,0.9985007118311767,0.9933489805708685,1.0,0.9992308483989721,0.9893919668257871
394440,78,"Cape Coral, FL",msa,FL,0.9625,0.9620253164556962,0.9664804469273743,0.9692680502050454,0.9669404021729153,0.9666666666666667,0.9669889963321107,0.9655172413793104,0.9664770932968412,0.9673115410273516,0.9664826240872257,0.9678980480722698,0.9638368857079828,0.9636598192025041,0.9661903789889092,0.9663120567375887,0.9687698465230585,0.9683666881859264,0.9666680092629887,0.970039473852325,0.967741935483871,0.9669889963321107,0.9697286012526096,0.9697606942046021,0.9648257421343569,0.9678510002354435,0.9696969696969697,0.9698996655518395,0.9648999648999649,0.9699283735484518,0.9717062017719348,0.9733185020393029,0.9749651810584958,0.9743602235403497,0.975609756097561,0.9761848045554573,0.9743440146007241,0.9768637532133676,0.9848484848484849,0.9963985594237695,1.0,1.0,1.0,1.0,1.0,1.0,1.0,1.0,1.0,1.0,1.0,1.0,1.0,1.0,0.986378581493659,0.9771421107628004,0.9736842105263158,0.9732142857142857,0.9750024375060937,0.968503937007874,0.9666666666666667,0.9670188534669149,0.9690278966062585,0.9719101123595506,0.9699352122037711,0.9695977077492304,0.9644251832701114,0.9676375404530745,0.9666666666666667,0.9682539682539683,0.9681936387277456,0.9698318846018186,0.9633822412231776,0.9666666666666667,0.9673133309234044,0.9661016949152542,0.9666666666666667,0.9640301640721786,0.9656744873135593,0.9639495858326192,0.9663865546218487,0.9651162790697675,0.9625868067471365,0.9620253164556962,0.9619065941112883,0.9612050448699527,0.9634028854739414,0.9594594594594594,0.9615384615384616,0.9561952440550688,0.9557600804111828,0.9569856618872957,0.9572796309149554,0.9611586404581256,0.9584664536741214,0.9589277360639238,0.953919537917076
394399,79,"Boise City, ID",msa,ID,,,,,,,,,,,,,,,,,,,,,,,,,,,,,,,,,,,,,,,1.0308409763341628,1.0286615075952996,1.0180389355242008,1.0169491525423728,1.0025,1.0,1.0,1.0,1.0,1.0,1.0,1.0,1.0,1.000250062515629,1.0,1.0,1.0,0.9881656804733728,0.9858245392975272,0.9828812017087953,0.9802021862705874,0.98,0.9787234042553191,0.987132825343239,0.9921285667431945,1.0,1.0,1.0,1.0,1.0,0.9924271481404185,0.993529191548698,0.9917627396847319,0.9886176160557592,0.9887202484143145,1.0,1.0,1.0,1.0,1.0,0.9985846831262777,1.0,0.9971538380451226,1.0,0.9943307086614173,0.9918916727479121,0.9897633783959042,1.0,1.0,1.0,1.0,1.0,1.0,0.9955506117908788,0.9931818181818182,0.9949937421777222,0.9938829098626245,0.9933035714285714,0.9928057553956835
394484,80,"Colorado Springs, CO",msa,CO,0.9964200477326969,1.0,1.0,1.0,1.0,1.0,1.0,1.0,1.0,1.0,0.9954762614434746,1.0,1.0,1.0,1.0,1.0,1.0,1.0,1.0,1.0,1.0,1.0,1.0,1.0,1.0,1.0,1.0,1.0,1.0,1.0,1.0,1.0,1.0,1.0,1.0,1.0,1.0068493150684932,1.0164476388759962,1.024390243902439,1.0431293177361018,1.04,1.0373831775700935,1.0313131313131314,1.015625,1.011111111111111,1.0068381063705436,1.0021383676443796,1.0000013333351112,1.0044816053511707,1.0229885057471264,1.0333333333333334,1.039240506329114,1.0298507462686568,1.0063220998041853,1.0,1.0,1.0,1.0,0.992145830121782,1.0,0.9891280713198521,0.9933928571428572,1.0,1.0,1.0,1.0,1.0,1.0,1.0,1.0,1.0,1.0,1.0,1.0,1.0,1.0,1.0,1.0,1.0,1.0,1.0,1.0,0.9925373134328358,0.9953061700929702,0.992325886230624,1.0,1.0,1.0,1.0,1.0,1.0,0.9947849797849797,0.9938775510204082,0.9989457037427517,0.9951100244498777,0.9897948557742373,0.9917054596818768
394798,81,"Little Rock, AR",msa,AR,0.9854095444039381,0.9724324324324324,0.97868638538495,0.9847715736040609,0.9858130229174246,0.9822882609530454,0.9821157926644438,0.9785025945144552,0.98125,0.9801143345621628,0.9732738095238096,0.9824937477670597,0.9888268156424581,0.9885421030582321,0.9711595055915244,0.9826591767978077,0.9816932679820702,0.9842153281328434,0.9836679123657632,0.9824561403508771,0.9828229360037795,0.9855371900826446,0.9761791329204383,0.9782608695652174,0.9772727272727273,0.9799372302863868,0.9807692307692307,0.9815145188840387,0.9869488208177111,0.9973547250968097,0.9825984990619137,1.0,0.9942213367170514,0.9902042938629597,0.9924937447873228,1.0,0.9959899749373433,0.9944830383854775,0.9929152731326645,1.0,1.0,1.0004268561733256,1.0,1.0,1.0,1.0,1.0,1.0,1.0,1.0,1.0,1.0,1.0061538461538462,1.000607523204061,1.0002703433360367,1.0,1.0,1.0,1.0,0.991304347826087,0.9855769230769231,0.9948677457560205,1.0,1.0,1.0,1.0,1.0,1.0,1.0,0.9982165002493064,0.9878676470588236,0.9959072305593452,0.9874371859296482,0.9976381685349395,0.9874667679453095,0.9987163029525032,1.0,1.0,1.0,0.9963636363636363,0.990906335253107,0.9919908466819222,0.9909346670834636,0.9897727272727272,0.9865403186866248,0.9855967629373242,0.9851851851851852,0.9891280713198521,0.9899874686716792,0.991286950195328,0.9934654666343995,0.9865694444444445,0.9871664846309878,0.9865765765765766,0.9827586206896551,0.9873045933173764,0.9844951923076923
394766,82,"Lakeland, FL",msa,FL,0.9764705882352941,0.97868638538495,0.9846212938204488,0.9857549184758366,0.9830508474576272,0.9829280910501811,0.9815024537561344,0.9768211920529801,0.9897435897435898,0.9814814814814815,0.9828630142013137,0.9893520530602218,0.9866666666666667,0.9827964333143616,0.9844980622577822,0.9885385878489327,0.9905660377358491,0.9873362421266265,0.9848484848484849,0.9871149218441386,0.9878787878787879,0.9811393351579345,0.987196972944326,0.9836612204068023,0.9795244816486623,0.9799919967987195,0.9867209223465582,0.9906938121428601,0.9930695443645083,0.99,0.9898477157360406,0.9925734101475191,0.9929078014184397,0.9961867960121955,0.9931727350741695,0.9909135950617958,0.9865167858441402,0.9890859481582538,0.9995169082125603,1.0,1.0,1.0,1.00026678525054,1.0,1.0,1.0,1.0,1.0,1.0,1.0,1.0000016666722222,1.0034482758620689,1.00625,1.0,1.0,1.0,0.9879529214628477,0.9866666666666667,0.9852507374631269,0.980980980980981,0.9789831154115376,0.9829294351901317,0.9859557459072814,0.9841269841269841,0.9876543209876543,0.9891342912095491,0.9893796992481203,0.9884678747940692,0.9841269841269841,0.9863013698630136,0.9861524922072431,0.9831396673501936,0.984292202926752,0.9815099715099715,0.9852159576583912,0.9857142857142858,0.9868575184948244,0.9862068965517241,0.984294948756416,0.9853676606779033,0.9846153846153847,0.9853658536585366,0.9812202433433257,0.9812108559498957,0.9792607514493994,0.9813084112149533,0.9846827133479212,0.9850525348939683,0.983228437818642,0.9846827133479212,0.98223056413135,0.9829000949902944,0.9833366111220371,0.9818875119161106,0.9809369511234934,0.9821428571428571,0.9757566852776962
394304,83,"Akron, OH",msa,OH,0.9725437305449716,0.9735707278791446,0.9760191219693537,0.9834699453551912,0.98125,0.9870200108166577,0.98666031140769,0.9839893262174784,0.983022795507617,0.9809523809523809,0.9758380041615674,0.9713899613899614,0.9691119691119691,0.9727957971676564,0.9762202753441802,0.9832775919732442,0.9873417721518988,0.9925739278436458,0.9882491024578846,0.9841534612176814,0.9840316498518861,0.986332503113325,0.9833333333333333,0.981491967618808,0.970700277426994,0.9748261275962041,0.9832633053221288,0.9841534612176814,0.9910815264165307,0.9930715935334873,1.0,1.0,1.0,1.0,1.0,1.0,0.9955506117908788,0.9867543859649123,1.0,1.000283609074601,1.014964893098497,1.0158311345646438,1.0222028901454738,1.0084798096590624,1.0,1.0,1.0,1.0,1.0,1.0,1.000555864369094,1.0188679245283019,1.0277777777777777,1.0298148148148147,1.0129403534880617,1.0,1.0,1.0,0.9894736842105263,0.9830508474576272,0.9777171441564347,0.9829366000714967,0.9938513831665685,1.0,1.0020449897750512,1.0044814794940722,1.0030774015985524,1.0001428979708487,1.0,1.0,1.0,1.0,0.9884778653729533,0.9924494709234022,1.0,1.0,1.0,1.0,1.0003334444814937,1.0,1.0,1.0,1.0,0.9928168291431503,0.9830769230769231,0.9879774626229134,1.0,1.0,1.0,1.0,1.0,1.0,1.0,1.0,1.0,1.0,0.9885714285714285
394531,84,"Des Moines, IA",msa,IA,0.9826086956521739,0.9825244521287838,0.9871697113610778,0.9903225806451613,0.9924385633270322,0.9909413687966151,0.9923076923076923,0.9879839786381842,0.9875,0.9841143764892772,0.9867770876466528,0.983739837398374,0.9806494652348878,0.981,0.982078853046595,0.9856801093643199,0.9890282681967739,0.9911111111111112,0.9875,0.9876288659793815,0.9873722569540524,0.9860837330141774,0.9838297872340426,0.9841269841269841,0.9802197802197802,0.9803921568627451,0.9866629609042061,0.989724175229854,0.9893617021276596,0.9899838946902639,0.9913597089586176,0.9931884931921553,0.9925116822429907,0.9926634625080586,0.9914285714285714,0.99,0.9921984793917566,0.9934408602150537,1.0,1.0,1.0,1.000217694751,1.0,1.0,1.0,1.0,1.0,0.9923802612481858,0.9951325040562466,1.0,1.0,1.0,1.0,1.0,1.0,1.0,0.9942838084347518,0.9905660377358491,0.9888888888888889,0.9832633053221288,0.9818181818181818,0.9863013698630136,0.990906335253107,1.0,1.0,1.0,1.0,1.0,0.992964824120603,0.9894736842105263,0.9894095970519907,0.98639392817475,0.9830976198689203,0.9837110526604498,0.9889588623666836,0.9918888888888888,0.9915610311921379,0.9928571428571429,0.9917011019283747,0.9903846153846154,0.9875,0.9866220735785953,0.9873009344564359,0.9839357429718876,0.9814814814814815,0.9830147854309412,0.9891081914704312,0.9898969385672212,0.9902439024390244,0.9897074484396693,0.9909783106722951,0.9888773563146087,0.9878054803695626,0.9840034587116299,0.9847094801223242,0.9843373493975903,0.9819760227643793
395115,85,"Springfield, MA",msa,MA,0.9764309764309764,0.9799918334013883,0.9844977445803105,0.9986555569361546,0.9928057553956835,1.0,0.9961269184169695,0.9978986327841111,0.9848030018761726,0.9839874729484992,0.985465064852026,0.9828237635682169,0.9843101641906725,0.9795395219593173,0.979390303086327,0.9942265836578603,0.9951219512195122,1.0,0.9954902727916844,0.9959839357429718,0.9951170201159095,0.9929603556872916,0.9870550161812298,0.9856337515911984,0.9831364784597528,0.9881175734834271,0.986637283155337,1.0,0.9969036907333451,1.0,1.0,1.0003334444814937,1.0004653327128896,1.0003638890245696,1.0038155823800963,1.0003705075954057,1.0,1.0,1.0080800307810696,1.0187563672272952,1.0263337986767738,1.044774057263345,1.0378687336422066,1.0380622837370241,1.025646285365566,1.0164609053497942,1.017218251229318,1.0143266475644699,1.0127531882970742,1.0075336630156853,1.0222028901454738,1.034248897931502,1.0467745078931983,1.048409964579263,1.0467550593161201,1.0204081632653061,1.0079108338207576,1.0087536473530638,1.0002857959416975,1.0,1.0,1.0,1.0,1.0016977928692699,1.0201360181357515,1.027027027027027,1.0233018657005846,1.035740346609912,1.0206489675516224,1.0164954540577358,1.0100250626566416,1.0,1.0,1.0002745115533704,1.0003710169121303,1.0208290369148278,1.0232558139534884,1.029023746701847,1.0218483083939365,1.0155763239875388,1.0061139018714282,1.0102020404080816,1.0,1.0,1.0,1.0,1.0,1.0157103064066852,1.0127531882970742,1.0201883348455527,1.0193365683913873,1.0012166392133879,1.0029498525073746,1.00000555558642,1.0,1.0,1.0
845159,86,"Poughkeepsie, NY",msa,NY,,,,,,,,,,,,,,,,,,,,,,,,,,,,,,,,,,,,,0.9569377990430622,0.9813084112149533,0.9656372335798173,0.9856381640633933,0.9714285714285714,1.0,1.0,0.9817941079112876,0.9949874686716792,0.9806896759972219,0.9863851069741595,0.9969989996665555,0.9816632709761067,0.9714285714285714,0.962278675904542,0.9772727272727273,0.9952830188679245,1.0,1.0,1.0,0.9960424986124977,0.9866666666666667,0.957492202121023,0.9662921348314607,0.9683873549419768,0.9643838511942506,1.0,1.0,1.0,1.002002004004008,1.0047058823529411,1.0057142857142858,1.0007772228512475,1.0,1.0,1.0,1.0,1.0,1.0,1.0,1.0,1.001923076923077,1.002821236214414,1.0002857959416975,1.0,1.0,1.0,1.0,1.0,1.0,1.0,1.0,1.0,1.0022290949619908,1.0014727540500736,1.0,1.0,1.0,1.0,1.0,1.0
394931,87,"Ogden, UT",msa,UT,0.994263862332696,1.0,1.0,1.0,1.0,1.0002062280882655,1.0,1.0,1.00000555558642,1.0,1.0,1.0,0.9980430528375733,0.9978448275862069,1.0,1.0,1.0,1.0,1.0,1.0,1.0,0.9980530303030303,1.0,0.9927836840963332,1.0,1.0,1.0,1.0004001600640255,1.0,1.0,1.0,1.0,1.0065979157956675,1.0100632911392404,1.0120240480961924,1.0116959064327486,1.0156971375807942,1.0109938908810046,1.0303434478159386,1.037037037037037,1.043956043956044,1.0400258397932816,1.032258064516129,1.020066889632107,1.0125,1.0074074074074073,1.0074087796577609,1.000322684737012,1.002824211112335,1.0152484120273404,1.0321970851881213,1.0328185328185329,1.0214278753170505,1.0002991968142374,1.0,1.0,1.0,0.9927710843373494,0.986484676043495,0.9887330420786388,0.9894459102902374,0.9929087492722173,0.9984251968503937,1.0,1.0,1.0,1.0,1.0,1.0,0.9978861919822817,0.9984068931316639,0.9952964595210813,1.0,1.0,1.0,1.0,1.0,1.0,1.0,1.0,1.0,1.0,0.9973614775725593,1.0,0.9989410518884575,1.0,1.0,1.0,1.0,1.0,1.0,0.9989816700610998,0.9986456287623595,0.9979171863673197,0.997940032043946,0.9933063187718258,0.993741371778069
394816,88,"Madison, WI",msa,WI,0.9827722976123434,0.9894385769872152,1.0,1.0006671114076051,1.000312597686777,1.0001946713877787,1.0,1.0,0.9919571045576407,0.98898628905372,0.9878100042034468,0.9832689263764314,0.9823288114700177,0.9847525329416391,0.9919085904243318,1.0,1.0002921962688482,1.000322684737012,1.0,1.0,1.0,0.9869281045751634,0.9855257556406982,0.983739837398374,0.9855839952927331,0.9930492797281119,1.0,1.0,1.0,1.0,1.0016977928692699,1.0002857959416975,1.0002353494939986,1.0001600256040966,1.0,1.0003449465332874,1.0,1.0071142730102267,1.0266666666666666,1.043543451601285,1.041238545369908,1.0556142040473633,1.042,1.0241405144426872,1.012006861063465,1.0006278464630727,1.0,1.0003334444814937,1.0002857959416975,1.0229597635826324,1.0634119921847318,1.0543304807970566,1.0817610062893082,1.0597458772641255,1.0384615384615385,1.0161183261183262,1.0004001600640255,1.0,1.0,0.9941089837997055,0.9964285714285714,1.0,1.0158502533555687,1.0291970802919708,1.0383960674529993,1.0355353842588224,1.0340226817878586,1.0240963855421688,1.0142808035062965,1.0054054054054054,1.0,1.0,1.0,1.0176991150442478,1.0238095238095237,1.0281492941091726,1.0368705679355261,1.0334711294839312,1.012378006245501,1.0,1.0,1.0,1.0,0.9898871109585958,1.0,1.0,1.0151515151515151,1.0172032520325205,1.017112557242709,1.01,1.0,1.0,1.0,1.0,0.9937884067152359,0.9910913140311804,0.9860869565217392
395235,89,"Winston, NC",msa,NC,0.970970970970971,0.9766555502620295,0.9806267004409419,0.9859350212059244,0.9883720930232558,0.9862068965517241,0.9870574279629294,0.9824937477670597,0.9848484848484849,0.9825834175935289,0.980326775591864,0.9794628751974723,0.9771552276958866,0.9752808988764045,0.9863673300477784,0.9892879511563084,0.9889407753317027,0.99,0.9908198797087686,0.9879900065772405,0.9871104020390894,0.9825132494293813,0.9830143779156255,0.9796833085432872,0.9789473684210527,0.9812686249467859,0.99289943313038,0.9913444955801051,0.9943714821763602,0.9916434540389972,0.9954128440366973,1.0,1.0,1.0,1.0,1.0,1.0,1.0,1.0004663425054594,1.0150943396226415,1.0184167984459587,1.0200078462142017,1.0167139266450071,1.018535359659405,1.0116731517509727,1.004255319148936,1.0004822301446854,1.00296292978196,1.0002857959416975,1.0050251256281406,1.0238095238095237,1.0276392572944297,1.030701754385965,1.028349082823791,1.013011152416357,1.0002469745616203,1.0,1.0,1.0,0.9957468101075807,0.9880952380952381,0.9895196782568214,1.0,1.0,1.0002667377967458,1.0,1.0,1.0,1.0,1.0,0.9970472515956941,0.9845559845559846,0.9893296152970634,0.9900686401874477,0.9945205479452055,1.0,1.0,1.0,0.9975335708413264,0.9953954718092524,0.9897948557742373,0.9907543940943105,0.9875,0.9873015873015873,0.9808626907073509,0.9837843167720421,0.9849273526358231,0.9947027663331371,0.9935579576339758,0.9896896258503401,0.9885875227923939,0.985537128343045,0.9864840182648402,0.9836065573770492,0.9811465948441709,0.9829059829059829,0.9768211491128649
394528,90,"Deltona, FL",msa,FL,0.9699869508481949,0.965191175151033,0.9767890814402442,0.97868638538495,0.9843725247577741,0.9838799332962757,0.9775625240477106,0.9771241830065359,0.9697835851367905,0.9671722540301593,0.9656837385756165,0.9642857142857143,0.9669329969161761,0.9676714722586283,0.9743589743589743,0.9699215344376635,0.970566037735849,0.9734752580921522,0.9725599166377215,0.9735307312696276,0.9725734292939117,0.9729271644525882,0.9767441860465116,0.9754169882874115,0.9740070626829439,0.975600710453224,0.98,0.9821422193649774,0.9714285714285714,0.978755641521599,0.9779234218696102,0.9804762385228534,0.9823345421265273,0.9876543209876543,0.9846153846153847,0.9810003877471888,0.9827586206896551,0.9834699453551912,0.9886666666666667,0.9896907216494846,1.0,1.0,1.0,1.0,0.9983092216010727,1.0,0.9908256880733946,0.9903448275862069,0.9883720930232558,1.0,1.0,1.0,1.0,1.0,0.9943244815833527,0.985815508760294,0.98,0.9804902451225613,0.9796918154892085,0.9746618729669576,0.9721250971250971,0.9698996655518395,0.9757375950581495,0.976878612716763,0.9783845278725825,0.9792995944382576,0.9782262166266371,0.976390556222489,0.9768039696299395,0.975,0.9733333333333334,0.9717868338557993,0.9725564381645717,0.9759519038076152,0.9765004763416958,0.975609756097561,0.9739325013451938,0.9742120343839542,0.9737867143909885,0.9759650400582666,0.9721911037010673,0.9723302589176576,0.9693020943653143,0.9726443768996961,0.9679572763684913,0.9682178932178932,0.9726171593366979,0.972940103374886,0.9725251164188395,0.9713773681515616,0.9710144927536232,0.967445004190586,0.9713040794946088,0.9705882352941176,0.969811320754717,0.9682178932178932,0.967741935483871
395143,91,"Syracuse, NY",msa,NY,0.9777678968430413,0.9669211195928753,0.9847886447412514,0.9864864864864865,0.9868648069448984,1.0,0.9959191176470589,0.9947243984979834,0.9811465948441709,0.981863664790494,0.9806250453384809,0.9743478212377734,0.9731543624161074,0.9743692138975927,0.9752262616965792,0.9838754505191056,0.9937888198757764,1.0,1.0,1.0,0.9943149516770893,0.9883481222116315,0.9883739209979763,0.9848484848484849,0.9779586279753666,0.9834190966266438,0.9810882310882312,0.9919179098938617,1.0,0.9948895169338967,1.0,1.0008340283569641,1.0084883159779108,1.0014836795252227,1.0050766653781729,1.0005002501250626,1.0,1.0,1.0,1.009731007981082,1.0308423913043478,1.0363214106638092,1.0414462934484734,1.0366219540474444,1.024893208673845,1.0108303249097472,1.0034013605442176,1.0003449465332874,1.0006278464630727,1.0,1.0178325384207736,1.0443037974683544,1.0493552690084482,1.0670224594173894,1.0498306997742664,1.0404161664665867,1.0230760618731716,1.010657431036578,1.0034649771488722,1.000555864369094,1.0,1.0,1.0004373627323724,1.0333011800145993,1.0418113827915163,1.0557901755945767,1.0655172413793104,1.067378252168112,1.0471870534675838,1.04006139154161,1.0212199944621414,1.01,1.0005885815185402,1.0005729139585933,1.0030452475274205,1.0263100674059578,1.034555200543052,1.0503851423863977,1.0610932475884245,1.0473537604456824,1.0469986040018613,1.0324483775811208,1.0160172180243108,1.0011919520055206,1.0003415526410913,1.0,1.0044046315130652,1.0309278350515463,1.0428453167007565,1.053619970681582,1.0403467822607535,1.0345524960857118,1.0241515386806088,1.013787510137875,1.0002386934537681,1.000741289844329,1.0
395006,92,"Provo, UT",msa,UT,0.9914066215820359,0.993307291206906,1.0,1.0,1.0,1.0,1.0,1.0,1.0,0.9992498749791632,0.9965966047095632,0.9964917303278236,0.9985401459854015,0.9917877447883765,1.0,1.0,1.0,1.0,0.9966812632453264,0.9979344756361229,1.0,0.9969431940850122,0.9955817378497791,0.9907529722589168,0.9947294922778137,1.0,1.0,1.0,1.0,1.0,1.0,1.0,1.0,1.0040014550745726,1.0002317719858795,1.0001553220812043,1.0002395869369671,1.018707167994073,1.0277777777777777,1.035799522673031,1.0389610389610389,1.035323826500297,1.0252231915519956,1.0142857142857142,1.005405341771675,1.0001905124785673,1.0,1.0,1.0000025974093438,1.015712390665232,1.0212765957446808,1.027348037958451,1.016669719728888,1.0001176609012825,1.0,0.9982608695652174,0.9977772289454186,0.9915538132573058,0.9888579387186629,0.9816115702479339,0.9911504424778761,0.9901009704969713,0.998198011744535,1.0,1.0,1.0,1.0,1.0,1.0,1.0,0.9977169397645973,0.9969183359013868,0.9905751105981919,0.9996785719387421,1.0,1.0,1.0,1.0,0.9986456789837623,1.0,1.0,1.0,1.0,0.9990695510583857,0.9927360774818402,0.9978421338295728,0.9994557823129252,1.0,1.0,0.9977494373593399,0.9974193548387097,0.9950429975429975,0.997152528872959,0.9927007299270073,0.9970355995121647,0.9902357142857143,0.9917355371900827
395160,93,"Toledo, OH",msa,OH,0.963302752293578,0.9638322931473018,0.9742996330507403,0.9736123748862603,0.9796408662621479,0.9818181818181818,0.9795790709945362,0.975,0.9782608695652174,0.9681833440929632,0.968054211035818,0.9760858955588092,0.9626825310978907,0.9666673535252588,0.9705159705159705,0.9798955981400508,0.9828448892065761,0.9903381642512077,0.9894385769872152,0.9815303430079155,0.9791957386675907,0.9739826551034023,0.9741114598934504,0.972,0.9696036937283571,0.9731749337418538,0.9814390421642609,0.9825575499442247,0.97868638538495,0.9906614362560476,0.9994181536074476,1.0,0.9951874022666902,1.0,1.0,0.9879518072289156,0.9861292184060356,0.9890300505978411,1.0,1.0,1.000645577792124,1.006099580854516,1.0042241747296528,1.0002632271650433,1.0,1.0,1.0,1.0,0.9893285904846598,1.0,1.0,1.0066711140760507,1.0146040984651126,1.0144927536231885,1.00076129237915,1.0003009955945439,1.0,0.9933192134929767,1.0,0.9915544844895947,0.978236704235699,0.978705056045762,0.994034234042324,1.0,1.0,1.0003924617172764,1.0,1.0001094515858746,1.0,1.0,1.0,0.9949984419900979,0.9807693758534579,0.9855578727841502,0.994714986787467,1.0,1.0000375028127109,1.0041407867494825,1.0,1.0,1.0,1.0,1.0,1.0,0.9802940980352933,0.9972602739726028,1.0,1.0,1.0,1.0,1.0,1.0,1.0,1.0,1.0,0.9919928825622776,0.9817373288190409
395224,94,"Wichita, KS",msa,KS,0.9761878388240199,0.9818043972706596,0.9795918367346939,0.9893138830882022,0.9866666666666667,0.9938043812703969,0.9911665367627955,0.9872996054970304,0.989971300390444,0.9864526785541796,0.9849525878652092,0.9846153846153847,0.9833587656832825,0.9848366662424409,0.9890395688585949,0.9928861617302474,0.9929280662904493,0.9914255091103966,0.9977756381770602,0.9905955188679245,0.9884418604651163,0.9859154929577465,0.9945889522273421,0.9888888888888889,0.985855142285551,0.9861212563915267,0.991304347826087,1.0,1.0,1.0,1.0,1.0,1.0,1.0,1.0,1.0,1.0,1.0,1.0,1.0,1.0055555555555555,1.0012515644555695,1.0048538011695907,1.0,1.0,1.0,1.0,1.0,1.0,1.0,1.001082251082251,1.0161332292479832,1.0212765957446808,1.014686248331108,1.0003924617172764,1.0,1.0,1.0,1.0,1.0,1.0,1.0,1.0,1.0,1.0,1.0,1.0,1.0,1.0,1.0,1.0,1.0,1.0,1.0,1.0,1.0,1.0,1.0,1.0,1.0,1.0,1.0,0.9903846153846154,1.0,0.9942545454545455,1.0,1.0,1.0,1.0,1.0,1.0,1.0,1.0,1.0,0.9985611510791367,0.9979476654694716,0.9940498899486427
394549,95,"Durham, NC",msa,NC,0.9941332067281606,0.9876760563380281,1.0,1.0,1.0002222716159146,1.0,1.0,1.0,1.0,0.9924528301886792,0.992,0.9864406779661017,0.9888888888888889,0.9896235045111299,1.0,1.0,1.0,1.0,1.0,0.9975335708413264,0.9909166680698447,0.9909346670834636,0.9893865803202014,0.9891304347826086,0.9833101207056638,0.9903225806451613,1.0,1.0,1.0,1.0,1.0,1.0,1.0,1.0002003607134125,1.0,1.0,1.0,1.0063492063492063,1.0151357943175923,1.036970432472167,1.0505050505050506,1.0596126510305615,1.0631524189353216,1.0499343832020998,1.0363636363636364,1.0285421096617897,1.027027027027027,1.0241935483870968,1.0122451259049372,1.022690877895339,1.042599153201417,1.0714285714285714,1.0827420560082555,1.053727972949807,1.0231820094508906,1.0000078812094966,1.0,0.9914601554907678,0.99,0.9908536585365854,0.9837962962962963,0.9876524390243903,1.0,1.0,1.002669353404848,1.0,1.000000769231361,1.0,1.0,1.0,1.0,0.9899749373433584,0.9852631578947368,0.9902829379822806,1.0,1.0,1.0,1.0,1.0,1.0,0.9961238566501724,0.9924349438712097,0.9939024390243902,0.9878968762588347,0.9857536345938782,0.9888888888888889,0.990689902124612,1.0,1.0,0.9963503649635036,0.9890243902439024,0.9882179420440742,0.9876543209876543,0.985537128343045,0.9844336765596609,0.9817971887550201,0.9803042328663545
394352,96,"Augusta, GA",msa,GA,,,,,,,,,,,0.9888354547107632,0.9905555555555556,0.9718937100230232,0.9706471579931826,0.975609756097561,0.9851851851851852,0.981100611450806,1.0,1.0,0.994588542638552,0.9899973670352817,0.9873248832555037,0.9907692307692307,0.9882283696291937,0.9902720863264054,0.9925624405842192,0.9969584319026699,1.0,1.0,1.0,1.0,1.0,1.0,1.0,1.0,1.0,1.0,1.0,1.0,1.0,1.0,1.0004168403501459,1.0,1.0,1.0,1.0,1.0,1.0,1.0,1.0,1.0,1.0107816711590296,1.006896551724138,1.0112534182352109,1.0,1.0,1.0,1.0,1.0,1.0,1.0,1.0,1.0,1.0,1.0,1.0,1.0,1.0,1.0,1.0,0.9901993916863805,0.9795748228428511,0.9908225715889949,0.9984141801816222,0.9934406641658342,0.9937784228350266,1.0,1.0,1.0,1.0,0.9940835345556471,0.9929411764705882,0.9894385769872152,0.9932376668808454,0.9920134510298445,0.9919332818532818,0.995995995995996,1.0,1.0,1.0,0.993762145355616,0.9939393939393939,0.9865470852017937,0.9919988478340882,0.9888422454203785,0.9848122527111824,0.98304
394957,97,"Palm Bay, FL",msa,FL,0.9700562157546431,0.9714285714285714,0.9748589020010262,0.9748389184322332,0.9763183790253693,0.9770733959070627,0.9751142712036567,0.9746835443037974,0.9755487499847484,0.9734991887506761,0.9732360097323601,0.968756931283779,0.9696969696969697,0.9699139741755161,0.9714285714285714,0.9748163416309921,0.9761904761904762,0.9767441860465116,0.977230544532383,0.9743384540765406,0.9773156089193825,0.9764128627702984,0.9777886422167406,0.9785714285714285,0.9723889555822329,0.9768637532133676,0.9787048948201346,0.9812108559498957,0.9770700654334044,0.9791533631332482,0.9788854895104895,0.9826589595375722,0.9833762149799885,0.9818181818181818,0.9845801208585122,0.9825056838055264,0.9827586206896551,0.9832635983263598,0.9923295668834009,1.0,1.0,1.0,1.0,1.0,1.0,1.0,1.0,1.0,1.0,1.0,1.0,1.0011481056257177,1.0026678355229643,1.0,1.0,0.9894736842105263,0.9835616438356164,0.98,0.978236704235699,0.9770114942528736,0.972492358988608,0.9787545787545788,0.9806652819982042,0.9818148748305169,0.9850580586266859,0.9831460674157303,0.9824561403508771,0.9827521535556303,0.9820697919102175,0.9790149041085752,0.9770378572181799,0.9745034975146223,0.9736842105263158,0.9762308998302207,0.9751434245366284,0.978700721317425,0.9795918367346939,0.9784735812133072,0.976528034440038,0.9779179810725552,0.9758789096935717,0.975609756097561,0.9746088740702744,0.9738105551945708,0.9714285714285714,0.9734631284171222,0.9746835443037974,0.975609756097561,0.9767441860465116,0.9765625,0.9746462091870359,0.9738123605935081,0.9705882352941176,0.973383351196856,0.9774692471118692,0.9714285714285714,0.9703138252756573
394711,98,"Jackson, MS",msa,MS,0.9742283058200696,0.9766745407840556,0.9784615384615385,0.9755487499847484,0.98,0.9765115267507612,0.97675803703755,0.9793458940632775,0.9733196712353587,0.9763313609467456,0.9746835443037974,0.9778191291092712,0.96875,0.9734901912157519,0.9749463103196273,0.978654271299813,0.9811715481171548,0.9829311359623308,0.9814505347593583,0.9795748228428511,0.9817636529369813,0.9741969457609269,0.9784172661870504,0.9783212896053363,0.975609756097561,0.9762218871717552,0.9796491228070175,0.9764705882352941,0.981863664790494,0.9814814814814815,0.9844958911106771,0.985982673434932,0.9836751778987024,0.9855839952927331,0.9909828674481514,0.9881020241794749,0.9851199016191843,0.9851470142467414,0.9922779922779923,1.0,1.0,1.0,1.0,1.0,1.0,1.0,1.0,1.0,1.0,1.0,1.0,1.0,1.0,1.0,1.0,1.0,0.9918650793650794,0.9874326750448833,0.9804878048780488,0.9815950920245399,0.9749552772808586,0.9875,0.9841324564612522,0.9839567604667124,0.9892224788298691,0.991557542429877,0.990765679107349,0.9847669105286834,0.9822646657571623,0.9777171441564347,0.9785310734463277,0.9750283446712018,0.9790244861883222,0.9783817320398362,0.9794295130832575,0.9861111111111112,0.9824749440589684,0.9846720946247013,0.9833024118738405,0.9799497487437185,0.9829305768423111,0.9801960392078416,0.9859154929577465,0.9796999117387467,0.9777777777777777,0.9789473684210527,0.9815024537561344,0.9829914957478739,0.9883869880330356,0.9820533924992843,0.9843396681298218,0.9838225080774226,0.98,0.9777777777777777,0.9813209843438159,0.9832635983263598,0.9729187562688064
394666,99,"Harrisburg, PA",msa,PA,0.9815024537561344,0.9798789498188296,0.9882352941176471,0.9893716949107199,1.0,1.0,1.0,1.0,0.9894852941176471,0.9871908900844741,0.991442632285354,0.9860871493938539,0.9822090437361009,0.97868638538495,1.0,1.0,1.0,1.0,1.0,1.0,1.0,0.9992657856093979,1.0,1.0,0.9949986838641748,0.989010989010989,1.0,1.0,1.0,1.0,1.0,1.0,1.0,1.0,1.0,1.0,1.0,1.0,1.0,1.0072438771990342,1.0049103705327276,1.0153459119496855,1.012006861063465,1.0005002501250626,1.0,1.0,1.0,1.0,1.0,1.0,1.0045475216007276,1.0233060661317863,1.0316842690383548,1.0307692307692307,1.0102669404517455,1.0042672647604323,1.0,1.0,1.0,1.0,1.0,1.0,1.0,1.0004001600640255,1.0003096202115955,1.0071013557133635,1.006209895059412,1.0004168403501459,1.0,1.0,1.0,1.0,1.0,1.0,1.0,1.00021510002151,1.001765744555621,1.0,1.0,1.0,1.0,1.0,1.0,1.0,1.0,1.0,1.0,1.0,1.0,1.0003280646092527,1.0,1.0,1.0,1.0,1.0,1.0,1.0
395113,100,"Spokane, WA",msa,WA,0.9943262222769129,1.0,1.0,1.0,1.0,1.0,1.0,1.0,1.0,1.0,1.0,0.9979166666666667,1.0,1.0,1.0,1.0,1.0,1.0,1.0,1.0,1.0,1.0,1.0,1.0,1.0,1.0,1.0,1.0003334444814937,1.0,1.0000210530748015,1.0,1.0,1.0022779043280183,1.0067417763902085,1.0,1.0001852194850898,1.0,1.0108533730580975,1.0252525252525253,1.0384615384615385,1.0522232220468988,1.0554159687325515,1.0394805194805194,1.0266076696165192,1.0170359728933582,1.0024436300005788,1.0,1.0,1.0,1.0002326122354035,1.0290321845829875,1.042430441898527,1.0335630140031118,1.015459230069718,1.0,1.0,1.0,1.0,0.9907407407407407,0.9855042016806723,0.9964912280701754,0.9949874686716792,1.0,1.0,1.0,1.0,1.0,1.0,1.0,1.0,0.994992882549096,0.9904683367188751,0.9988888888888889,1.0,1.0,1.0,1.0,1.0,1.0,1.0,1.0,1.0,0.9922445143477201,0.9973948537576283,0.9963050847457627,1.0,1.0,1.0,1.0,1.0,1.0,0.9959772727272728,0.999033664002807,0.9986320109439124,0.9940555538647269,0.9924812030075187,0.990990990990991
395075,101,"Scranton, PA",msa,PA,,,,,,,,,,0.9231384615384616,0.9402852049910874,0.9119303678946413,0.9547813194959229,0.9593568116799842,0.9387371269630724,0.9652509652509652,0.9627921778636175,0.9746328437917223,0.9749538142189933,0.9568755281902692,0.9661119108645531,0.9627992119796885,0.9610799102949915,0.9598143459915612,0.9537185660781167,0.9780451127819549,0.9722222222222222,0.9657701711491442,0.9383708830624182,0.9637620470255878,0.9849184364419822,0.9810126582278481,0.9793996468510888,1.0,0.998995983935743,0.9752886836027713,0.9902116402116402,0.987413443873946,1.0,1.0,1.0,1.0,1.0,0.9832635983263598,0.987300435413643,0.98,1.0,0.9848480983598193,0.9799834898527982,0.9833100220705113,0.9967657125138589,1.0,1.0,1.0,1.0,1.0,0.9817273880116995,0.9794539064612058,0.9859154929577465,0.9716876173611283,0.9695457762121303,0.975609756097561,0.9729041643935261,0.9755166217430369,1.0,1.0,0.9797816122157017,1.0,0.9911242603550295,0.9913597089586176,1.0,0.9737661182747888,0.9744401902772943,0.9722276234867971,0.9749514076117625,0.9906870222076956,1.0,0.9933534808186619,1.0,1.0,0.9973710457132782,0.9847715736040609,0.9737700415422117,0.9717062017719348,0.9654827413706853,0.9761904761904762,0.9794776119402985,1.0,1.0,0.9901373838411904,1.0,1.0,0.9918694083247914,0.9835294519022428,0.9810126582278481,0.9859126984126985,0.9811320754716981
394460,102,"Chattanooga, TN",msa,TN,0.9778783308195073,0.9783212896053363,0.9875566107118434,0.9859367276322294,0.9878419452887538,0.9851730672056593,0.9933286386624935,0.9864188706218727,0.9855378112812916,0.9854192402026604,0.9807767752059631,0.9828223526853663,0.9795748228428511,0.9819570108669635,0.986658513494822,0.9842571671370388,0.9878128623064857,0.9875,0.9864864864864865,0.9867531765341985,0.9859959988568162,0.9864343675602589,0.9814982116428219,0.9803800727150453,0.9881637300731152,0.9839142091152815,0.9890829694323144,0.9937329807289486,0.9951289420926317,1.0,1.0,1.0,1.0,1.0,1.0,1.0,1.0,1.0,1.0,1.000408329930584,1.0,1.0077364835979137,1.0033444816053512,1.0,1.0,1.0,1.0,1.0,1.0,1.0,1.001669449081803,1.0,1.0103359863255168,1.0028579594169762,1.0,1.0,0.9961992398479695,0.9898916914812869,0.9841249954803486,0.9786595531843948,0.9798739272423482,1.0,1.0,1.0,1.0,1.0,1.0,1.0,1.0,0.9907468074214238,0.9927381257553008,0.9891928572579216,0.982832301797819,0.9911504424778761,0.9931194544102987,1.0,0.997117958294429,0.997887082610465,0.9931506849315068,0.99078476560131,0.9894459102902374,0.9860788863109049,0.9843505477308294,0.9831649831649831,0.9781695824701988,0.9847494553376906,0.9928775900268774,0.9928193001628494,0.9955998044357527,0.9861794029548381,0.9916666666666667,0.9823320504628735,0.9854100482409696,0.9854455696202532,0.9868289429809937,0.9811285148141159,0.9782608695652174
394871,103,"Modesto, CA",msa,CA,0.9908814589665653,1.0,1.0,1.0,1.0,1.0,1.0,1.0,1.0,0.997660328062564,0.9957939777776612,0.9903846153846154,0.9912742400817522,1.0,0.996003984015936,1.0,1.0,1.0,1.0,1.0,1.0,1.0,1.0,1.0,0.9959855479727018,1.0,1.0,1.0,1.0,1.0,1.0,1.0002632271650433,1.0008440153260296,1.0052904799349602,1.0055027513756878,1.0002273243919073,1.0003705075954057,1.0100840336134453,1.0169491525423728,1.0273972602739727,1.0291986359761296,1.0352971626387137,1.0317460317460319,1.0220440881763526,1.0148551257537872,1.0098581973581973,1.004626862480157,1.0096812444416705,1.0003295203125735,1.0114150526426053,1.0226110801264174,1.0234938357757617,1.0153453132164456,1.0042735042735043,1.0,1.0,0.9944444444444445,1.0,0.9929701230228472,1.0,0.9958529249798789,1.0,1.0,1.0,1.0,1.0002000400080016,1.0,1.0,1.0,1.0,1.0,1.0,1.0,1.0,1.0001962109460665,1.0001587553579934,1.0,1.0,1.0,1.0,1.0,1.0,1.0,1.0,1.0,1.0,1.0,1.0,1.0,1.0,1.0,1.0,0.9934105600794345,1.0,1.0,1.0,1.0
394768,104,"Lancaster, PA",msa,PA,0.9875945411427485,0.9863013698630136,0.9919199692189303,0.9935760171306209,1.0,1.0,1.0,1.0,1.0,0.9895750897253833,0.9981068185582724,0.9899104949104949,0.9876097211981494,0.9848484848484849,0.9867924528301887,1.0,1.0,1.0,1.0,1.0,1.0,1.0,1.0,0.9945421467556095,0.989111111111111,1.0,1.0,1.0,1.0,1.0,1.0,1.0,1.0,1.0,1.0,1.0,1.0,1.0,1.0,1.0,1.0,1.0,1.0,1.0,1.0,1.0,1.0,1.0,1.0,1.0,1.0,1.0002703433360367,1.0272887021062203,1.0005885815185402,1.0004589647785078,1.0,1.0,1.0,1.0,1.0,1.0,1.0,1.0,1.0,1.0,1.0004349717268377,1.00026395873767,1.0002073024167104,1.0002632271650433,1.0,1.0,1.0,1.0,1.0,1.0,1.0,1.0,1.0,1.0004907887192425,1.0,1.0,1.0,1.0,1.0,1.0,1.0,1.0,1.0,1.0003031221582297,1.0003175611305177,1.0001943774299302,1.0,1.0,1.0,1.0,1.0,1.0
394997,105,"Portland, ME",msa,ME,0.9764108689160944,0.9947789176304023,0.9879644766339024,0.9861751152073732,1.0,0.9926470588235294,0.9915535178980779,0.9882352941176471,0.9879116298457691,0.9890625416941207,0.9788721916381491,0.9812822181072018,0.9786142270638837,0.979019755539332,0.9830946427850644,0.9925373134328358,1.0,1.0,1.0,1.0,1.0,0.9873417721518988,0.9942857142857143,0.9945126986077103,0.9916022254549166,0.9930811495690909,1.0,1.0,1.0,1.0,1.0,1.009983312846693,1.0,1.0,1.0,1.0,1.0,1.0,1.0,1.0156787406310435,1.0056664255909076,1.0556381909547738,1.0485714285714285,1.037037037037037,1.0150375939849625,1.0150384441429217,1.011111111111111,1.0162945301396749,1.0153969195751664,1.0308991179304723,1.0612492419648272,1.0578979866363816,1.0702341137123745,1.0607966457023061,1.037759439859965,1.0194174757281553,1.0002944590499636,1.0003819643535843,1.0,1.0,1.0,1.0,1.008251215325713,1.0200364298724955,1.0305084745762711,1.0421545667447307,1.0285714285714285,1.0222222222222221,1.0083764755672031,1.0028254224166142,1.0,1.0,0.9879101899827288,1.0,1.0,1.0021983124162013,1.0125489545586905,1.008493526165831,1.007162,1.0,1.0,1.0,1.0,0.9957975429806507,0.9878458474356957,1.0,1.0,1.0,1.0,1.0,1.0,1.0,1.0,1.0,0.9901980396079216,0.9906524584034399,0.9904835890464168
395245,106,"Youngstown, OH",msa,OH,0.9568038561364479,0.9528346831824679,0.9686365012106537,0.9596899224806201,0.9568345323741008,0.9697075072415371,0.9736842105263158,0.9577245641818821,0.9642426677380475,0.9650180940892642,0.9719626168224299,0.9568480300187617,0.9505280711506392,0.9702809269359061,0.9614424043281758,0.9661156861778195,0.9705882352941176,0.9693558474046279,0.9741969457609269,0.9666747223564838,0.9655172413793104,0.9670696123384743,0.9677915878245333,0.9595959595959596,0.9654826254826254,0.9633660768621327,0.9646761734997029,0.9824689554419284,0.975688514919117,0.9827777777777778,0.9960136043660524,0.9923017705927637,1.0,0.9897200161389884,0.9894422436387262,0.9913789903489236,0.9811219254994727,0.9866566056452293,0.9908256880733946,1.0,1.0,1.0,1.0,1.0,1.0,1.0,1.0,1.0,1.0,0.9882758522696997,1.0,1.0,1.0004651162790699,1.0,1.0,1.0,0.9985904956798545,0.9948586118251928,0.9797190130014461,0.9716861081654296,0.9650568906776997,0.9666666666666667,0.9795918367346939,0.9941176470588236,1.0,1.0,1.0,1.0,0.9880239520958084,0.9847715736040609,0.9714285714285714,0.9732441471571907,0.9720176730486009,0.979381443298969,0.984375,0.9925460965084347,1.0,1.0,1.0,0.9895722494147691,0.9876238812781275,0.9777777777777777,0.9836612204068023,0.9743354511488318,0.9653841033151378,0.9731623161690598,0.9834755134281201,0.9829784151818051,0.9956704992405268,1.0,0.9936507936507937,0.9815668202764977,0.9826563434432267,0.9800769542324828,0.9728678094436849,0.9788916736285158,0.9714285714285714
394770,107,"Lansing, MI",msa,MI,0.9781818181818182,0.9848866498740554,0.9960474308300395,1.0,1.0,1.0,1.0,1.0,0.9968060161650008,0.9954977488744372,0.9876543209876543,0.9861189757207232,0.9735916996384959,0.9840147115756872,0.9870334979030632,1.0,1.0,1.0,1.0,1.0,1.0,0.9974424552429667,0.9857290194238828,0.9856936538951662,0.9798994974874372,0.9838709677419355,0.9963607151424301,1.0,0.9919967987194878,1.0,1.0,1.0002232486528098,1.0,1.0,1.0,1.0,1.0,0.9954219629089394,1.0,1.0112303568974208,1.0300176574455562,1.0351351351351352,1.0246348668176595,1.009040729583121,1.000555864369094,1.0,1.0,1.0,1.0,1.0,1.0081678978147122,1.0271267502001775,1.0330985915492958,1.0361301881158556,1.0133362976137543,1.0000066239766423,1.0,1.0,1.0,0.9906542056074766,0.9858128479364325,1.0,1.0,1.0002780696388671,1.0008719732321674,1.018552875695733,1.0165562913907285,1.0097102774364983,1.0003853338297155,1.0,1.0,1.0,1.0,1.0,1.0,1.0,1.0033344820258043,1.0158730158730158,1.0083947084321139,1.0,1.0,1.0,1.0,0.9931468445103124,1.0,0.9951871410042616,1.0,1.0,1.0006159095037794,1.0002632271650433,1.0001923446816696,1.0,1.0,1.0,0.9921938628274602,0.9923425535239881,0.9863013698630136
394589,109,"Fayetteville, NC",msa,NC,0.985,0.9840738916178837,0.9903600464576074,0.9879116298457691,0.9887288622055765,0.9926082365364308,0.9906976744186047,0.9888888888888889,0.9881656804733728,0.9887409968308845,0.9886677367576244,0.9850511038189667,0.9851655161822146,0.9882865517340957,0.9892704970094744,0.9888475836431226,0.992080033347228,1.0,0.9949409780775716,0.9896907216494846,0.9907399468404356,0.9939959973315544,0.9887075825914469,0.9906976744186047,0.9910017633407509,0.9924810967422797,0.9930992049576539,1.0,1.0,1.0,1.0,1.0,1.0,1.0,1.0,1.0,1.0,1.0,1.0007555563925263,1.0011778563015312,1.0133333333333334,1.0185185185185186,1.0202030305050909,1.014700736837772,1.0141509433962264,1.0114614121510672,1.0036537195523372,1.0009964271499494,1.0058349541539315,1.0103565365025466,1.0224747474747473,1.0323355148511018,1.0331289003658275,1.0288653901114604,1.0207407407407407,1.0065080821627725,1.0004448619434552,1.0,1.0,1.0,1.0,1.0,1.0,1.0004239084357778,1.0003255028060059,1.0004185851820846,1.0003380137789448,1.0,1.0,1.0,1.0,1.0,1.0,1.0,1.0,1.0,1.0,1.0,1.0,1.0,1.0,1.0,1.0,1.0,0.9967159277504105,1.0,1.0,1.0,1.0,1.0,1.0,1.0,1.0,0.9941860465116279,1.0,1.0,0.9989701338825953
394792,110,"Lexington, KY",msa,KY,0.9717062017719348,0.9795759832666336,0.9821157926644438,0.9822646657571623,0.9884919122416365,0.9917565020731247,0.9841269841269841,0.9844155844155844,0.9802962530361954,0.9812782440284055,0.9805013927576601,0.9763869525131481,0.9741656401729124,0.9777777777777777,0.981459799129921,0.9854927463731866,0.9877941745623311,0.9879541878414165,0.984873949579832,0.9833333333333333,0.9836065573770492,0.9813333333333333,0.979280424309841,0.9818451278251205,0.9794344473007712,0.9782608695652174,0.9833762149799885,0.9887507400828893,0.9871539125276385,0.9943116000647145,1.0,0.9920424403183024,0.9962317532107109,0.9972677595628415,0.9924585769980507,0.9928,0.9867531765341985,0.9899205522271425,1.0,1.0,1.0003775009437523,1.0056136524944477,1.0,1.0,1.0,1.0,1.0,1.0,1.0,1.0,1.0002883116883117,1.0097087378640777,1.0187067142961288,1.0025787965616046,1.0,1.0,1.0,0.9913228177092669,0.9887981421661308,0.98,0.9811320754716981,0.9844961240310077,0.9938820912124583,1.0,1.0,1.0,1.0,1.0,1.0,0.9864828331981617,0.985329421178981,0.9789701257861635,0.985670314637483,0.9903773380906044,0.9994284081166047,1.0,1.0,1.0,1.0,0.9900896919702773,0.9866116174056443,0.9857929834734706,0.9912512972885484,0.9834216725559481,0.9825707233719385,0.9774948852011821,0.9975566825775657,0.9908069748433823,0.9960379064674121,0.9932172208034277,0.9880952380952381,0.9855179632455177,0.9863945578231292,0.9820359281437125,0.9848679148499615,0.981103741709423,0.9803921568627451
394971,111,"Pensacola, FL",msa,FL,,,,,,,,,,,,,,,0.9839357429718876,0.9893048128342246,0.9970398442207107,0.9934258582907232,0.9924242424242424,1.0,1.0,0.9872516897419634,0.9892857142857143,0.9833621584226911,0.9905992445054945,0.987460815047022,0.9848566748566749,0.9872571428571428,1.0,0.9979995554567682,1.0,1.0,1.0,1.0,1.0,1.0,0.9955,1.0,1.0,1.0,1.0062893081761006,1.0,1.0055555555555555,1.0,1.0,1.0,1.0,1.0,1.0,1.0,1.0,1.0,1.0014894795127351,1.0023513513513513,1.0,1.0,1.0,0.9863569484945446,0.987012987012987,0.9833194328607172,0.9773828756058158,0.9859959988568162,0.9874326750448833,0.9846827133479212,0.9918478260869565,0.9966012806533022,0.993103448275862,0.9875388198757764,0.9851632047477745,0.9834526444570391,0.9818316548216511,0.9844097222222222,0.9796610169491525,0.9863469065482007,0.9848987886836493,0.9832713176687637,0.9910401399763102,0.986798239765302,0.9852933225195999,0.9830769230769231,0.9833194212576516,0.9843589604836539,0.9803921568627451,0.9806648575305292,0.9825551938644527,0.9857142857142858,0.982844878325993,0.9838546922300706,0.9870043261173638,0.9820466786355476,0.9848484848484849,0.9811320754716981,0.9778864318257584,0.9776394998271525,0.9811392646218328,0.9787368013174464,0.9787341772151898
395068,112,"Santa Rosa, CA",msa,CA,1.0,1.0,1.0,1.0,1.0,1.0,1.0,1.0,0.9928091484687944,0.9888641425389755,0.9878037157849003,0.9865083157008623,0.9848484848484849,0.9902255639097745,0.9938913100160167,0.9963440670348016,1.0,0.9942049008884539,0.9951159951159951,0.9963603275705186,0.9914931834334819,0.9919369498977295,0.9925746325200788,0.9901867459570464,0.9835164835164835,1.0,1.0,0.9943977591036415,0.9865656742260599,0.9916924032505736,0.997080291970803,0.996415770609319,1.0,1.0,1.0,1.0,0.9993365458481738,1.0,1.0000510230113782,1.0107120630438493,1.0153592741396527,1.0186757215619695,1.0118662604765996,1.010557019109254,1.0025375909717547,1.0026702269692924,1.0,1.0,1.0007506255630318,1.030967741935484,1.0439323419230333,1.0526315789473684,1.037410071942446,1.0149550107192638,1.001669449081803,1.0,1.0,1.0,0.9948652118100129,0.9897259068998276,0.987088444157521,1.0,1.0,1.0,1.0074268749695818,1.0078023407022108,1.001669449081803,1.0,1.0,1.0,1.0,1.0,0.9923076923076923,1.0,1.0,1.0,1.0054039206271446,1.0,1.0,1.0,1.0,1.0,1.0,0.9941168327796235,1.0,1.0,1.0,1.0,1.0,1.0,0.9936506528045825,0.9959302325581395,0.9887005649717514,0.994413407821229,0.9873060648801129,0.9916317991631799,0.9823356061481567
395019,113,"Reno, NV",msa,NV,0.9895013476813084,0.99,1.0,0.9979064898813678,1.0,1.0,1.0,0.9904759384211852,0.9895104895104895,0.9881617345280262,0.9878419452887538,0.9856115107913669,0.9831113164446498,0.9875388198757764,0.9882077660632052,0.992551630337521,0.9951319559155647,0.9915430001787949,0.9904685248334709,0.9918032786885246,0.9920634920634921,0.9870200108166577,0.9895986137313306,0.9883036935704514,0.9861456307798042,0.9902058353069986,0.9975062344139651,0.9973363967704632,0.9919839679358717,0.9935275080906149,1.0,1.0,1.0,1.0,1.0,1.0,1.0,1.0,1.018296702067425,1.0256410256410255,1.0286225402504472,1.024390243902439,1.020306622653675,1.0113358524116471,1.0017184616520263,1.0,1.0,1.0,1.0,1.0,1.0088692232055063,1.003529649465682,1.0001769546210493,1.0,0.9922226292887435,0.9873708381171068,0.9893454852101713,0.9809523809523809,0.9764382017676727,0.9789684315842132,0.9800779795237604,0.9813405413994507,0.9880118546087375,1.0,1.0,1.0,0.9993830768231704,0.993676603432701,0.9949200430909361,0.9922958409575791,0.987524290711232,0.9871794871794872,0.9887292194984503,0.9942111770217757,0.9927764741399421,1.0,1.0,1.0,0.9927140255009107,0.9921666666666666,0.9884587634587635,0.9912126537785588,0.9913267169341153,0.9853311601718773,0.9907468074214238,0.9947368421052631,0.9955135628702507,0.9906542056074766,0.9942135828089436,0.9982543706523741,0.9921752738654147,0.9897504456327986,0.986232790988736,0.9879310344827587,0.9885472820835683,0.9871794871794872,0.9914891806208642
394698,114,"Huntsville, AL",msa,AL,,0.9856843676320348,0.984609465178915,0.990909090909091,0.9939959973315544,0.9899888765294772,0.9863851069741595,0.9832591816319726,0.9854545454545455,0.9911912464720929,0.9894736842105263,0.9822646657571623,0.9940944978845595,0.9846153846153847,0.9969780410849274,1.0,1.0,1.0,1.0,0.9919199692189303,1.0,0.991997332444148,1.0,1.0,0.9943863636363637,1.0,1.0,1.0,1.0,1.0,1.0,1.0,1.0,1.0,1.0,1.0,1.0,1.0,1.0013885921811578,1.0129870129870129,1.0255127563781892,1.0275913781225379,1.0217391304347827,1.0164637549114515,1.008955223880597,1.006559139784946,1.0,1.0005491741161956,1.0004402326147321,1.011685858631833,1.0172465060957478,1.0252716704574172,1.0182743969978012,1.0127388535031847,1.0040032186841614,1.0,1.0,1.0,1.0,0.9945205479452055,0.9887096774193549,0.9878994375236398,1.0,1.0,1.0,1.0,0.997866303484281,1.0,1.0,0.9904761904761905,0.9835519034593196,0.9846153846153847,0.9854440048006375,0.9874114328258963,0.9911879699248121,0.9896919451585262,0.9907390257455084,1.0,0.9894597972503818,0.9914750351617441,0.9923133085990798,0.9860664523043944,0.9857142857142858,0.9865716634694437,0.9827543349096641,0.9883720930232558,0.9879725085910653,0.9892574661501154,0.9958878965906556,0.9940301403954563,0.9893315552592099,0.9861111111111112,0.987012987012987,0.9909346670834636,0.9875667264370659,0.9866666666666667,0.9828571428571429
394995,115,"Port St. Lucie, FL",msa,FL,0.9678496059261812,0.9682274247491639,0.9688581314878892,0.96579476861167,0.9665266106442577,0.9721031065370688,0.9695692435418464,0.9712230215827338,0.9663503019844694,0.9748589020010262,0.9696503317126635,0.9701510223428076,0.9665093279388627,0.9661016949152542,0.9696769808907012,0.9713382075084203,0.9667955727430324,0.9694323144104804,0.9720591965513936,0.9701492537313433,0.967741935483871,0.9693940809075541,0.9726650062266501,0.9646952511529353,0.9615384615384616,0.970873786407767,0.972680964277603,0.9693558474046279,0.9706138492679942,0.9698492462311558,0.9787234042553191,0.9763067170187913,0.9777777777777777,0.9773581681476418,0.9745958429561201,0.9748010610079576,0.9803921568627451,0.978596415037093,0.9907407407407407,1.0,1.0,1.0,1.0,1.0,1.0,1.0,1.0,1.0,1.0,1.0,1.0,1.0,1.0,1.0,1.0,0.9918319719953326,0.9825582721776493,0.9819617224880383,0.977728285077951,0.9766277128547579,0.9694584204873085,0.9710690771119295,0.976723201461164,0.974025974025974,0.9764507823331352,0.9785202863961814,0.9821428571428571,0.9784921369102683,0.9804232978750875,0.9791858603141177,0.9747338720020521,0.9764229578471064,0.9734848484848485,0.9749126706891077,0.9757081038552321,0.9743589743589743,0.9749303621169917,0.9746088740702744,0.9754151404151403,0.9750024375060937,0.9752762264640233,0.9750121876523457,0.9714285714285714,0.9715633423180593,0.9688581314878892,0.9730538922155688,0.9650781686681685,0.9694989106753813,0.9696969696969697,0.9679135209334249,0.9692307692307692,0.9667472356503861,0.9698996655518395,0.9687847995545658,0.9710384174779962,0.967032967032967,0.9670886075949368
394761,116,"Lafayette, LA",msa,LA,0.9741731078589084,0.967806509349536,0.9774436090225563,0.9803340060106217,0.9785539660639508,0.9762218871717552,0.9741976085588421,0.9741935483870968,0.978670237875336,0.9727626459143969,0.9808102345415778,0.9759001961440315,0.9774193548387097,0.9735546066978078,0.979064039408867,0.9812332439678284,0.9826589595375722,0.98,0.978909457752716,0.9832425374182134,0.979381443298969,0.9779182678401719,0.9761904761904762,0.9807568954457986,0.9712230215827338,0.9775172918329342,0.9833101207056638,0.9890089151587895,0.9829523440526927,0.9831220623842758,0.9863013698630136,0.9836511047754811,0.9871794871794872,0.9908952959028832,0.9866577718478986,0.9887315896394109,0.9881656804733728,0.9807585548375635,0.9814691878033147,1.0,0.9968409968409968,1.0,1.0,1.0,0.9979591836734694,1.0,1.0,1.0,1.0,1.0,0.9976720984369803,1.0,1.0,1.0,1.0,0.9936645548516172,0.992,0.9864864864864865,0.9909320660717309,0.9798989898989898,0.9777777777777777,0.9881296231067278,0.9814823883311763,0.9826589595375722,0.9908225982992338,0.9868421052631579,0.9871789603451818,0.9890650994293888,0.9815567364801501,0.9825198291641244,0.9767441860465116,0.9818181818181818,0.9885965706024986,0.9754809874484739,0.9810924369747899,0.9795224455568707,0.9873417721518988,0.9833333333333333,0.9863013698630136,0.9837435648372996,0.9887904980457771,0.9871139625924314,0.9842105263157894,0.9788604766633565,0.9775641025641025,0.9830747243772968,0.9809358752166378,0.9883036935704514,0.9880239520958084,0.9861739407454604,0.9895833333333334,0.9811369417121716,0.98681218735789,0.9903846153846154,0.9876855939004816,0.9965957645649799,0.9890968508615567
394898,117,"Myrtle Beach, SC",msa,SC,0.9665548098434005,0.9652173913043478,0.9672131147540983,0.9686174724342663,0.9685230024213075,0.968664779683422,0.9694516268244372,0.9702850212249848,0.9693558474046279,0.9720103484007621,0.9701833556868065,0.9666666666666667,0.9645028738369693,0.9693678760026678,0.968459142748314,0.9702127659574468,0.9705882352941176,0.9728260869565217,0.9708712121212122,0.9710896960711638,0.9724300064116265,0.967741935483871,0.9689602036517061,0.97,0.968421052631579,0.9657131661442007,0.9694142042509072,0.97256510612675,0.9656652360515021,0.9699954531676265,0.9739405106607002,0.9761904761904762,0.9779951100244498,0.978161965423112,0.979225202213708,0.9779912657040488,0.9777171441564347,0.9777777777777777,0.9812108559498957,0.9877469367341836,1.0,1.0,1.0,1.0,1.0,1.0,1.0,1.0,0.9920273348519362,1.0,1.0,1.0,1.0,1.0,1.0,0.9888910864246365,0.9845080207149173,0.9789841737210159,0.9777777777777777,0.9770635308261637,0.9749620552770505,0.9693799046007078,0.9776155881178661,0.9791666666666666,0.9803921568627451,0.9810118976084605,0.9812523735278231,0.9772470529773075,0.9758477677482312,0.9768612795518625,0.9748427672955975,0.9721757710888146,0.9717868338557993,0.972972972972973,0.9753787878787878,0.9749968742185546,0.975975975975976,0.9752438109527382,0.9749487120202877,0.9731095727581764,0.9719652498114122,0.9734991887506761,0.9714285714285714,0.9712890395581031,0.9694236864141783,0.9694793536804309,0.975,0.9719298245614035,0.973568281938326,0.9731702411449622,0.9726054043983682,0.972972972972973,0.9701492537313433,0.9702613397416642,0.9712918660287081,0.9693259597245651,0.9692671394799054
395116,118,"Springfield, MO",msa,MO,0.9800950683303624,0.9802451225612807,0.9879116298457691,0.9903448275862069,0.9889445037289282,0.9967974379503602,0.9911929543634908,0.9865782705557282,0.9837722185648453,0.9870967741935484,0.9847773587388144,0.9818907847074374,0.9741969457609269,0.9834190966266438,0.9872192731727236,0.987520243303632,0.9939365217722451,0.9954337899543378,0.9896551724137931,0.9930039138943249,0.9905955188679245,0.9866666666666667,0.9890859481582538,0.9854764855292184,0.983204832871045,0.9879393488050885,0.9943714821763602,0.9919731272790806,1.0,0.9976793263854464,1.0,1.0,1.0,1.0,1.0,1.0,0.9979540804728347,1.0,1.0,1.0,1.0029042857142856,1.0008340283569641,1.0,1.0,1.0,1.0,1.0,1.0,1.0,1.0,1.0,1.002894639502488,1.0022271714922049,1.0,1.0,1.0,0.9944392956441149,0.9886613491370854,0.9823372852649407,0.981191037735849,0.9787626962142197,0.9808478306434709,0.9877469367341836,0.992677399187246,1.0,1.0,1.0,1.0,0.9971428571428571,0.9969378214118747,0.9879518072289156,0.9839354838709677,0.9743589743589743,0.9845382354254613,0.9879911154259153,0.998297147722435,1.0,0.9917284101955932,1.0,0.9883239326551543,0.9868421052631579,0.984375,0.9840751327072275,0.9851301115241635,0.9786831403542073,0.9830976198689203,0.987681854763821,0.990432289039586,0.9912484372209323,1.0,0.9886628876292097,0.9903903869240004,0.986321094312455,0.9861972394478896,0.9866220735785953,0.9886363636363636,0.9828009828009828
395195,119,"Visalia, CA",msa,CA,1.0,0.9896067855990411,1.0,1.0,0.9980392156862745,0.9980374787543571,1.0,1.0,0.9812108559498957,0.9898341359015517,0.981485116611543,0.9984740590030519,0.9898979591836734,0.9931818181818182,0.9922779922779923,0.9988851727982162,0.9947185714069156,1.0,1.0,0.9974993053626007,0.9913494809688581,1.0,0.9944298623243528,1.0,1.0,0.9940481461584025,1.0,1.0,1.0,1.0,1.0,1.0,1.0,1.0,1.0,1.0,1.0,1.0,1.0001567205259787,1.0003334454006865,1.0160010240655402,1.0127057080725876,1.022731921508734,1.0121457489878543,1.0143357226204368,1.0051413881748072,1.0003334444814937,1.0003129034476208,1.0001909456268412,1.0000022935832422,1.0050011907597047,1.0159077489493245,1.0123832491195834,1.000227441925659,1.0,1.0,1.0,1.0,0.9927212737561648,1.0,0.9901299371913346,1.0,1.0,1.0,1.0,1.0,1.0,1.0,1.0,0.9940468227424749,1.0,0.9912574022529002,1.0,1.0,1.0,1.0,1.0,1.0,1.0,1.0,1.0,1.0,0.9979995554567682,0.9859625668449198,1.0,1.0,1.0,1.0,1.0,1.0,1.0,1.0,1.0,1.0,1.0,1.0,0.9888579387186629
394746,120,"Killeen, TX",msa,TX,0.987012987012987,0.9879839786381842,0.9883871771598187,0.99250355688564,0.9929309484138421,1.0,0.995095549785664,0.9939306210551083,0.9922751133381055,0.9867683337071093,0.985663082437276,0.9852507374631269,0.9864864864864865,0.9904306220095693,0.9935747299389868,0.9991663192997082,1.0,1.0,1.0,0.9999746389675885,1.0,0.9950667013644614,0.9959376076808284,0.9974774807562826,0.9910569105691057,0.9939959973315544,1.0,1.0,1.0,1.0,1.0,1.0,1.0,1.0,1.0,1.0,1.0,1.0,1.0,1.0055182665885851,1.0141706029452626,1.024390243902439,1.0291891891891891,1.020208004739754,1.0145137880986939,1.0126582278481013,1.0046785225718193,1.0003903044966445,1.0,1.0006064281382656,1.014686248331108,1.0266666666666666,1.0214322194007837,1.0168079096045197,1.0003096202115955,1.0,1.0,1.0,1.0,1.0,0.9889195684409675,0.9933646872803146,1.0,1.0,1.0,1.0,1.0,1.0,1.0,0.9978151797117314,0.9903200304512049,0.9816176470588235,1.0,0.9956676157653075,0.9951658609768295,0.9981785063752276,1.0,0.9998902412253957,0.9903737128311929,0.9903846153846154,0.9908992253596545,0.9982977207977208,1.0,0.9959183673469387,0.9919839679358717,0.9957903824707015,0.9971866208190059,0.9971419498253413,0.992872086072923,1.0,0.995577679503989,0.991304347826087,0.9900441289569876,0.9932558139534884,0.9880235226620768,0.9870395252491322,0.99241773962804
394338,121,"Asheville, NC",msa,NC,0.9701492537313433,0.968937943684459,0.9769230769230769,0.9768339768339769,0.9824045407636739,0.9758592471358429,0.9799196787148594,0.9737827715355806,0.9741430542290141,0.972883631713555,0.974102413184226,0.9681949034267439,0.963771286262368,0.9714285714285714,0.9711733072705518,0.9717868338557993,0.9759946642952424,0.975609756097561,0.9789473684210527,0.9784313725490196,0.9766699653636813,0.9768637532133676,0.9738058551617874,0.9705882352941176,0.9741657397107898,0.9719859325118037,0.9728022759601707,0.9796436341033876,0.9764161779819842,0.9798270893371758,0.9796604072235413,0.9802196001510333,0.98,0.9814594008142394,0.9862068965517241,0.9816291815003233,0.9821428571428571,0.9935243029365032,0.9970089331503397,1.0,1.0,1.0,1.0,1.0,1.0,1.0,1.0,1.0,1.0,1.0,1.0,1.0080056621579114,1.0123456790123457,1.0033444816053512,1.0,0.9937421777221527,0.9880952380952381,0.985823977287392,0.9800509653003913,0.98,0.9688195991091314,0.9659090909090909,0.9820339994035192,1.0,1.0,1.0,1.0,1.0,1.0,1.0,0.9889569892473118,0.9767441860465116,0.9672743498215196,0.9892729363659596,0.9859154929577465,1.0,1.0,1.0,0.9868632861906405,0.9829059829059829,0.9806451612903225,0.9864864864864865,0.974093567251462,0.980336177583884,0.9798994974874372,0.98228754844013,0.9612878048780488,0.9831128503303284,0.9801340826185547,0.9745255599247734,0.9777530589543938,0.974276906663384,0.9709316770186336,0.9714285714285714,0.9737830114308238,0.9689666795069338,0.9661016949152542
395244,122,"York, PA",msa,PA,0.987385819921705,0.9923969587835134,1.0,1.0,1.0,1.0,1.0,1.0,1.0,0.9980410083980891,1.0,1.0,0.9951559721913545,0.9891173995698525,0.9950691693467595,1.0,1.0,1.0,1.0,1.0,1.0,1.0,1.0,1.0,1.0,1.0,1.0,1.0,1.0,1.0,1.0,1.0,1.0,1.0,1.0,1.0,1.0,1.0,1.0,1.0,1.0,1.0,1.0,1.0,1.0,1.0,1.0,1.0,1.0,1.0,1.0,1.0033333333333334,1.0082815131493716,1.013157894736842,1.0,1.0,1.0,1.0,1.0,1.0,1.0,1.0,1.0,1.0002326122354035,1.00003571556127,1.0003847633705272,1.0,1.0,1.0,1.0,1.0,1.0,1.0,1.0,1.0,1.0,1.0,1.0,1.0,1.0,1.0,1.0,1.0,1.0,1.0,1.0,1.0,1.0,1.0,1.0,1.0,1.0,1.0,1.0,1.0,1.0,1.0
395183,123,"Vallejo, CA",msa,CA,1.0,1.0,1.0,1.0,1.0,1.0,1.0000116328653936,1.0,1.0,1.0,0.9986878553725033,0.9936508612385884,0.992122141662019,0.9864864864864865,1.0,1.0,1.0,1.0,1.0,1.0,1.0,1.0,1.0,1.0,0.9969989996665555,1.0,1.0,1.0,1.0,1.0,1.0,1.0,1.00002875165322,1.0058907645639361,1.0087873462214412,1.0038465094775773,1.003921568627451,1.0120499419279907,1.029253110976411,1.0315631341749467,1.0468398590654258,1.052139087030573,1.0344827586206897,1.0256410256410255,1.02000204000408,1.0125,1.0093457943925233,1.008517311866418,1.0100083472454089,1.0197222432362598,1.025823983461981,1.037037997258294,1.0236694677871148,1.0147275405007363,1.0,1.0,1.0,1.0,1.0,0.9888765157139322,0.9897863470557582,1.0,1.0,1.0,1.0101010101010102,1.0069977811913295,1.0030349013657056,1.001977143604479,1.0,1.0,1.0001262787300096,1.0,1.0,1.0,1.0,1.0,1.0,1.0,1.0,1.0,1.0,1.0,1.0,1.0,1.0,1.0,1.0,1.0,1.0,1.0,1.0,1.0,1.0,1.0,1.0,1.0,1.0
753917,124,"Santa Maria, CA",msa,CA,0.9836065573770492,0.9912088144867548,0.994535519125683,0.9943714821763602,0.989330500194394,0.9895432632572934,0.9891433306385649,0.9851907561876111,0.9866666666666667,0.9839893262174784,0.9865484591511988,0.9794378875352465,0.9849749582637729,0.987012987012987,0.9896871153147888,0.9871794871794872,0.9878213802435724,0.9896864364103632,0.989937106918239,0.9877300613496932,0.9878502949852508,0.9858870967741935,0.9854755859626881,0.988009592326139,0.9872945209986708,0.9906759906759907,0.9940828402366864,0.9990476190476191,0.985691573926868,0.9863013698630136,0.9924812030075187,0.9956807782985901,1.0,1.0,1.0,1.0,1.0,1.0,1.0030876729144045,1.0175654853620955,1.013731140871334,1.0264462809917356,1.0250807750593305,1.0213618157543392,1.0128872430051787,1.0184167684167684,1.011215932914046,1.0103435890381647,1.0021321961620469,1.014722960539767,1.0251256281407035,1.0250523012552302,1.0315186246418337,1.0122699386503067,1.0,1.0,1.0,0.9917355371900827,0.9910892889616294,0.9918573919849379,0.987174805531547,1.0,1.0,1.0,1.0,1.0,1.0029498525073746,1.0,1.0,1.0,1.0,0.9981210825769544,1.0,1.0,1.0,1.0,1.0,1.0,1.0,0.9995961227786753,0.994277539341917,1.0,0.990724801653163,0.9960511679644048,0.9870294059933282,1.0,0.9955726628987203,1.0,1.0,1.0,1.0,0.9980952380952381,1.0,0.9921290322580645,0.9941089837997055,0.9874725852456636,0.9936406995230525
395050,125,"Salinas, CA",msa,CA,0.981651376146789,0.9829383886255925,0.9918319719953326,0.992831541218638,0.9926121372031662,0.9900990099009901,0.988619119878604,0.993322203672788,0.9902370990237099,0.9857151631909543,0.988050494368647,0.9831121833534379,0.984,0.97783295895924,0.9856406733081415,0.9927162172903181,0.9900825064657928,0.992,0.9852507374631269,0.9848907507698322,0.9866666666666667,0.9886018346769828,0.9879919946631087,0.9781512605042016,0.9797101449275363,0.9869523332309939,0.9851580985158098,0.9908427530223017,0.9863429438543247,0.9854669726061498,0.992515839955193,0.9935897435897436,0.9945872801082544,0.9921156472909395,1.0,1.0,1.0004236244709503,1.0,1.0001744847138498,1.0,1.0084033613445378,1.001504954993327,1.0168067226890756,1.0097569868268788,1.0001115793739594,1.0,1.0,1.0,1.004040404040404,1.0018214936247722,1.0112776490893403,1.0077008399376821,1.0027027027027027,1.0,1.0,0.9921101774042951,0.9926758430500731,0.9877047115142352,0.9849749582637729,0.9845061329890252,0.9904727338716994,0.9967637633603899,0.9933988666388541,0.9981383452544805,1.0,1.0,1.0,1.0,1.0,0.9946380697050938,0.993940990516333,0.9939393939393939,0.9914529914529915,0.994973323623128,1.0,1.0,1.0,1.0,0.9907621247113164,0.9965075669383003,0.9948834565093804,0.9907056133926402,0.9904678421158084,0.9947075042846129,0.9910549450549451,0.9892284496506132,0.9945872801082544,1.0,0.9914181477390636,0.9826235718520453,0.9836916234247591,0.9815242494226328,1.0,0.9807537596342133,0.9856218447549716,0.9812080536912752,0.9874213836477987
395048,126,"Salem, OR",msa,OR,1.0,1.0,1.0,1.0,1.0,1.0,1.0,1.0,1.0,1.0,1.0,1.0,1.0,1.0,1.0,1.0,1.0,1.0,1.0,1.0,1.0,1.0,1.0,1.0,1.0,1.0,1.0,1.0,1.0,1.0,1.0,1.0,1.0043154178109062,1.0,1.0034482758620689,1.0002765923369292,1.018181818181818,1.0142886122531778,1.018902545964452,1.0248026295652781,1.035746414886781,1.032591158438206,1.0273972602739727,1.023012149645134,1.0087082728592163,1.004061111111111,1.0,1.0,1.0033444816053512,1.003588722356147,1.0209694052939153,1.0250801983085447,1.0182821554256078,1.0129870129870129,1.0,1.0,1.0,1.0,1.0,1.0,1.0,1.0,1.0,1.0,1.0,1.0,1.0,1.0,1.0,1.0,1.0,1.0,0.9990907253990705,1.0,1.0,1.0,1.0,1.0,1.0,1.0,1.0,1.0,1.0,1.0,1.0,1.0,1.0,1.0,1.0,1.0,1.0,1.0,1.0,1.0,1.0,1.0,0.9983922829581994
394870,127,"Mobile, AL",msa,AL,,,,,,,,,,,,,,,,,,,,,,,,,,,,,,,,,0.9984016198189614,0.9989041095890411,0.990948295428753,1.0,0.9969069933879747,1.0,1.0,1.0,1.0002449596160825,1.0004175658954315,1.0002942041776994,1.0,1.0007698229407236,1.0,0.9987888290719857,1.0,1.0,1.0,1.0,1.0000074074622776,1.0,1.0,1.0,1.0,1.0,1.0,0.984899309702302,0.9985714285714286,0.9893617021276596,0.9862050739957717,1.0,1.0,1.0,1.0,1.0,0.9957984808790019,1.0,0.9811397147950089,0.9766521994633854,0.9868433387416622,0.98,0.9833520886229847,0.9844444444444445,0.9965217391304347,0.9885710553814002,0.984375,0.9830508474576272,0.9844093814615709,0.9974632992496864,0.9801932204719556,0.9811557788944724,0.9906976744186047,0.9824561403508771,0.9838998211091234,0.9838198292537488,0.9959486300212264,0.9942967015463431,0.9925979680696662,0.9923969587835134,0.9803853698236459,0.9868810924550178,0.9813172296659747,0.9880597014925373,0.9832154766011267,0.9803921568627451
395015,128,"Reading, PA",msa,PA,1.0,0.981345441716805,0.99809813617345,0.9951597931031161,1.0,0.995,1.0,1.0,1.0,0.9923969587835134,1.0,0.9868842677897692,1.0,0.9950916333875144,0.9915014164305949,1.0,1.0,1.0,1.0,0.9976256284713996,1.0,1.0,1.0,1.0,0.9932542451732961,0.9860164933667981,0.9942255258102133,1.0,1.0,1.0,1.0,1.0,1.0,1.0,1.0,1.0,1.0,1.0,1.0,1.0,1.0,1.0002152994836888,1.0079507566042576,1.0,1.0,1.0,1.0,1.0,1.0,1.0,1.004,1.00490658614833,1.011764705882353,1.0255768910096075,1.008278774816079,1.0,1.0,1.0,1.0,1.0,1.0,1.0,1.0,1.000188714851859,1.017391304347826,1.0093295681436354,1.0004001600640255,1.0006354843307086,1.0006253908692933,1.0,1.0,1.0,1.0,1.0,1.0,1.0,1.0,1.002857142857143,1.0002685405663914,1.0,1.0,1.0,1.0,1.0,1.0,1.0,1.0,1.0,1.0002857959416975,1.0068104514533087,1.000217438573603,1.0002202874970982,1.0,1.0,1.0,1.0,1.0
394502,129,"Corpus Christi, TX",msa,TX,0.9747294062100761,0.972972972972973,0.9772989611388996,0.9838709677419355,0.9831922639734574,0.9819494584837545,0.9848450057405281,0.9772727272727273,0.9791656619242826,0.9736927516908043,0.9744522144522144,0.9772989611388996,0.9709817412394655,0.9797979797979798,0.9829929350078553,0.979746572564501,0.9824937477670597,0.9799554565701559,0.9822222222222222,0.97868638538495,0.9776813147552698,0.9778470058843891,0.9801225306326582,0.9768281356991673,0.9733496679805405,0.9770453207769276,0.9815411576824917,0.9823767563705644,0.9832134292565947,0.9813260014306151,0.9842041312272175,0.9842465307966675,0.9803921568627451,0.9841308808903325,0.98681218735789,0.9887323943661972,0.9815632965165675,0.9919000387040062,0.99026518966096,1.0,1.0,1.0,1.0,1.0,1.0,1.0,1.0,1.0,0.9929087407600915,0.987012987012987,1.0,1.0,1.0,1.0,0.9974502685827373,0.9900990099009901,0.9844860548807918,0.9852987175477009,0.9777171441564347,0.9749874874874875,0.9689617486338797,0.9736842105263158,0.9783931926924749,0.9867129166911635,0.983756345177665,0.9894385769872152,0.9829545454545454,0.9817959093510589,0.97712291585886,0.9778112072207596,0.9782608695652174,0.970873786407767,0.9715442452284557,0.9789429353548116,0.9758477677482312,0.982925915129305,0.9806346262813579,0.9768339768339769,0.9795218246819266,0.9815767695200368,0.9763619431941641,0.9744839081933582,0.9811393351579345,0.9763645936160528,0.9709302325581395,0.9752275574320904,0.9788359788359788,0.9753098460615384,0.983132530120482,0.9818181818181818,0.9777777777777777,0.9710144927536232,0.9795748228428511,0.972972972972973,0.9811051693404634,0.9785202863961814,0.9752438109527382
394421,130,"Brownsville, TX",msa,TX,,,,,,,,,,,,,,,,,,,,,,,,,,0.9724759226186689,0.9693990466462377,0.9559372666168783,0.9669241597143543,0.9731696225557072,0.9649561403508772,0.9666666666666667,0.9776751347190146,0.968054211035818,0.9716981132075472,0.9906976744186047,0.9795675563831989,0.9817351598173516,0.975868538526234,1.0,0.985717102048863,1.0,1.0,1.0000033333444445,1.0,1.0,1.0,1.0,0.9863945578231292,0.9875234705053982,1.0,0.9986666666666667,1.0,1.0,1.0,0.9862601166948993,0.9759036144578314,0.9721529649595687,0.984375,0.970824864498645,0.9629629629629629,0.9734151329243353,0.9761191901910464,0.9810964083175804,0.9610522085870606,0.9744047619047619,0.9850564812550286,0.9774089442139234,0.9686520376175548,0.9794536441303661,0.975910931174089,0.967741935483871,0.9690257000383583,0.9731543624161074,0.9685648452929558,0.9749213836477988,0.9698996655518395,0.96415770609319,0.9583333333333334,0.9551015006653107,0.9818451278251205,0.9601920768307323,0.9621928166351607,0.9767971977847352,0.9623188405797102,0.9642946787148594,0.9704852426213106,0.9559346126510305,0.9718253968253968,0.9647570253066293,0.9692307692307692,0.9606986899563319,0.967741935483871,0.962532299741602,0.9548204820482049,0.9657537016535485,0.9666666666666667
394820,131,"Manchester, NH",msa,NH,0.9900149918410609,0.9934559412235671,1.0,1.0,1.0000776653330194,1.0000930023987324,1.0001138323559848,1.0,1.0,0.9884678747940692,1.0,1.0,0.989671948766434,0.9988886419204268,1.0,1.000148960112485,1.0003096202115955,1.0003002729754322,1.0001131100162874,1.0000841012730213,1.0,1.0,1.0001241068070703,1.0,1.0,1.0002594747481797,1.000322684737012,1.0019982893149417,1.0001296385894896,1.0024601095498928,1.0147432762836186,1.0181475538462825,1.0148906296186815,1.0133333333333334,1.012231182191031,1.0095224205327165,1.0200078462142017,1.0259040779687099,1.0311658330126972,1.0515516799179276,1.052816283558519,1.0622500000000001,1.0454545454545454,1.0408921933085502,1.0278771881078077,1.020772748884277,1.0189577717879605,1.0315051715319479,1.0273046769397134,1.032512433277269,1.063846272901391,1.0653560842746135,1.0695652173913044,1.0548145195445824,1.0399325309863687,1.0227272727272727,1.00809652325766,1.0063822346564084,1.0021792739424318,1.0,1.0,1.0001652660905136,1.0096978677335953,1.027027027027027,1.041237113402062,1.0338858241182196,1.039508506616257,1.027459538097836,1.0167030370649908,1.0156288156288156,1.0113026819923372,1.0078247261345852,1.0000875236807727,1.0155987841945289,1.0153197464668793,1.024799764655553,1.037274368759414,1.037229116503056,1.0281385281385282,1.0210526315789474,1.0050420168067227,1.01244205903879,1.0002000400080016,1.0001543495636254,1.0002745115533704,1.0023866348448687,1.0105448154657293,1.0255975589082895,1.0150375939849625,1.0159651669085632,1.00728675525075,1.000172239657643,1.0002867327471332,1.0000916921367047,1.0,1.000001909094562,1.0
394612,132,"Fort Wayne, IN",msa,IN,,,,,,,,,,,,,,,,,,,,,,,,,,,,,1.0,1.0,1.0,1.0,1.0,1.0,1.0,1.0,1.0,1.0,1.0,1.0,1.0085374150927535,1.0140035008752188,1.018552200800291,1.0007698229407236,1.0,1.0,1.0,1.0,1.0,1.0,1.009011647576241,1.0102030508132134,1.0200573065902578,1.0006064281382656,1.0000156254882966,1.0,1.0,1.0,1.0,0.9972826086956522,0.9909480705097665,1.0,1.0,1.0,1.0,1.0,1.0,1.0,1.0,1.0,0.9949978124487521,0.9922147083685545,0.9850074962518741,0.990606685831677,1.0,1.0,1.0,1.0,1.0,1.0,1.0,0.9962406015037594,0.9914161508989096,0.9922616791421279,0.9851470142467414,0.9899949974987494,0.9958314034275128,1.0,1.0,1.0,1.0,1.0,0.990093302041851,0.9888286883648412,0.9863013698630136,0.9844155844155844,0.9803921568627451
394658,133,"Gulfport, MS",msa,MS,,,,,,,,,,,,,,,,,,,,,,,,,,,,,,,,,,,,,,,,,,,,,,1.0,0.9838799332962757,0.996551724137931,0.9853520455290367,0.992,1.0,1.0,1.0,0.9999472044770603,0.9975049875249377,0.9891750653228817,0.9782125389061805,0.9779031586226048,0.9798944423773892,0.9739130434782609,0.9711653383813478,0.9741969457609269,0.9836612204068023,0.9806285178236398,0.9833333333333333,0.9857142857142858,0.9811320754716981,0.981790143821236,0.9813084112149533,0.9789473684210527,0.968574628629665,0.9747899159663865,0.9721189591078067,0.9714338170295521,0.9739016914519242,0.9741453399541635,0.9819045278404159,0.9766356803797469,0.9782608695652174,0.975735912531539,0.9724999999999999,0.9775689602909973,0.978021978021978,0.9757699275362319,0.9780564263322884,0.9770114942528736,0.9722153186341893,0.9767131266066837,0.9818181818181818,0.9772727272727273,0.9761194029850746,0.9759325764596849,0.98032130004174,0.9676559340727489,0.9779900701901698,0.9759078762922726,0.9719989281886388
395051,134,"Salisbury, MD",msa,DE,0.9715429079590929,0.9639564124057,0.9684076837593268,0.967741935483871,0.9753483386923901,0.9747292418772563,0.9746835443037974,0.9757785467128027,0.9716981132075472,0.9678980732598446,0.9709491388058151,0.9717223650385605,0.9712960278341548,0.9644316558743091,0.9674418604651163,0.9760805244057933,0.9742668069387497,0.9748224661071659,0.972972972972973,0.9764474748642089,0.9750048750243752,0.9717062017719348,0.9748427672955975,0.9696048632218845,0.9789652304878371,0.9752438109527382,0.9758477677482312,0.9798657718120806,0.9770114942528736,0.975612135645159,0.979773646652425,0.9830028328611898,0.9883165161975571,1.0,1.0,1.0,1.0,0.9964204410153832,1.0,1.0,1.0,1.0,1.0,1.0,1.0,1.0,1.0,1.0,1.0,1.0,1.0,1.0,1.0,1.0,1.0,1.0,0.9916500593051896,1.0,0.985820895522388,0.9787872522848473,0.9798746732477994,0.9825575499442247,0.9868421052631579,0.9880952380952381,0.9947861976223515,1.0,0.992080033347228,1.0,0.9883381924198251,0.987012987012987,0.9857846989070648,0.982999846998623,0.978590504520432,0.9827573392790784,0.9850466254029406,0.985420231023453,0.9892586187879215,0.9891280713198521,0.9876543209876543,0.9828982044125837,0.9866205169101587,0.98363257741127,0.9801918673620021,0.9797917942437232,0.9793510324483776,0.9819967266775778,0.9833333333333333,0.9838741415294888,0.9837092731829574,0.9833431617901882,0.9785033311512106,0.9776119402985075,0.9794621969656003,0.9798994974874372,0.9795501022494888,0.9778502164929783,0.9746860118633212
394596,135,"Flint, MI",msa,MI,0.9770613423368879,0.9744990892531876,0.9872196117859767,1.0,1.0,1.0,0.9985693848354793,1.0,0.9834368530020704,0.9883739538158716,0.9795948682503304,0.9839893262174784,0.9671462695706903,0.9884778653729533,0.9823576583801122,0.9931972789115646,0.9915779687856991,0.9952215582333435,0.9968127813786978,0.993566833452466,0.9888036427145709,0.9852832965415746,0.990765679107349,0.9822648379553861,0.9751219054763691,0.9791656619242826,0.9936545055873094,1.0,0.9835975943138326,1.0,1.0,1.0,1.0,1.0,1.0,1.0,1.0,1.0,1.0,1.0057561277296614,1.0132068051637173,1.019632678910703,1.0039299749910682,1.0004357962551094,1.0014306151645207,1.0,1.0,1.0,1.0,1.0,1.0,1.0008054329169556,1.0017724200326694,1.001798592720207,1.0,1.0,1.0,0.9948834565093804,0.9882411073006312,0.9876790111275984,0.9798994974874372,0.9855072463768116,0.9960852544584602,1.0,1.0,1.0,1.0,1.0,1.0,1.0,0.996,1.0,0.9778639807631233,0.987524290711232,1.0,1.0,1.0,1.0,1.0,1.0,1.0,0.9908256880733946,0.9926421404682274,0.9857142857142858,0.9808436195573806,0.9834359119742739,1.0,1.0,1.0,1.0,1.0,1.0,1.0,1.0,1.0,0.9973126306360107,0.9906542056074766
394972,136,"Peoria, IL",msa,IL,0.962532299741602,0.9616780960064543,0.9641873278236914,0.9670079635949943,0.9660747704225965,0.9742865816636308,0.9676717940085151,0.9622670322503606,0.9664286007293108,0.9620424810636157,0.9585099235532313,0.9612817089452603,0.9588223853688278,0.9621330025071226,0.9608006939561309,0.9678496059261812,0.967983991995998,0.9690528290090653,0.9705791872919988,0.967032967032967,0.9657141750742031,0.9697280656747049,0.9664292980671414,0.9627314814814815,0.967391304347826,0.9651975110362199,0.968755504292638,0.97080288796103,0.9702127659574468,0.9724795815214775,0.975609756097561,0.9759322033898306,0.9731787814804207,0.9745279238809765,0.9762532981530343,0.9701309632683816,0.9702755309567803,0.9736123748862603,0.9789075175770687,0.983936987112132,0.994277539341917,1.0,1.0,1.0,0.9871018689128718,0.9846371751959466,0.9774692471118692,0.9727891156462585,0.97322901658069,0.983075391060136,0.9885297614511885,1.0,1.0004001600640255,1.0,1.0,1.0,0.9815024537561344,0.9779824034970734,0.9777015437392796,0.9737539786077888,0.9679572763684913,0.9721229449606862,0.975975975975976,1.0,1.0,1.0,1.0,1.0,1.0,0.9808152373941847,0.9813084112149533,0.9856450582519376,0.9768768768768769,0.9795918367346939,0.9851851851851852,0.9966316059384845,1.0,1.0003334444814937,1.0,1.0,0.9926592206055211,0.985691573926868,0.9849184364419822,0.9754877438719359,0.971575468233566,0.9726131440452418,0.9828448892065761,1.0,1.0,1.0,1.0,1.0,1.0,0.9842271293375394,0.9871637827379754,0.9782608695652174,0.9698204343148064
394439,137,"Canton, OH",msa,OH,0.971702157489741,0.9753426055759977,0.9795748228428511,0.9819639278557114,0.9851410108955322,0.985521475076182,0.9844271412680756,0.985035563402893,0.9838440166781601,0.9773712850807279,0.9736123748862603,0.9787234042553191,0.9655172413793104,0.9731543624161074,0.9859154929577465,0.9875771604938272,0.9987489574645538,0.9904999197882409,0.993103448275862,0.9897610921501706,0.9865966668263014,0.9876543209876543,0.983510011778563,0.9776207302709069,0.9764705882352941,0.9729585041652522,0.9896946416381045,0.9924166164715011,0.9962484368486869,1.0,1.0,1.0,1.0,1.0,1.0,1.0,0.9967213114754099,1.0,1.0,1.0007147962830594,1.0175199354863256,1.0291595197255574,1.0158730158730158,1.0025642508724237,1.0,1.0003334444814937,1.0,1.0,1.0,1.0,1.004995690565691,1.0104694296024017,1.0119287452677121,1.0175619418789104,1.0,1.0,1.0,1.0,1.0,0.9899928520371694,0.9813354221334019,0.9920835509138382,1.0,1.0,1.0024918578854183,1.0,1.0002381519409382,1.0,1.0,1.0,1.0,1.0,0.9927231981865953,1.0,1.0,1.0,1.0,1.0,1.0,1.0,1.0,1.0,1.0,0.9973374869624357,0.9963595996386634,0.9897409592203129,0.9917508417508418,1.0,1.0,1.0,1.0,1.0,1.0,1.0,1.0,0.9880431999757917,0.9933395872420263
395070,138,"Savannah, GA",msa,GA,0.9766871829182713,0.9770453207769276,0.9829230414174464,0.982078853046595,0.9862257796392769,0.9868472991963115,0.98228350677519,0.9835492889997897,0.9822156329791616,0.9851660997159633,0.9866321690383786,0.9804902451225613,0.9866961184196905,0.9804032204675891,0.9840425531914894,0.9846153846153847,0.9888320148906468,0.9878787878787879,0.992,0.9880458648450842,0.987843317613323,0.9831123417602785,0.9827908691859847,0.9848024316109423,0.9846153846153847,0.9881590817269643,0.9863711089286477,0.9888268156424581,0.9888418622547134,0.9898594546502087,0.9906839765481359,0.9915128029894406,0.9954974015674212,0.9915673160802558,0.9994892747701736,0.9932183908045977,0.9956756756756757,1.0,1.0,1.0,1.0,1.0,1.0003449465332874,1.0,1.0002381519409382,1.0,1.0,1.0,1.0,1.0004907887192425,1.0124562565722885,1.025,1.0286123032904149,1.02,1.003505627696108,1.0,1.0,1.0,1.0,1.0,1.0,0.9956459229719803,1.0,1.0,1.0,1.0,1.0,1.0,1.0,1.0,1.0,0.9968954812004139,0.9902250721151816,1.0,1.0,1.0,1.0,1.0,1.0,0.9923425535239881,0.9861547299885102,0.9974311310108577,0.9870449663867891,0.9880597014925373,0.9840634920634921,0.9838709677419355,0.9923887587822013,0.9893992932862191,0.9951486697965571,0.9902870062378517,0.9898289275773469,0.9870550161812298,0.9833366111220371,0.9837678307919331,0.9860156377260141,0.9846233409531425,0.9806475877325225
394327,139,"Anchorage, AK",msa,AK,0.9903447472629863,0.994277539341917,0.9961538461538462,1.0,1.0,1.0,1.0,0.9968152866242038,0.9911109355246523,0.9906283414051198,0.9950567025298052,0.9915983052072357,0.989159891598916,0.99,0.9926894959599846,1.0,1.0,1.0,1.0,1.0,0.9986985969598463,0.9980098287532093,0.9979722165894905,0.9951325040562466,0.9932551069693439,0.9963016133442713,1.0,1.0,1.0,1.0,1.0,1.0,1.0,1.0,1.0,1.0,1.0,1.0,1.0,1.0,1.0,1.0,1.0,1.0,1.0,1.0,1.0,1.0,1.0,1.0,1.0,1.0,1.0119064493267187,1.0,1.0,1.0,1.0,1.0,1.0,1.0,1.0,1.0,1.0,1.0000012345709495,1.0,1.000657894736842,1.0,1.0,1.0,1.0,1.0,1.0,1.0,1.0,1.0,1.0,1.0,1.0,1.0,1.0,1.0,1.0,1.0,1.0,1.0,1.0,1.0,1.0,1.0,1.0,1.0,1.0,1.0,1.0,1.0,1.0,1.0
394372,140,"Beaumont, TX",msa,TX,0.9671272034302049,0.9652147610405324,0.9788359788359788,0.9869788969953714,0.9883720930232558,1.0,0.9872285792775569,0.9866614338042909,0.9806106938483548,0.984188447886415,0.9796481545360469,0.9768299104791995,0.9748530773395758,0.9697222222222222,0.9831196581196581,0.975,0.9862860169572844,0.9935897435897436,0.9848024316109423,0.975,0.9843825033928385,0.9748406461295164,0.9881656804733728,0.9891735823187324,0.9699449422234347,0.9726443768996961,0.9870022832646024,1.0,0.9752747252747253,0.985469998860106,0.9883017345703913,0.9759705585221532,0.986046511627907,0.9853271303117765,0.981203007518797,0.98,0.9810781114677938,0.9804569479965899,0.9856491405035095,0.9847288046340179,1.0,1.0,0.9946581196581197,0.9951388010395772,0.990909090909091,0.987780213835401,0.9808280250811026,0.9974468085106383,0.9889912413168227,0.9871540331977122,1.0,0.9961538461538462,0.9854859526158988,0.9847006983265465,1.0,0.9902912621359223,0.9845559845559846,1.0,0.9924260185847034,0.9766555502620295,0.975,0.9821428571428571,0.981623934068071,0.9925621954347269,1.0,0.9930078609056939,0.9914285714285714,0.9774745012300471,0.9792709077912795,0.9853449843508064,0.9814755504718331,0.9828769623950346,0.9776536312849162,0.9838018103858981,0.9821825396825397,0.9877885331347729,0.9910811341064432,0.9914514481377265,0.9870660313138189,0.9830581771170006,0.989345509893455,0.9821753364859949,0.986159169550173,0.9810646659521257,0.9723243464052287,0.9859823909101086,0.984188447886415,0.9849184364419822,1.0,0.9952,1.0,0.9838681765570149,0.9833848754703491,0.9839248341466087,0.9793707022296312,0.978669286675217,0.9878419452887538
395096,141,"Shreveport, LA",msa,LA,,,,,,,,,,,,,,,,,,,,,,,,,,0.9852654387865656,0.9812834999275677,0.9906976744186047,0.9879518072289156,0.9861143798540833,0.9816825291698786,0.9963447479799923,0.9886020004652245,0.984649048981653,0.991304347826087,0.9918210983175818,0.9847632042753994,0.9916372470201684,0.991997332444148,1.0,1.0,1.0,1.0,1.0,1.0,1.0,1.0,1.0,1.0,1.0,1.0,1.0,1.0,1.0,1.0,1.0,1.0,0.9947643979057592,0.9873248832555037,0.9868263473053892,0.9889130434782609,0.9833024118738405,0.9980952380952381,0.9975739577601093,0.9977306658450709,0.9931662870159453,1.0,1.0,0.9885601118359739,0.9897828863346104,0.9803921568627451,0.9893411586520258,0.9885386819484241,0.984194434884962,0.9882352941176471,0.9903961584633854,1.0,0.9915966386554622,0.9871572871572871,0.9847328244274809,0.9904458598726115,0.9859154929577465,0.9822222222222222,0.9808102345415778,0.9881889763779528,0.9854964670881369,0.9876947640808236,0.9850746268656716,0.9869521579123453,0.9903274525527934,0.9874115531353468,0.987385819921705,0.9847753968696756,0.9901455427531838,0.9868403735054931,0.9853433096890782,0.9904765102672584
395164,142,"Trenton, NJ",msa,NJ,0.9731044913526665,0.9791840712893345,0.9734991887506761,0.9742394930261986,0.9870996342940952,0.9821028187059577,0.9861325115562404,0.9794792205552681,0.9762731131780688,0.9772370486656201,0.9722222222222222,0.9752577319587629,0.9784735812133072,0.9696969696969697,0.978993762334322,0.9849529248243722,0.9826366808064729,0.9846720946247013,0.98,0.9814197236779418,0.9833762149799885,0.9781172584640793,0.978837468737269,0.9791579824927052,0.975,0.9745984728804634,0.9846827133479212,0.9876859928168291,0.9784921369102683,0.9860351009624457,0.9847785977859779,0.9921083700988007,1.0,1.0,1.0,1.0,1.0,1.0,1.0,1.0034750882607373,1.016434971618008,1.0283159463487332,1.018369655829463,1.0194720154397574,1.0153846153846153,1.000250062515629,1.0002598077422706,1.0046646506939598,1.0087719298245614,1.002865329512894,1.0221618897354698,1.0319826907946499,1.0415942458146112,1.042857142857143,1.037037037037037,1.016736694677871,1.0133603562761673,1.0,1.0033444816053512,1.0,1.0,1.0,1.0,1.0146309206788435,1.01620029455081,1.0379746835443038,1.05,1.033556271543402,1.0202040408081616,1.0286397812713601,1.0212165361500638,1.0029915020163958,1.0000014705925606,1.0000285722449214,1.009375,1.0257725518048677,1.0394736842105263,1.0450736414423565,1.0363636363636364,1.0306666666666666,1.012274096385542,1.018181818181818,1.00000250000625,1.0,1.0,1.0000011764719723,1.0096037390983086,1.0047475889041975,1.0119489228135254,1.0091966173361522,1.0119424568572568,1.0,1.0,1.0,1.0,1.0,1.0
394875,143,"Montgomery, AL",msa,AL,0.9731387056643692,0.9709056284384256,0.9693718012533343,0.978641962740507,0.9696536796536797,0.9691978587758117,0.9701316127153103,0.96045197740113,0.9645665102720415,0.9810203446261833,0.967741935483871,0.9670781893004116,0.9733036707452726,0.9736123748862603,0.9679993454871827,0.9764705882352941,0.9732142857142857,0.9720514253773057,0.9731543624161074,0.9741969457609269,0.9727626459143969,0.9713513781463725,0.9666666666666667,0.9694915254237289,0.9629629629629629,0.9735994473760315,0.970873786407767,0.9725824379399778,0.9749294510005131,0.9771428571428571,0.9795067779121174,0.9833841980332316,0.9841269841269841,0.9858999681427206,0.9822427057933238,0.9840337019483939,0.983538237132736,0.9788152216555512,0.9899607487922706,1.0,1.0,1.0,1.0,1.0,1.0,1.0,1.0,1.0,1.0,1.0,1.0,1.0,1.0,1.0,1.0,1.0,1.0,1.0,0.9870967741935484,0.9828571428571429,0.9815242494226328,1.0,0.9970326409495549,0.9937106918238994,0.9965958887483551,0.9935117599351176,1.0,0.9979064898813678,0.9933052831142003,0.9923969587835134,0.9894385769872152,0.9771898907021398,0.978494623655914,0.9867638258768635,0.9915352058484033,0.9899218220357164,0.988851483525629,0.9887842081650965,0.9865470852017937,0.9879280865951396,0.9850746268656716,0.9900107502847229,0.9795918367346939,0.9824561403508771,0.9823984512110497,0.9808739956888105,0.9823182711198428,0.987146529562982,0.9885470997009107,0.9915502672874633,0.9856257378984652,0.9804922990646718,0.9889947507344363,0.9830459770114942,0.9779411764705882,0.9777424483306836,0.9752031673265263
394520,144,"Davenport, IA",msa,IL,0.9666666666666667,0.9709774436090226,0.9684909246704705,0.975975975975976,0.9824348621705872,0.979738394460118,0.9813244826051926,0.9769512464118102,0.9797385620915032,0.9772993816191626,0.9821428571428571,0.973963826711981,0.9702753441802252,0.9724605684120504,0.978161965423112,0.9824937477670597,0.9849749582637729,0.9847582757799476,0.9830840157828633,0.9810215453679416,0.9836904897602492,0.9760479041916168,0.978865406006674,0.9780913457116464,0.9752670039347948,0.9782608695652174,0.9789063872138634,0.9822300676669609,0.9807191984408073,0.9836748918606797,0.9865204721002341,0.9846827133479212,0.9882927241387481,0.98989898989899,0.9815950920245399,0.9897828863346104,0.9842801000357271,0.9824561403508771,0.9909369885433715,1.0,1.0,1.0025062656641603,1.0,1.0,1.0,1.0,0.9868993135011441,0.9860496950258004,0.9829311359623308,0.9850187265917603,1.0,1.0,1.0,1.0081541882876204,1.0,1.0,1.0,1.0,0.9911111111111112,0.9861111111111112,0.9763764880952381,0.9806451612903225,1.0,1.0,1.0002632271650433,1.0,1.0,1.0,1.0,1.0,0.9859520472922909,0.9863636363636363,0.9889677532313201,0.9949748743718593,1.0,1.0,1.0,1.0,1.0,0.9922779922779923,0.9979064898813678,0.9856491405035095,0.9905660377358491,0.9909028672662081,0.9813975409220654,0.9820143884892086,0.9873248832555037,0.9972412480974124,1.0,1.0,1.0,1.0,0.9953477552919283,0.9936708860759493,0.9908033826638478,0.9844951923076923,0.9833387963266462
395146,145,"Tallahassee, FL",msa,FL,0.9777777777777777,0.9828061791509224,0.9838709677419355,0.9953953488372094,0.9878787878787879,0.9879335801253932,0.9876373101668185,0.9848076923076923,0.9833333333333333,0.9804719283970708,0.9797875780837773,0.9835817097177416,0.9773182121414277,0.9795918367346939,0.9817587048125971,0.9922614715177409,0.996078431372549,0.9914034199979117,0.9894038062089485,0.9832774049217001,0.9821881606765328,0.9881187652926784,0.9788359788359788,0.9850746268656716,0.9804902451225613,0.9864250614250614,0.9879518072289156,0.9924937447873228,0.9924285714285714,0.9948571428571429,0.9895833333333334,0.9939959973315544,0.9943152866242038,0.996831721314265,0.9893048128342246,1.0,0.9970879216323115,0.9975294117647059,1.0,1.0,1.0,1.0,1.0,1.0,1.0,1.0,1.0,1.0,1.0,1.0,1.0,1.0021732497595597,1.0004466288458684,1.0101694915254238,1.0,1.0,1.0,1.0,0.9912126537785588,0.9800490024501225,1.0,0.9848750380981408,1.0,1.0,1.0,1.0,1.0,1.0,1.0,0.989159891598916,0.9903823755757457,0.9962646953430754,0.9871794871794872,0.9892070873794205,0.9882352941176471,0.9912617159795307,0.9904,0.9939393939393939,0.9868830817735927,0.9858803986710964,0.9864828331981617,0.9867612161365844,0.986107327703623,0.9859959988568162,0.9746835443037974,0.9866425717121841,0.9971428571428571,0.9874476987447699,0.9866666666666667,0.9847961299239807,0.9872813990461049,0.9792740549828178,0.978663488489088,0.9791874588080218,0.9796509908311151,0.9828754360562795,0.9811761304080673
394576,146,"Eugene, OR",msa,OR,0.994569877107745,0.998567335243553,1.0,1.0,1.0,1.0,1.0,1.0,1.0,1.0,0.9924847845311258,0.9911111111111112,0.991385319422968,1.0,1.0,1.0,1.0,1.0,1.0,1.0,1.0,1.0,1.0,0.9996590521650187,0.997836538662918,1.0,1.0,1.0,1.0,1.0,1.0,1.0,1.0,1.0,1.0,1.0018467220683287,1.0,1.0044642857142858,1.0263157894736843,1.0444773340509248,1.0469827586206897,1.0407239819004526,1.0309278350515463,1.0171919770773639,1.011809675947056,1.0,1.0,1.0,1.0,1.0157407407407408,1.0200250312891115,1.0287525718814297,1.019047619047619,1.0128985390713163,1.0,1.0,1.0,1.0,1.0,0.9933333333333333,0.990405117270789,1.0,1.0,1.0,1.0,1.0,1.0,1.0,1.0,1.0,0.995,0.999274135010888,0.9914840476957782,1.0,1.0,1.0,1.0,1.0,1.0,1.0,1.0,1.0,0.9978566325315551,0.9916597164303587,0.988976377952756,1.0,1.0,1.0,1.0,1.0,1.0,1.0,1.0,0.9928057553956835,0.9951456310679612,0.9902200488997555,0.9901546890106349
394901,147,"Naples, FL",msa,FL,0.9576425811805369,0.9513043258577007,0.9610983981693364,0.9590443686006825,0.9604590843471645,0.9569313374552555,0.96000192000384,0.96,0.9596007988923333,0.9574338333943164,0.960359091444511,0.9561128526645768,0.956900974858902,0.9575886987346033,0.958904109589041,0.9587328053355565,0.9572982860344508,0.9567277904328018,0.9570356899295295,0.9578045515394913,0.96,0.9581323212230681,0.9615384615384616,0.9594882729211087,0.9575369635773531,0.9575040344271114,0.9619238476953907,0.9636363636363636,0.9531511287625418,0.9545454545454546,0.9618320610687023,0.963020030816641,0.9644817792068596,0.9650522377168179,0.967741935483871,0.9682672178498556,0.9679317446307738,0.9716981132075472,0.9807787966632774,0.9856957087126138,1.0,1.0,1.0,1.0,1.0,1.0,1.0,1.0,1.0,1.0,1.0,1.0,1.0,1.0,0.9796806966618288,0.9670771282507225,0.9667097608274079,0.9679572763684913,0.9695652173913043,0.963963963963964,0.9617311546169262,0.964824120603015,0.96875,0.9685185185185186,0.967741935483871,0.9652296502281581,0.9650242557709288,0.9649841175302759,0.9609818732381407,0.9610876699484294,0.9685344672528275,0.9618578395262197,0.9594738661902841,0.9621447336995462,0.9603340292275574,0.9635700066357,0.9573333333333334,0.9547332129905189,0.9538476213040328,0.9559939301972686,0.9537037037037037,0.9574164046870535,0.9531511287625418,0.9523809523809523,0.9549795361527967,0.9526874110162866,0.9524750611707133,0.9491525423728814,0.9474835886214442,0.9482730393945347,0.947075208913649,0.9398496240601504,0.9456265088131222,0.9457204701921054,0.9455128205128205,0.9502111580351189,0.9524577540529783
394332,148,"Ann Arbor, MI",msa,MI,0.9839080459770115,0.9955017301038063,1.0,1.0,1.0004556945342145,1.0,1.0,0.997447332439188,0.9952380952380953,0.984251968503937,0.9841269841269841,0.9798792756539235,0.9833333333333333,0.9860835471223195,0.9991852631578948,0.9993327402135231,0.9976524654844083,1.0,1.0,0.99,0.9833333333333333,0.9845326338155542,0.9808102345415778,0.9774221206058874,0.9765609181928203,0.9825,0.9859959988568162,0.9857142857142858,0.9907529722589168,0.992009920099201,0.9956427015250545,0.9925788497217068,0.9917349726775957,0.9938643123117297,0.9950549450549451,0.9919839679358717,0.9915507622799508,0.9929526682226341,1.000187539071291,1.0012350447971063,1.02,1.0238095238095237,1.0095238095238095,1.0031585154789773,1.0,1.0,1.0,1.0,1.0,1.0003334444814937,1.0221835580687255,1.0414586009476738,1.0479059093516925,1.0264343986181728,1.0119758562912666,1.0,1.0,0.9910313901345291,0.9864,0.9839357429718876,0.9870148118515609,0.9901238578680203,1.0,1.0,1.018181818181818,1.0234118291347207,1.02,1.0001207354551083,1.0,1.0,1.0,0.9893048128342246,0.9883153261304523,1.0,1.0004168473032782,1.0060858305586384,1.0120481927710843,1.0115942028985507,1.0,0.9978494623655914,1.0,0.9975,1.0,0.9913444814221346,0.9874826147426982,1.0,1.0,1.008,1.0,1.0,1.0,0.9946666666666667,1.0,0.9888251256281407,0.9963630352124319,0.9863636363636363,0.9857588796085379
394927,149,"Ocala, FL",msa,FL,0.9670014347202296,0.9663483401546157,0.9757566852776962,0.9715275105809927,0.9727081875437369,0.9719294954259576,0.973664218789567,0.9711595055915244,0.9689922480620154,0.9741115196078431,0.9749241521450659,0.9716630129548985,0.965944014526805,0.9715633423180593,0.9727626459143969,0.9740549946195939,0.9721452637946084,0.9782031303421495,0.9757419883767826,0.9729402169595928,0.9734081483288607,0.9742413300233206,0.9734599421233816,0.9716430358632193,0.9697206676116044,0.972972972972973,0.9780861943024105,0.977836527990041,0.9744149004415432,0.9792027729636048,0.9782125389061805,0.978448275862069,0.9839871897518014,0.9805013927576601,0.9819805194805195,0.9811590714806628,0.9821753364859949,0.9822029338612253,0.9841269841269841,0.9946236559139785,1.0,1.0,1.0,1.0,1.0,1.0,1.0,1.0,1.0,1.0,1.0,1.0,1.0,1.0,1.0,0.998330550918197,0.9851470142467414,0.985080071724479,0.9808102345415778,0.9766504927530955,0.9733333333333334,0.9811465948441709,0.9804762735628902,0.9786357357135075,0.9771689497716894,0.981124952812382,0.9831538619200024,0.9828196232869626,0.9818181818181818,0.97868638538495,0.9771986970684039,0.9754877438719359,0.9738717339667459,0.974633871732993,0.9750024375121875,0.9779005524861878,0.9780267917083607,0.9772359342781045,0.9768677711784933,0.9751968753580689,0.9742120343839542,0.9764469304733727,0.9748921145547274,0.9770733959070627,0.9722222222222222,0.97165991902834,0.9722357256837382,0.9739826551034023,0.9772357121705656,0.9749303621169917,0.9731483150117138,0.9755599800895969,0.9705261851576074,0.970873786407767,0.9721576227390181,0.9699954531676265,0.9688209581210496
394679,150,"Hickory, NC",msa,NC,0.9672234434716138,0.9719292803970223,0.9766555502620295,0.9823031546550397,0.9847279792746113,0.987105380168964,0.9849064124360424,0.9849749582637729,0.975975975975976,0.9814399068728767,0.9776207302709069,0.9730043105820871,0.9721518987341772,0.9733171619163129,0.9790209790209791,0.9853066605134275,0.9858740435550324,0.9832926403906522,0.9875,0.9862062404870624,0.9799861973775017,0.9836940015186029,0.976963986698427,0.979779071137856,0.9733333333333334,0.97632058287796,0.9818316548216511,0.985001231251539,0.9741969457609269,0.9832740484996088,0.9899749373433584,0.9948542024013722,1.0,0.9933333333333333,0.9973521624007061,0.9879101899827288,1.0,1.0,1.0,1.0004168403501459,1.0003607539732031,1.0037355560821264,1.000752445447705,1.0002703433360367,1.0,1.0,1.0,1.0,1.0,1.0,1.0,1.0005265929436546,1.0072438771990342,1.0002128112364332,1.0,1.0,0.9863013698630136,0.9879759519038076,0.9865774173859567,0.9728183118741058,0.9728334051539616,0.9771791205097959,0.9821428571428571,0.9903846153846154,0.9803921568627451,0.9923969587835134,0.9845373134328358,0.9959072305593452,0.9869281045751634,0.986855220885426,0.981372671583948,0.9862012061206353,0.9819737888225768,1.0,0.9948222334321724,0.9931740614334471,0.988096009990034,0.9975768775649724,0.9959758551307847,0.984196795289887,0.9748999636231357,0.9829612789319659,0.9798387096774194,0.9805669633338931,0.980557524214505,0.9709685289094901,0.9884934704573983,0.9853182876184938,0.99431379601602,0.9803921568627451,0.9819395283952616,0.9821753364859949,0.989616858237548,0.9717223650385605,0.9795577805590321,0.9727626459143969,0.9690154324679986
394697,151,"Huntington, WV",msa,OH,,,,,,,,,,,,,,0.9544513457556936,0.9543285616905249,0.955,0.9652509652509652,0.9646303482079036,0.9606986899563319,0.9556962025316456,0.96,0.9573628108961706,0.9564247830279653,0.9595959595959596,0.9522272433828276,0.9605263157894737,0.9615384615384616,0.9611535382151876,0.9636545515171724,0.976168034863687,0.9750962017533631,0.967741935483871,0.9642231931388558,0.9698995572772551,0.9696261390273132,0.9753319839703818,0.9647791577317131,0.9727626459143969,0.972972972972973,0.974969468571774,0.997450107522106,0.9881175734834271,1.0,1.0,0.9943714821763602,0.9798657718120806,0.9857199082153227,0.987012987012987,0.9831380394398399,0.9824479876413739,0.967741935483871,0.9941089837997055,0.9986083844580778,1.0,0.9986301369863013,0.9817106905424461,0.9807692307692307,0.9802173913043478,0.9744136460554371,0.9686274509803922,0.982532751091703,0.968497232865049,0.9702105803800719,0.9736005729391847,0.9849545277894713,1.0,0.9897368421052631,0.9852449088747144,0.9748953974895398,0.9727837675950883,0.9867288190652397,0.9758871701546861,0.9639689725465279,0.9714285714285714,0.9791666666666666,0.9826086956521739,0.9845208656181652,0.9938689899967732,0.9846229586381434,0.980653769179453,0.9807692307692307,0.9751093150839176,0.9741969457609269,0.9778141017649156,0.9711595055915244,0.9670642450528599,0.9761194029850746,0.9789709172259508,0.9857142857142858,0.9912744044986416,0.9828782897032462,0.9942857142857143,0.9698593938847975,0.9807767752059631,0.9782125389061805,0.9615231796236572,0.9705882352941176
394602,152,"Fort Collins, CO",msa,CO,0.9924317617866005,0.996875,1.0,1.0,1.0,1.0,1.0,1.0,0.9972334889416086,0.990909090909091,0.9882111899133176,0.9885042108037225,0.9935644123292311,0.9918872937701824,0.9928171897416058,1.0,1.0,1.0,1.0,0.9922461162947287,0.9906481741170652,0.9885386819484241,0.989703972649935,0.9909166680698447,0.9867531765341985,0.9907608927580762,0.9976309555146091,1.0,0.996163434110618,0.9948848770277342,1.0,1.0,1.0,1.0,1.0,1.0,1.0,1.0,1.0009367861861351,1.019736842105263,1.029480193779761,1.0383954451345756,1.0285714285714285,1.0166666666666666,1.000250062515629,1.0,1.0,1.0,1.0041749583295236,1.0101010101010102,1.033125614955723,1.0502100420084017,1.0384615384615385,1.0239047619047619,1.001292550551177,1.0,0.9943952010027756,1.0,0.989823840021299,0.9893203883495145,0.9821428571428571,1.0,1.0,1.0,1.0,1.0,1.0,1.0,0.9934980494148244,0.989366985732346,0.9878048780487805,0.9904761904761905,0.9922817460317461,1.0,1.0,1.0,1.0,1.0,1.0,0.994017094017094,0.990796470872613,0.9890086956521739,0.9899856938483548,0.992775169535733,0.9886178861788618,0.988,1.0,1.0,1.0,1.0,1.0,0.9859154929577465,0.9861910241657077,0.9908673894912428,0.9912300792060311,0.9893009512300073,1.0
395033,153,"Rockford, IL",msa,IL,0.9628506444275967,0.962199944012877,0.9750602938318291,0.9717757581946288,0.9881175734834271,0.9833134684147795,0.9910502248496791,0.9743589743589743,0.9824780976220275,0.977650261526003,0.9666666666666667,0.9691069894462585,0.962975936643314,0.9796697626418989,0.9832397003745318,0.9799789251844047,0.9930056248471508,1.0,0.9877452818644383,0.9881652661064426,0.9790209790209791,0.975609756097561,0.9787367104440275,0.9764705882352941,0.9748589020010262,0.9716269031091407,0.9818181818181818,0.9849906191369606,0.9846153846153847,0.9889766170665046,0.9961538461538462,1.0,1.0,1.0,1.0,0.9964692060351225,0.981863664790494,0.9849749582637729,1.0,1.0003572704537336,1.0144524735964424,1.0125829914332323,1.0013351134846462,1.000256644840336,1.0,1.0,1.0,1.0,1.0,1.0,1.0,1.0064296873694176,1.0034174415007557,1.014336917562724,1.0004175658954315,1.0,1.0,1.0,1.0,0.9966024915062288,0.9779980657640233,1.0,1.0,1.0007818608287724,1.0140845070422535,1.014655126164631,1.0007698229407236,1.0004349717268377,1.0003954261390229,1.0,1.0,1.0,1.0,1.0,1.0,1.0004585452376042,1.0007147962830594,1.0076923076923077,1.000741289844329,1.0003572704537336,1.0,1.0,1.0,1.0,0.9915518008003558,1.0,1.0,1.0067763794772506,1.0058186771557074,1.0004959628282721,1.0001905124785673,1.0004466288458684,1.0,1.0,1.0,1.0,1.0
394796,154,"Lincoln, NE",msa,NE,,,,,,,,,,,,,,,,,,,,,,,,,,,,,0.999819992799712,0.9967741935483871,1.0,1.0,1.0017802183611537,1.0000016666722222,1.0,1.0,1.0,1.0004589261128958,1.0009913345357138,1.0177687724082212,1.0327449977976517,1.0303030303030303,1.021440239739531,1.0021762270845653,1.0004501522198637,1.0,1.0,1.0,1.0,1.0004547521600728,1.0153846153846153,1.0275689223057645,1.0270897907553855,1.0168539325842696,1.007894464854504,1.0,1.0,1.0,1.0,0.9941114785835283,0.9845509711953785,0.9929491945477076,1.0,1.0,1.0,1.0000448076817752,1.0,1.0,1.0,0.9934133549608002,0.9891086908201823,0.9871697113610778,0.9807280513918629,0.9882478632478633,1.0,1.0,1.0,1.0,1.0,1.0,0.9933720738994573,1.0,0.9883515707730322,0.9869275461380724,0.9896907216494846,0.9865272731986061,0.9928639760572533,1.0,1.0,1.0,1.0,0.9918479428133202,0.9875,0.9890909090909091,0.987863791681395,0.9855697151424287,0.9843230154588651
394622,155,"Gainesville, FL",msa,FL,0.9728886168910649,0.9681116554210185,0.9764951576001364,0.980653769179453,0.9757428744693754,0.9799691833590138,0.9778481012658228,0.9772727272727273,0.9780193236714976,0.969764729189376,0.9744739565367369,0.9754877438719359,0.9652331043232956,0.971234616736613,0.9799919967987194,0.9818784831028465,0.9795748228428511,0.9756125751842777,0.9810442392849916,0.9788213270571424,0.980754716981132,0.9794721407624634,0.973487310090454,0.9747459014880959,0.9714285714285714,0.9795833297887725,0.9801198271992978,0.9847909667303577,0.9811838465793841,0.9814814814814815,0.9764209634577881,0.9860040036287427,0.9866220735785953,0.9807692307692307,0.9839085418464193,0.9785331322777917,0.9808219178082191,0.9880761985997085,0.9925291878637046,1.0,1.0,1.0,1.0,1.0,1.0,0.9974942963540772,0.9874149103900957,0.9891891891891892,0.9972084367245657,1.0,1.0,1.0,1.0000042328224295,1.0,1.0,0.9869281045751634,0.9909991817437949,0.9832635983263598,0.978709667057482,0.9729992702505473,0.9734442270058709,0.9821506340879989,0.9842509920634921,0.9967739193513485,0.9888888888888889,0.9946949602122016,0.984375,0.986232790988736,0.9889677532313201,0.9799987536442086,0.976,0.9752079469278594,0.9736842105263158,0.975609756097561,0.9759065888240199,0.9834970309456571,0.9856327762644482,0.9761904761904762,0.9775754634708977,0.9777777777777777,0.9751390187100965,0.9738461538461538,0.9738694672346757,0.9712643678160919,0.9758064516129032,0.97868638538495,0.9734513274336283,0.9774994374859372,0.9769079032934002,0.9777620621922205,0.9733923303834808,0.9685863874345549,0.9728761713002401,0.9718653608156752,0.9774193548387097,0.9721114238830206,0.9627689831780842
394405,156,"Boulder, CO",msa,CO,0.9889987776419602,1.0,1.0,1.0002632271650433,1.0,1.0,1.0,1.0,0.9976871657754011,0.9925357967667436,0.9888125748701824,0.9859959988568162,0.9855839952927331,0.9985238095238095,1.0,1.0,1.0,0.9965720255653884,0.9915492957746479,0.99,0.9897959183673469,0.9875537468437905,0.9866666666666667,0.9838461538461538,0.9833333333333333,0.9918068796754778,0.9962551234498929,1.0,1.0,1.0,1.0,0.9979664463650229,1.0,1.0,1.0,1.0,0.9892995755003032,1.0,1.0240979381443298,1.0365591397849463,1.0582728554942942,1.0363636363636364,1.0217391304347827,1.0003334444814937,1.0,1.0,1.0,1.0,1.0,1.0265060240963855,1.0687792291565876,1.0816243654822335,1.0622023809523808,1.0108054054054052,1.0,1.0,0.9932432432432432,0.9849479745428831,0.9819639278557114,0.9793883423676637,0.9762202753441802,0.9902597402597403,1.0,1.0,1.0,1.0,1.0,0.9990396552127984,0.9912027781424724,0.9941718347967484,0.9805844283192783,0.9789473684210527,0.9868993135011441,1.0,1.0,1.0,1.0,0.9941386624986044,0.9951755883113524,0.9911111111111112,0.9867973856209151,0.994548096095829,0.9862355415352261,0.9755620889940926,0.982,0.9967235730298327,0.9940119760479041,1.0,0.9958125208125208,0.9883333333333333,0.983095238095238,0.9878419452887538,0.9875999180159869,0.9848484848484849,0.9798621435329099,0.9851851851851852,0.9805695453053886
394646,157,"Green Bay, WI",msa,WI,0.972492358988608,0.980612640558356,0.9934172435436753,0.9918610943576167,1.0,1.0,1.0,1.0,1.0,1.0,0.991118034784197,0.9770188257769266,0.9895833333333334,0.9950576235185289,0.98685078438808,1.0,1.0,1.0,0.9973675964893958,1.0,0.9948541206286167,0.9975750227341619,0.9959983993597439,1.0,0.9901185831856294,0.9913699446171268,1.0,1.0,1.0004274561120492,1.0,1.000133368898373,1.0058029023771131,1.0007147962830594,1.0004653327128896,1.0004001600640255,1.0001961553550411,1.0,1.0,1.0,1.0047028644719966,1.0219302273092006,1.0403726708074534,1.023365045627434,1.0364546104360257,1.0411764705882354,1.0055976197001135,1.0081600421163464,1.0,1.0005885815185402,1.0,1.0351966873706004,1.0506414869023377,1.0372397134036095,1.05494123388933,1.0300176574455562,1.027671855054328,1.0017684943429068,1.0,1.0003084444573558,1.0,0.9974993419320874,1.0,1.0227017307260058,1.0435436658034776,1.0354155081537828,1.0351725287547924,1.0418051546634999,1.0115384615384615,1.0108594657375145,1.0,1.0001041883725776,1.008508214372547,1.0002326122354035,1.0,1.0108781710723458,1.01362465839815,1.0132533133283321,1.013424585417215,1.010835505337162,1.0,1.0003334444814937,1.0,1.0002857959416975,1.0002222716159146,1.0,0.9979016087666123,1.0001250312578145,1.0,1.0054183331826803,1.0060017147756501,1.0002299379167625,1.000250062515629,1.0069855193287058,1.0,1.0001724435247457,1.0,1.0
394488,158,"Columbus, GA",msa,GA,,,,,,,,,,,,,,0.9974271012006861,0.97578125,0.9902578946252809,0.9899888765294772,0.9867616936738016,0.9655772374795639,0.9803921568627451,0.9697451462157345,0.972773161797552,0.9702127659574468,0.9877414367022344,1.0,0.9948236171487663,0.9806089743589743,1.0,0.9850877298605539,0.9855438249202684,0.9968967694985782,0.9914417843980712,1.0,0.9864810539844192,1.0,1.0,0.9930985829836405,0.9773344302756067,1.0,1.0,1.0,1.0,1.0,1.0,1.0,1.0,1.0,1.0,1.0,1.0,1.0,1.0,1.0,1.0,1.0,1.0,1.0,1.0,1.0,0.9880235509107267,0.9878787878787879,1.0,1.0,1.0,1.0,1.0,1.0,1.0,1.0,1.0,1.0,0.9897312803700018,0.9965322161253165,0.9832281889521465,1.0,1.0,1.0,1.0,1.0,1.0,1.0,1.0,0.9973521624007061,0.9911978309286338,0.9966592427616927,0.9945321742648218,1.0,1.0,1.0,1.0,1.0,1.0,1.0,0.989010989010989,1.0,1.0,0.9974151012415065
395107,159,"South Bend, IN",msa,IN,,,,,,,,,,,,,,,,,,,,,,,,,,,,,1.0,0.9943714821763602,1.0,1.0,1.0,1.0,1.0,1.0,0.9813084112149533,0.990909090909091,1.0,1.0,1.0001724435247457,1.0011778563015312,1.0,1.0004001600640255,1.0,1.0,1.0,1.0,1.0,1.0,1.0004259060384917,1.013172242874845,1.0127531882970742,1.0188679245283019,1.0029993164975897,1.0,1.0,1.0,1.0,1.0,1.0,0.990625,1.0,1.0,1.0,1.0,1.0,1.0,1.0,0.9985185185185185,1.0,0.9828660593816568,0.9736772834956567,0.9881056230107274,0.9899979587670953,1.0,1.0,1.0,1.0,1.0,0.997398091934085,0.9951312845873073,0.9826589595375722,0.9770114942528736,0.9830586803788397,0.9787092687733128,0.9891304347826086,0.9893992932862191,1.0,1.0,1.0,1.0,0.985207100591716,0.9960302212163397,0.9880595148787197,0.98,0.9789996320126677
395109,160,"Spartanburg, SC",msa,SC,0.9924937447873228,0.9832611187365358,0.9824135839902971,0.9831891314517636,0.9965371296652559,0.9875,0.9947027663331371,0.9981884057971014,0.9869809992962701,0.9903655426466421,0.9782374431407399,0.9821093927224737,0.9726613515898284,0.9838799332962757,0.9866220735785953,0.9964061764673376,0.9897514208118536,0.9932432432432432,0.987473662728859,0.9869932432432433,0.989,0.9936665791966697,0.9870869863313445,0.9818520241973011,0.9807987711213517,0.9880595148787197,0.9865267653672598,0.9954545454545455,1.0,0.9848024316109423,0.9981242184243435,1.0,0.9972155547711495,1.0,1.0,1.0,1.0,1.0,1.0,1.0,1.0027798414342004,1.000485617503397,1.0003334444814937,1.0005885815185402,1.0,1.0003449465332874,1.0,1.0,1.0,1.0,1.0056319011177717,1.0092150731213454,1.0126582278481013,1.014575593026579,1.0,1.0,1.0,0.9873428203455916,0.9888537292245816,0.9818217520790985,0.9842179589261302,0.9823345421265273,0.9899738537554069,0.9963636363636363,0.9969989996665555,0.9966101694915255,1.0,0.989967438098837,0.9960967993754879,0.9911913929682747,0.9834972768700678,0.9877944410114687,0.9841269841269841,0.9835668103448276,0.9899458623356535,0.9881553125876086,0.9903846153846154,0.9979959919839679,0.9893285904846598,0.9886844210766945,0.9886531114145696,0.9920634920634921,0.9796481545360469,0.9843344794801105,0.9818181818181818,0.9827586206896551,0.98861475976495,0.9879645295198345,0.9862179676581846,0.9861111111111112,0.987389659520807,0.9872068230277186,0.9834972495415902,0.9861932938856016,0.9823973163614059,0.9834699453551912,0.9828571428571429
394645,161,"Greeley, CO",msa,CO,0.9980995475113122,1.0,1.0,1.0,1.0,1.0,1.0,1.0,1.0,1.0,0.9975248539492734,0.9891086908201823,0.9931721298861188,0.9927007299270073,1.0,1.0,1.0,1.0,1.0,1.0,1.0,1.0,1.0,1.0,1.0,1.0,1.0,1.0,1.0,1.0,1.0,1.0,1.0,1.0,1.0,1.0,1.0,1.0,1.0144927536231885,1.0278917694307854,1.0374659216670716,1.0436363636363637,1.0307565789473685,1.0256253908692932,1.0132258064516129,1.0055598455598456,1.0119047619047619,1.0,1.0041464960625692,1.0091097308488612,1.024390243902439,1.0395652173913044,1.0317894736842106,1.0153846153846153,1.0,1.0,1.0,0.990909090909091,0.9905660377358491,0.9961629523766098,1.0,1.0,1.0,1.0,1.0,1.0,1.0,1.0,1.0,1.0,1.0,0.9947229551451188,0.9970620842572062,1.0,1.0,1.0,1.0,1.0,1.0,1.0,0.9962887076510367,1.0,0.9988747186796699,1.0,0.9976309555146091,0.9923217496389307,1.0,1.0,1.0,1.0,1.0,1.0,0.9934755693910502,1.0,1.0,0.9965534423335213,0.9923850574712644
394808,162,"Lubbock, TX",msa,TX,,,,,,,,,,,,,,,,,,,,,,,,,,,,,,,,,0.9857142857142858,0.9939393939393939,0.9768888888888889,0.9794287586939783,0.9861327084886569,0.9852155434122647,1.0,1.0,1.0,1.0,1.0,1.0,1.0,1.0,1.0,1.0,1.0,1.0,1.0,1.0081426909654905,1.0,1.0,1.0,1.0,1.0,0.9907834101382489,0.9814814814814815,0.9899729716041912,0.9798994974874372,0.9822134387351779,0.9875,0.9903225806451613,1.0,0.9975903614457832,0.9918050459850558,0.9915611814345991,0.9822661644695543,0.9833263859941642,0.973218903455422,0.9748953974895398,0.976583571946809,0.9817766708177667,0.9854383953111633,0.9842105263157894,0.9902050347669111,0.984552008238929,0.9878757042983398,0.9824561403508771,0.9875024687561719,0.98,0.9821944346600915,0.9776536312849162,0.975609756097561,0.9837837837837838,0.9824368613842298,0.987411971830986,0.989159891598916,0.9916836681766312,0.9842931937172775,0.9807987711213517,0.9827586206896551,0.98,0.9787234042553191,0.98,0.9810848276170461
394471,163,"Clarksville, TN",msa,TN,0.9882283696291937,0.9864734708139431,0.9876683477145523,0.9929500819331327,0.997979797979798,1.0,0.9964830270443785,0.9940550910730757,1.0,1.0,0.9929250261669189,0.9907877669745069,0.9926120937296283,0.9926470588235294,0.9832050384884534,1.0,1.0,1.0,0.9934820373844764,1.0,1.0,1.0,1.0,0.9903149297760587,0.990909090909091,0.9864698119997943,1.0,1.0,1.0,1.0,1.0,1.0,1.0,1.0,1.0,1.0,1.0,1.0,1.0022779043280183,1.006896551724138,1.0211964660077868,1.0276238692098842,1.0171428571428571,1.0166712988697424,1.00805779383162,1.0104880826167197,1.0,1.0,1.0075471698113208,1.0,1.0146078120038107,1.0172413793103448,1.0208333333333333,1.0151515151515151,1.0003182833198618,1.0,1.0,1.0,1.0,1.0,1.0,1.0,1.0,1.0,1.0,1.0,1.0,1.0,1.0,1.0,1.0,1.0,0.993968253968254,1.0,1.0,1.0,1.0,1.0,1.0,1.0,1.0,1.0,1.0,0.9956656231470487,0.9989669438944426,1.0,1.0,1.0,1.0,1.0,1.0,1.0,1.0,1.0,0.9918247024785307,0.9947216626991393,1.0
395028,164,"Roanoke, VA",msa,VA,,,,,,,,,,,0.9803921568627451,0.9772989611388996,0.977828425312147,0.9713292108350853,0.9844695972624374,0.9880708519098687,0.9890659406506819,0.9876543209876543,0.9834972495415902,0.9831380394398399,0.9838799332962757,0.9865341091173142,0.9837301587301587,0.9856733524355301,0.9817407263971443,0.9861059270476716,0.9885836252530715,0.9930935937127887,1.0,0.9947229551451188,1.0,1.0,1.0,1.0,1.0,1.0,0.9893255827747791,1.0,1.0,1.0,1.0001244013387176,1.000233284905785,1.0001852830487699,1.0,1.0,1.0,1.0,1.0,1.0,1.0,1.0,1.0113294273696685,1.0085254207199732,1.0105767648961956,1.0000761053327207,1.0,1.0,1.0,1.0,1.0,0.9876288659793815,1.0,1.0,1.0,1.0,1.0,1.0,1.0,1.0,1.0,1.0,0.9883650393324371,0.9864364981504316,1.0,1.0,1.0,1.0,1.0,1.0,1.0,1.0,1.0,1.0,1.0,0.9834972495415902,0.9919898455727962,1.0,1.0,1.0,1.0,1.0,1.0,0.991672261145379,0.9889039039039039,0.9902931659966664,0.9887096774193549,0.9807450512605584
394579,165,"Evansville, IN",msa,IN,,,,,,,,,,,,,,,,,,,,,,,,,,,,,1.0,1.0,1.0,1.0,1.0,1.0,1.0,0.9855168937163103,0.9913651291237497,0.9974554707379135,1.0,1.0,1.0007709651783694,1.005712029492594,1.0127283632749482,1.0,1.0,1.0,1.0,1.0,1.0,1.0,1.0,1.0008019256488438,1.0005134215343587,1.000107550010755,1.0,1.0,1.0,1.0,1.0,0.9873417721518988,0.9841601914333675,0.9884615384615385,1.0,1.0,1.0,1.0,1.0,1.0,1.0,0.999878174320365,1.0,0.9936671726402528,0.9789362822538178,0.9885726393915792,0.9895833333333334,1.0,1.0,1.0,1.0,0.9948186528497409,0.9943804262036307,0.991304347826087,0.9849772177025219,0.9899928520371694,0.9857348346259007,0.981863664790494,0.9952221691352126,1.0,1.0,1.0,0.9988564894225271,0.9964567392583873,0.9896156403299132,0.9886068926364141,0.9866592551417455,0.9856246806516509,0.9876543209876543
394747,167,"Kingsport, TN",msa,TN,0.9650180940892642,0.971042661834953,0.9671499267197402,0.9746777554618917,0.9741378989151196,0.9770377171302259,0.9707317073170731,0.9740484429065744,0.9807621161672215,0.977530682585932,0.9702380952380952,0.9655172413793104,0.9719158797931768,0.9644246803779878,0.9702850212249848,0.9756969263759828,0.9765796889480088,0.9791860057346784,0.9739478492908316,0.9795390467118021,0.9772026795451005,0.975,0.9745984728804634,0.9682950889194148,0.9620192307692308,0.9752049180327869,0.9828,0.9783666846944294,0.9816329485202873,0.97581317764804,0.9908256880733946,0.9843245735361917,0.9825396825396825,0.9878787878787879,0.9849663037843442,0.9808388615992303,0.9805013927576601,0.9825297528227037,0.9961352356555477,0.9962484368486869,1.0,1.0003211866128556,1.0,1.0,1.0,1.0,0.9892423366107577,0.9978637192922908,0.9892648640344139,0.9803921568627451,1.0,1.0024449673004117,1.0,1.0,1.0,0.9852060000672653,1.0,0.9912094574113368,0.9833240689271817,0.9814211260585003,0.9782125389061805,0.9691968824127415,0.9897172236503856,0.9910743604286695,0.9795354249404153,0.981863664790494,0.9873323293426104,1.0,0.9870550161812298,0.9848254931714719,0.9782608695652174,0.9723737932613423,0.9818451278251205,0.9735916996384959,0.9734313870155974,0.9853687667960586,0.9874326750448833,0.9874031007751938,0.9811320754716981,0.9764822306953459,0.9816885776138374,0.9757590541826251,0.9752240379546653,0.9712406015037593,0.9678571428571429,0.9721040950700858,0.9787234042553191,0.9841269841269841,0.98,0.9852941176470589,0.9858542382156086,0.9800949266016843,0.9818181818181818,0.977728285077951,0.9792996254866853,0.975609756097561,0.9729041643935261
394741,168,"Kennewick, WA",msa,WA,0.9992794871794872,0.998693023255814,1.0,1.0,1.0,1.0,1.0,1.0,1.0,1.0,1.0,1.0,1.0,1.0,1.0,1.0,1.0003691399040235,1.0,1.0,1.0,1.0,1.0003334444814937,1.0,1.0,1.0,1.0,1.0,1.0,1.0,1.0,1.0,1.0,1.0,1.0,1.0,1.0,1.0,1.0,1.0,1.0046334552277383,1.0185185185185186,1.013157894736842,1.0238230289279637,1.011764705882353,1.0107780878757757,1.00424801414463,1.0,1.0000009523827664,1.0,1.0096638655462185,1.0096905282900908,1.0096,1.0075757575757576,1.0002857959416975,1.0,1.0,1.0,1.0,0.9962136799569685,1.0,0.9939699301673814,1.0,1.0,1.0,1.0,1.0,1.0,1.0,1.0,1.0,1.0,0.9942307692307693,0.9964237382875131,1.0,1.0,1.0,1.0,1.0,1.0,1.0,1.0,1.0,1.0,1.0,1.0,0.9981535620864748,1.0,1.0,1.0,1.0,1.0,1.0,1.0,0.9986657628296305,1.0,1.0,1.0
395179,169,"Utica, NY",msa,NY,,,,0.967741935483871,0.9682459677419355,0.9871794871794872,1.0,0.9738429321434046,0.9667899417452153,0.9717236927049709,0.972007792157888,0.9629629629629629,0.9592757238348733,0.9671532846715328,0.9790209790209791,0.9697872340425532,0.9738765734533406,0.9853197003130292,0.9983517015586092,0.9954508544286729,0.9821455645752193,0.9852598913886734,0.978100749588211,0.9813983506633202,0.9689922480620154,0.9511891517834143,0.9727626459143969,0.9747606614447345,0.9806634439073179,0.9785654712260217,0.9886527464133295,0.9868200149030147,0.9944574042309892,1.0,1.0,1.0,0.9811051693404634,0.9892086330935251,0.9888,1.0,1.0,1.0,1.0003334514328874,1.0006671114076051,1.0,1.0,1.0,1.0,1.0,1.0,0.9813084112149533,1.0,1.0,1.0007332723220443,1.000589091713501,1.0006671114076051,1.0,1.0,0.9843260188087775,0.9824561403508771,0.9745279238809765,0.9673115410273516,0.9754877438719359,0.9776751347190146,0.9970948999354422,1.0,1.0,1.003464355498016,1.000312597686777,1.0,1.0,0.9836289222373806,0.9907431193074014,0.9723686022953046,0.9718253968253968,0.9852109612875163,1.0,1.0,1.0,1.0,1.0,0.9918325976970004,0.9916597164303587,1.0,0.9943248739202384,0.9868320950832103,0.9777777777777777,0.980036075301246,1.0,1.0,1.0,1.0,0.9910892889616294,0.9887261087499453,0.9852216748768473,0.9750487524376219,0.9899960768928991
394660,170,"Hagerstown, MD",msa,MD,0.9757788080850177,0.9848484848484849,0.982367758186398,0.9894736842105263,0.9932579569052518,0.9963985594237695,0.996268656716418,0.9857142857142858,0.9967948388687424,0.9895076569370417,0.9929947961037275,0.9839759978687108,0.9841534612176814,0.9899230004675198,0.9857929834734706,0.990909090909091,0.9934197226860393,0.9889538235647892,0.9958874995771932,0.9924762939326046,0.9953012463656092,0.9880952380952381,0.9866898709915988,0.9938271604938271,0.9952678948595488,0.9991171277221895,1.0,0.9974843875242662,0.983770576851539,1.0,1.0,1.0,1.0,1.0,1.0,1.0,1.0,1.0,1.0,1.0,1.0,1.0050691244239631,1.0049146839701995,1.0001695202576708,1.0,1.0,1.0,1.0,1.0,1.0,1.0,1.0034602076124568,1.0044444444444445,1.0,1.0,1.0,1.0,1.0,1.0,1.0,1.0,1.0,1.0,1.0,1.0,1.0,1.0,1.0,1.0,1.0,1.0,1.0,1.0,1.0,1.0,1.0,1.0,1.0,1.0,1.0,1.0,1.0,1.0,1.0,1.0,1.0,1.0,1.0,1.0,1.0,1.0,1.0,1.0,0.9920461505027955,1.0,1.0,1.0
394543,171,"Duluth, MN",msa,MN,0.9668996883685674,0.9789251844046365,0.9858467545143973,0.986831214845965,1.0,1.0,0.9939425076353239,0.9851205746536685,0.9846153846153847,0.9815242494226328,0.9790209790209791,0.9793119071314131,0.9733333333333334,0.9764754086610825,0.9846770282769743,1.0,1.0,1.0,1.0,1.0,0.9896781902460574,0.9777777777777777,0.9787367104440275,0.9752082651242315,0.979635912641843,0.9738131962296487,0.986046511627907,1.0,1.0,1.0,1.0,1.0,1.0,1.0,1.0,1.0,0.9951064349958768,0.9724704161680628,1.0,1.000366431180233,1.0312849162011173,1.0218978102189782,1.018181818181818,1.0001163061177016,1.0,1.000231303717285,1.000250062515629,1.0,1.0,1.0,1.0151515151515151,1.0235837492891893,1.0280139494688973,1.0200364298724955,1.0135961523334978,1.0001428775539363,1.0,1.0,1.0,0.9868354430379747,0.9956729589827846,1.0,1.0,1.0,1.0004257130693912,1.0003924617172764,1.0003705075954057,1.0002966261118822,1.0,1.0,1.0,0.9866332338003726,0.9807767752059631,0.9795918367346939,0.9985959985959986,1.0,1.0011976047904192,1.0,1.0,1.0,1.0,0.9871794871794872,0.9893188903110302,0.9854235765937349,0.9818451278251205,1.0,0.9892774064171123,1.0,1.0,1.0003178816985443,1.0,1.0,0.9976309555146091,0.9797917942437232,0.996,0.9945479862896316,0.981556895485467
394937,172,"Olympia, WA",msa,WA,0.9990630210070023,0.9994323232323232,0.9992747161276785,1.002957899883664,1.0080880391285016,0.9994981694794178,1.0,0.9992939081084631,0.9992351306164309,0.9991710914454277,0.9991353846153846,1.0,1.0,1.0,1.0,1.0,1.0006432028102692,1.0002857959416975,1.000243961941937,1.0,1.0,1.0,1.0,1.0,1.0,1.0001905124785673,1.0161332292479832,1.010884535074859,1.0100651905136564,1.0118353058843141,1.015625,1.0175922731976543,1.014327979712595,1.0197560975609756,1.024243314722304,1.0285714285714285,1.033066079149204,1.0327868852459017,1.0483766233766234,1.0660274362976343,1.0666666666666667,1.0680942910300708,1.047164539496378,1.036144578313253,1.0231077887680604,1.0133818541846602,1.0142031909040896,1.0129870129870129,1.0206084396467126,1.035029681955361,1.0545454545454545,1.055011959121548,1.0474889409315638,1.0204602302192436,1.0,1.0,1.0,1.0,1.0,0.9952254545454545,1.0,1.0,1.0,1.0,1.005933988764045,1.0015444603738564,1.0,1.0,1.0,1.0,1.0,1.0,1.0,1.0,1.0,1.0000909173561232,1.0,1.0,1.0,1.0,1.0,1.0,1.0,1.0,1.0,1.0,1.0,1.0,1.0,1.0,1.0,1.0,1.0,1.0,1.0,1.0,1.0
394803,173,"Longview, TX",msa,TX,,,,,,,,,,,,,,,,,,,,,,,,,,,,,,,,,,,,,,,,1.0,1.0,1.0,1.0,1.0,1.0,1.0,0.9948945647827186,1.0,1.0,1.0,1.0,1.0,1.0,1.0,1.0,1.0,1.0,0.9790150257523518,0.9769170826225226,0.9775968356624781,0.979328257311606,0.9841269841269841,0.9955535793686082,0.9915730337078652,1.0,0.9919114516815666,0.9846454023336171,0.9793348115299334,0.9880619066563696,0.9678980732598446,0.9823095823095823,0.9768637532133676,0.9684203134499638,0.9730636676945402,0.9698996655518395,0.975975975975976,0.9876326089186058,0.9840005628282364,0.9792740549828178,0.9760068904161542,0.9776536312849162,0.979524384046434,0.9817224442641397,0.9738100517858685,0.970873786407767,0.9750502801093791,0.968808504391282,0.9763313609467456,0.9777777777777777,0.9787234042553191,0.9833333333333333,0.9784615384615385,0.9616685456595265,0.9740925850455833,0.9735744089012517,0.9721448467966574,0.9719397857425722
395229,174,"Wilmington, NC",msa,NC,0.9744990892531876,0.9765018588148424,0.9793103448275862,0.9849386957101175,0.9795937968554556,0.9815950920245399,0.9805825242718447,0.9782608695652174,0.9761904761904762,0.9781021897810219,0.9793668914943758,0.9757212009289571,0.9773508219607914,0.9773584905660377,0.9799736449857721,0.9829059829059829,0.9837837837837838,0.9888354547107632,0.9833024118738405,0.9834190966266438,0.981226533166458,0.9809885931558935,0.9810754661055026,0.976984499765148,0.981268517074692,0.9811320754716981,0.9824714816915611,0.9839357429718876,0.9822580645161291,0.9827437317610624,0.986433662911014,0.9896512656907893,0.9888268156424581,0.9922664317679537,0.9886632903760894,0.98720116683199,0.9882352941176471,0.9922174275115452,1.0,1.0,1.0001500227812783,1.0051371969976621,1.0042372881355932,1.0002532286654848,1.0,1.0,1.0,1.0,1.0,1.000893655049151,1.0091428571428571,1.015625,1.0170056685561855,1.009809578765147,1.0003811321571399,1.0,1.0,0.9942857142857143,0.9841269841269841,0.9836065573770492,0.9820508409931819,0.9879686546794977,0.9921323984326665,1.0,1.0,1.0,1.0,0.9931079478054567,0.989010989010989,0.9886628876292097,0.9855072463768116,0.9865359690386202,0.9791666666666666,0.9807893163533927,0.9882815564446537,0.9890968508615567,0.9888501075782931,0.9865168539325843,0.9831022607640562,0.9836065573770492,0.9819155466972012,0.9815384615384616,0.9771573604060914,0.9786821705426356,0.9762202753441802,0.9798648648648649,0.9850746268656716,0.9870801033591732,0.9853328318916886,0.9858933545563072,0.9843724316073734,0.9791666666666666,0.9771768760827735,0.9793103448275862,0.9794063079777365,0.9734310133559552,0.9797269901338019
395061,175,"San Luis Obispo, CA",msa,CA,0.9846153846153847,0.9894736842105263,0.9913485197237876,0.989345509893455,0.9870892217665864,0.9895833333333334,0.9892644097420115,0.9896373056994818,0.984375,0.9838445726934935,0.9817787106969671,0.9827299711692775,0.9768319421833682,0.9825242718446602,0.9878406192022263,0.9851673483748955,0.9878419452887538,0.9867982573130613,0.987012987012987,0.9865269461077845,0.9855422303378106,0.984646878198567,0.984644677563235,0.9856456043956044,0.9810973725003616,0.9869158878504672,0.9907529722589168,0.9913494551425586,0.9827915240852856,0.9880119760479043,0.9899749373433584,0.9933774834437086,0.9962348717785319,1.0,1.0,1.0,1.0,1.0,1.0,1.0047619047619047,1.011342155009452,1.0080375985184546,1.0076923076923077,1.0030987873268464,1.0,1.0,1.0067114093959733,1.008158508158508,1.0002095735275898,1.015318015187427,1.03886925795053,1.0315800332421403,1.026711185308848,1.0129891113452758,1.0011778563015312,1.0,0.9926672185191316,1.0,0.9853146853146854,0.9851843722563652,0.9857040743388135,0.9875015535669898,1.0,1.0,1.0,1.0,1.0,1.0,1.0,1.0,0.9927797833935018,0.9901639344262295,0.9973992197659298,1.0,1.0,1.0,1.0,1.0,1.0,0.9942016806722689,1.0,0.9924411624138856,0.9908883826879271,0.989100817438692,0.9870266479663394,0.9986506468229679,1.0,0.9899856938483548,0.9935827788633613,0.989247311827957,0.9949748743718593,0.9852767962308598,0.9908391608391609,0.9880790463237059,0.9879839786381842,0.9873455203235617,0.9813559322033898
753875,176,"Crestview, FL",msa,FL,,,,,0.9799945931332793,0.9851470142467414,0.9815382867530107,0.9763771593969259,0.9762845849802372,0.9777474609671062,0.9759150157208706,0.9762202753441802,0.9775555555555555,0.9762532981530343,0.9809423256482079,0.9814197236779418,0.9836528660480416,0.9857352559337083,0.9875879798045548,0.9846827133479212,0.9831879568489987,0.9811320754716981,0.983520360895922,0.975609756097561,0.9826589595375722,0.9825909983076259,0.98318060909764,0.9880705514701611,0.9891679617760767,0.9807657107422889,0.9813953488372092,0.9788359788359788,0.9832174944905916,0.9862007849094823,0.9817170111287759,0.9902457016651187,0.985,0.9866666666666667,1.0,1.0,1.0,1.0,1.0,1.0,1.0,1.0,0.9971653620526719,0.9948453608247423,0.990594132389798,1.0,1.0,1.0,1.0,1.0,1.0,0.9878747795414462,0.9832073769104956,0.982051282051282,0.9790209790209791,0.9734513274336283,0.9720441138753526,0.972436059761965,0.9794607492245287,0.9827144659014464,0.9798487386427085,0.9845356715823037,0.9817629179331308,0.975975975975976,0.9803921568627451,0.967741935483871,0.9747410962364234,0.9692429967582141,0.9735663435114976,0.9759188846641318,0.9788353863381859,0.9723352318958502,0.9764161849710983,0.976,0.9777186761229315,0.9737986270022884,0.969309262166405,0.972,0.9712230215827338,0.9733333333333334,0.9678129496402877,0.9694334413787918,0.9736123748862603,0.972972972972973,0.9791231732776617,0.975975975975976,0.969594195850895,0.9729187562688064,0.9644012660469872,0.967741935483871,0.9687530273532104,0.9661495063469676,0.9699909063352531
394851,177,"Merced, CA",msa,CA,0.9856459330143541,0.9824561403508771,1.0,0.9821331491961169,0.9890922880232209,0.9969820148891948,0.9956429744410291,0.9966101694915255,1.0,0.9886690637139776,0.9846827133479212,0.9879939969984992,0.9939984996249063,0.9861111111111112,0.9867322465381143,0.9982652062430009,1.0,1.0,0.9932885906040269,0.9899647182203537,0.9922480620155039,0.9943740563326455,0.9834389664208666,0.9957805907172996,0.993402726125437,0.9929423428447501,1.0,1.0,0.9956331877729258,0.9943993094343455,1.0,1.0,1.0,1.0,1.0,1.0,1.0,1.0,1.0032840811044004,1.0188679245283019,1.0186757215619695,1.0224948875255624,1.0236694677871148,1.010151763740771,1.0091185410334347,1.0,1.0032786885245901,1.0025062656641603,1.0,1.0001075508827344,1.0110294117647058,1.0068027210884354,1.0113636363636365,1.0025062656641603,1.0,1.0,0.986046511627907,0.9828016420273135,0.9838741415294888,0.9873122317596567,0.9919839679358717,1.0,0.9957894736842106,1.0,1.0,1.0,1.0,1.0,1.0,1.0,0.9920634920634921,1.0,1.0,1.0,1.0,1.0,1.0,1.0002096875655273,0.9965397923875432,1.0,1.0,1.0,0.9983330246341915,1.0,0.9885386819484241,1.0,0.9965914976019454,1.0,0.9958056361477347,1.0,1.0,0.9961637637442834,1.0,0.9924937447873228,1.0,0.997932284306916,0.9890096618357488
395197,178,"Waco, TX",msa,TX,0.9721679344939215,0.9705012182387748,0.9760753026939519,0.9801699716713881,0.9876018355671459,0.9829196323573892,0.9814061308795632,0.9830451000339098,0.9757809757809758,0.9741821381277829,0.9776266001710715,0.9767487290638561,0.9746871563591821,0.9714285714285714,0.9790475546195163,0.9755104166666667,0.9851845085860431,0.987796128333559,0.9827586206896551,0.9818451278251205,0.9791666666666666,0.9758861969326518,0.9878674906088283,0.9802586793737236,0.9727648766328012,0.9801960784313726,0.9883707406265383,0.9833333333333333,0.9897073379223467,0.9856364536899456,0.988311449579832,0.9925693445505137,0.9952358265840877,0.9889987898545356,0.9889196675900277,0.9923969587835134,0.9823943661971831,0.9893963675213675,0.9929473357291805,1.0,1.0,1.0,1.0083426028921023,1.0,1.0,1.0,1.0,1.0,0.9963985594237695,1.0,1.0,1.0,1.0,1.0,1.0,0.9972878913691203,0.9823186120591434,0.9857575670509158,0.9723375262054508,0.975609756097561,0.9655172413793104,0.9831635540464063,0.9795834192617034,0.985663082437276,0.9884420759190662,0.9854512389179358,0.9867327526382541,0.9811320754716981,0.980532237899625,0.9815302144249514,0.9875275787865303,0.9715986377164364,0.9777777777777777,0.9787234042553191,0.97868638538495,0.9786666666666667,0.9818181818181818,0.9905826957033549,0.9845856845856846,0.9803921568627451,0.98,0.9767441860465116,0.9811774128954746,0.9822448979591837,0.9782608695652174,0.978865406006674,0.9756848261003386,0.9793534073313392,0.9857142857142858,0.9852941176470589,0.9763313609467456,0.9821428571428571,0.9734991887506761,0.967159752311173,0.9703881552621049,0.9777171441564347,0.9714285714285714
394447,179,"Cedar Rapids, IA",msa,IA,0.9740423622665495,0.9777015437392796,0.9822646657571623,0.9870200108166577,0.989247311827957,0.9887122828272187,0.9936842042147802,0.9862541332073689,0.9930748653027391,0.9846153846153847,0.9882688867483143,0.9818181818181818,0.9825195901145268,0.9753317077804871,0.9817764781392135,0.9898477157360406,0.9906950912509276,0.9935418015783293,0.9906191369606003,0.9893314366998578,0.9876623047271251,0.9846277941633579,0.9858467545143973,0.980326775591864,0.9842985882570049,0.9721229449606862,0.991,0.9918367346938776,0.9906648885502001,0.9925925925925926,0.9943181818181818,0.9944338961016747,1.0,0.9879759519038076,0.9920273581053491,0.9960765550239234,1.0,1.0,1.0,1.0,1.0004446420631392,1.0007698229407236,1.0,1.0,1.0,1.0,1.0,0.9962484368486869,0.9942006664613144,0.9904458598726115,1.0,1.0,1.0015894397416742,1.0003007112763898,1.0,1.0,1.0,1.0,0.9953670968792643,0.9843158464034614,0.9796481545360469,0.9850175870179754,1.0,1.0,1.0,1.0,1.0,1.0,0.9974325626054531,0.9940182737828462,0.9887192536047498,0.9849988634641612,0.9840812709665169,0.9817515817515817,0.9870577668621998,1.0,1.0,1.0,1.0,0.9893286651580491,0.9870660313138189,0.9897435897435898,0.984976512575999,0.9844902634593357,0.9851249723512497,0.9788721916381491,0.9874968742185546,0.9920705812295301,1.0,0.9973015873015874,0.99375,0.990909090909091,0.98537603747645,0.9891304347826086,0.984,0.9848484848484849,0.9791577562402429
394348,180,"Atlantic City, NJ",msa,NJ,0.9564449676280165,0.9691346325764348,0.967236946402737,0.9881656804733728,0.9748448324705761,0.9636363636363636,0.9675248098421161,0.9811465948441709,0.9803973963914199,0.9795639920671607,0.9687836383207751,0.9628941208866859,0.9619084263178146,0.9515027738828263,0.9683666881859264,0.9629629629629629,0.9634114240589629,0.966358458806982,0.9780019064065987,0.974477958236659,0.9792709077912795,0.9891257077363179,0.9683873549419768,0.9765923974284298,0.9743589743589743,0.9530702918655622,0.9696999361566291,0.9968652037617555,0.9814431650537684,0.975609756097561,0.9776751347190146,0.9829311359623308,0.9883720930232558,0.9848727480697741,0.9785202863961814,0.9849246231155779,0.9834818161403214,0.9896111245856577,0.9947315349319124,1.0,1.0,1.0,1.0,1.0,1.0,1.0,1.0,0.9885057471264368,0.9896391568417292,1.0,1.0,1.0,1.0,1.00080064051241,1.0,1.0,1.0,0.9846827133479212,0.992,0.986569141754179,0.9808280077799388,0.9805123324151921,0.9993197278911565,1.0,1.0,1.0,1.0,1.0,1.0,0.9975626740947074,0.9931748646740409,1.0,0.9888236763236764,0.9920954992740765,0.9956707789482866,0.9922231397468304,1.0,1.0,0.9916219204042956,1.0,0.9912034413476895,0.9957562897847833,0.9901980396079216,0.989247311827957,0.9795330820770519,0.9866220735785953,0.9829735251083566,0.9875081786814591,0.9960882461994809,0.9849078934825686,0.993103448275862,0.9936433589829374,0.9898798131233763,0.9823182711198428,0.9840728100113766,0.9849184364419822,0.9734549364178995
394412,181,"Bremerton, WA",msa,WA,1.0,1.0,1.0030452632902036,1.0000893016610108,1.0139881061484952,1.012025241100131,1.0,1.0,1.0,1.0,1.0,1.0,1.0,1.0,1.0,1.0004780122165597,1.0038587360594795,1.0003349340702554,1.0,1.0,1.0,1.0,1.0,1.0,1.0,1.0,1.0077247313023625,1.0025062656641603,1.0080164494880408,1.0013210039630118,1.0017391304347827,1.0084541062801933,1.0120240480961924,1.0131712259371835,1.0155902004454342,1.0120639534883722,1.0259804315208894,1.0315955766192733,1.04,1.0717347813661047,1.0740695588568245,1.067022353962162,1.0543478260869565,1.0362962962962963,1.0171284757855643,1.0206896551724138,1.013986013986014,1.0135135135135136,1.0110200364298725,1.0439024390243903,1.0483870967741935,1.0532515337423312,1.05,1.0096153846153846,1.0,1.0,1.0,1.0,1.0,0.9904836264059564,0.9932584269662922,1.0,1.0,1.0,1.0,1.0,1.0,1.0,1.0,1.0,1.0,1.0,1.0,1.0,1.0,1.0,1.0,1.0,1.0,1.0,1.0,1.0,1.0,1.0,1.0,1.0,1.0,1.0,1.0,1.0,1.0,1.0,1.0,1.0,1.0,1.0,1.0
395065,183,"Santa Cruz, CA",msa,CA,0.9946262068568881,1.000421329292505,1.0,1.0,1.0001905124785673,1.0,1.0,1.0,1.0,0.9901980396079216,0.9806666974325842,0.9808013355592654,0.9930915371329879,0.972972972972973,0.9913644214162349,1.0,1.0,0.9937888198757764,0.9914729120550645,0.989936071903285,0.9883877724389948,0.9887098301107474,0.9862377277052825,0.9856004778618197,0.978865406006674,0.9882352941176471,1.0,1.0,0.9846238145416227,0.9994623655913979,0.9960334880220745,1.0,1.0,1.0,1.0067469332121761,1.0,1.0,1.0,1.0026702269692924,1.0353760943362516,1.029307173513182,1.0482816917416073,1.0380154728669249,1.0200008160006528,1.00000093493257,1.0011819557539248,1.0070140280561122,1.0188087774294672,1.0,1.0298507462686568,1.0471794871794873,1.041237113402062,1.04176389796381,1.0,1.0,0.9858442871587462,0.984313725490196,0.99091408672676,0.9822804314329738,0.9906909905369936,0.9738029083823476,0.97889932846271,1.0,1.0,1.0,1.0051020408163265,1.00006816036236,1.0,1.0,0.9922048997772829,0.9966313763233878,0.974756858948955,0.9822804314329738,1.0,0.9981226533166458,1.0,1.0,1.0,1.0,1.0,1.0,0.9918333333333333,0.9946966666666667,1.0,0.9880946837407838,0.9834710743801653,1.0,1.0,1.0,0.9892310665850594,0.9869460819486847,0.9880346193826361,0.9892655367231639,0.9895615866388309,0.9770453207769276,0.9815242494226328,0.9891388673390225
394572,184,"Erie, PA",msa,PA,0.9625884732052579,0.9504752376188094,0.9789149863589326,0.9603841536614646,0.975,0.9743589743589743,0.967741935483871,0.9712940385100479,0.9653916211293261,0.9697933227344993,0.9658394678410525,0.9666295884315907,0.9436015830163462,0.9542807893808193,0.9727492238703,0.9677315262988061,0.9731232622798888,0.9693634526558892,0.9709817412394655,0.9737661182747888,0.9736428841072102,0.9782213438735178,0.9649749821300929,0.9721229449606862,0.9707724425887265,0.96045197740113,0.9779697038164087,0.9863995891114535,0.9659449154861999,0.9899799599198397,1.0,0.9894736842105263,1.0,0.9891110738607172,1.0,0.9804586443237535,1.0,0.9758013256661253,0.9847319347319348,1.0,1.0,1.0,1.0,1.0,1.0,1.0,1.0,1.0,0.9788255591562005,1.0,1.0,1.0,1.0006637235368951,1.0001613423685058,1.0004273802397865,1.0,1.0,1.0,0.9932879004159567,1.0,0.9803844644958808,0.9851576483546743,1.0,1.0,1.0,1.0005280572470783,1.0,1.0,1.0038360450563204,1.0,1.0,1.0,0.9813333333333333,1.0,1.0,1.0,1.0,1.0,1.0,1.0,1.0,1.0,1.0,1.0,0.9792050539615689,0.9994248984024776,1.0,1.0,1.0,1.0,1.0014984972164642,1.0,1.0,1.0,0.9856115107913669,0.9865443046881693,0.9753630402824987
394924,185,"Norwich, CT",msa,CT,0.9817351598173516,0.9777728373104095,0.9806451612903225,0.9819967266775778,0.983865763149403,0.9810126582278481,0.9845360824742269,0.9811320754716981,0.976376452657649,0.9841269841269841,0.975609756097561,0.9720441138753526,0.9885982325574265,0.9815024537561344,0.9858263153828324,0.98,0.9806181467256488,0.9863171538965232,0.9891891891891892,0.98262856157593,0.981811567842852,0.9824561403508771,0.9804750905045201,0.9754385964912281,0.9797877517700435,0.9829135405501965,0.9809220985691574,0.9864116758933065,0.9856565794878817,0.9855438249202684,1.0,0.9939235097109989,1.0,1.0,1.0,1.0,1.0,0.985663082437276,1.0,1.0,1.0141706029452626,1.0255127563781892,1.0221835580687255,1.0097323600973236,1.0,1.0,1.0,1.0,1.0,1.0,1.013424585417215,1.0284913965586235,1.03171294917856,1.0221347777793943,1.0175438596491229,1.0075187969924813,1.0,1.0,1.0,1.0,1.0,1.0,1.0077519379844961,1.0097602564417274,1.0287859824780976,1.0348583877995643,1.0134491781917028,1.0028723356751608,1.0130718954248366,1.0002703433360367,1.0018094422744217,1.0002703433360367,1.0139764318991504,1.0,1.0049700545275768,1.0146076220125586,1.023076923076923,1.02804660168661,1.0221835580687255,1.0169491525423728,1.0026385224274406,1.0,1.0,1.0,1.0,1.0,1.0069570477918934,1.0083160800552105,1.0200102002040041,1.0255957795160997,1.0060674846625766,1.00733937315592,1.0070289267369559,1.0,1.0025062656641603,1.0,1.0
394323,186,"Amarillo, TX",msa,TX,0.9818451278251205,0.9830958446882705,0.9832175227454294,0.9876543209876543,0.9838846480067854,0.9877340219496449,0.9818932209343167,0.9846153846153847,0.9791256188744064,0.9809368191721133,0.9812486520596528,0.9738328664799253,0.972972972972973,0.9763539282990084,0.9836338888919257,0.9842457660496259,0.9836065573770492,0.9880589746777737,0.9828480548079276,0.9829289826153118,0.9842696629213483,0.9790666252807245,0.9836065573770492,0.9827586206896551,0.9818181818181818,0.9846153846153847,0.988999832959893,0.9857091800265496,0.9857635018745567,0.9897435897435898,0.9904761904761905,0.9871061959410714,0.991017883555197,0.9915301852958757,0.9887454446770567,0.99375,0.9861111111111112,1.0,1.0,1.0,1.0,1.0,1.0,1.0,1.0,1.0,1.0,1.0,1.0,1.0,1.0,1.0,1.0,1.0,1.0,1.0,1.0,1.0,1.0,0.9868421052631579,0.98547062539482,0.9811635704138968,0.9911504424778761,0.9976470588235294,1.0,1.0,0.9961707287044125,0.9870918754745635,0.9838709677419355,0.991767134953928,0.9761904761904762,0.9843456235382224,0.9841269841269841,0.9837618105910789,0.9902255639097745,0.9895561357702349,0.9962264150943396,0.9865427686442697,0.9921875,0.9850746268656716,0.9860869565217392,0.9844961240310077,0.9846153846153847,0.9899327725414682,0.9865430078196036,0.9826989619377162,0.9854728449364909,0.9884070507998596,0.9930715935334873,0.9975895598738758,0.9873336540003206,0.9899999852940744,0.9839033553569115,0.9822936983937511,0.9810240530030246,0.986159169550173,0.9817482519859547
394772,187,"Laredo, TX",msa,TX,,,,,,,,,,,,,,,,,,,,,,,,,,,,,,,,,,,,,,,,,,,,,,,,,,,,,,,,,,,,,,,,0.9962615430674893,0.9953465048641059,0.983508517578833,0.9869087209993697,0.9810655853333536,0.9819778853460828,0.9883720930232558,0.967948717948718,0.9743366681165724,0.9924115134143797,0.9831842307440435,0.9733359288958104,1.0,1.0,0.982720704662684,0.986784140969163,0.9737940885616965,0.9848821698532682,0.983467571004663,1.0,0.9864128924701305,0.9848995983935743,0.9811126618514481,0.9871794871794872,0.982416389843136,0.9943138326954619,0.9916945516945517,0.9900198609731876,0.9727878563495003,0.9847288046340179,0.9727626459143969,1.0,0.9868601855032635,0.9898508251906577
395171,188,"Tuscaloosa, AL",msa,AL,0.9790846528446039,0.9805415325217965,0.9836275828875836,0.9818451278251205,0.9836065573770492,0.9774906210921217,0.9782608695652174,0.9817570811329813,0.9795748228428511,0.9783527459174298,0.9827722976123434,0.9776295722179164,0.9703881552621049,0.9718403253431714,0.9870200108166577,0.9855562661828141,0.9831967213114754,0.9910529938059188,0.9841709545520483,0.9919060624337835,0.9844166310538187,0.9822261794738859,0.9851205746536685,0.984251968503937,0.9736576126654097,0.9847288046340179,0.9829326210619047,0.9867394270122783,0.984665550484729,0.9962962962962963,1.0,1.0,1.0,1.0,1.0,0.9907407407407407,0.9926041261191125,0.9952488122030507,1.0,1.0,1.0,1.0,1.0,1.0,1.0,0.9954758036725251,1.0,1.0,1.0,1.0,1.0,1.0,1.0,1.0,1.0,1.0,0.9903402708639464,0.9860563906084816,0.9758829300196207,0.9850915267031516,0.9747347145022739,0.9861700095510983,1.0,0.9951707485339772,1.0,1.0,1.0,1.0,1.0,0.99128672105888,0.9974278365247213,0.9838845280468929,0.9815977087789168,0.9933288859239493,1.0,0.9912854030501089,0.9937244885448223,1.0,0.9951845313685634,0.9934978326108703,0.9898278135448639,0.9897227217097089,0.9935960294055566,0.994502015109892,0.9938461538461538,0.9919170335690128,0.9824937477670597,0.9947027663331371,0.9851385628854525,1.0,0.9923053611158335,0.9896316118489598,0.9885714285714285,0.9956521739130435,0.9866005949659196,0.9879983997866382,0.9753831664470711
394483,189,"College Station, TX",msa,TX,,,0.9894385769872152,0.9835409051938089,0.9861084314103801,0.982953995157385,0.979757085020243,0.977891156462585,0.9777777777777777,0.9841968787515005,0.9851851851851852,0.9745726622109185,0.975373629721435,0.9818181818181818,0.9862457017818068,0.9772727272727273,0.9868831775318089,0.9825905764590935,0.9820071162865922,0.978354181703464,0.9757114668728004,0.9764705882352941,0.9784615384615385,0.9772609759241531,0.9777425204997381,0.9823171790863297,0.9848267138747979,0.9818181818181818,0.9831041683616738,0.9829714772243507,0.984313725490196,0.9813567075603342,0.9808612440191388,0.9833277759253084,0.989010989010989,0.981697557777115,0.9823391248737297,0.9842801000357271,0.987385819921705,1.0,1.0,1.0,1.0,1.0,0.9904275135159692,1.0,1.0,1.0,1.0,1.0,1.0,1.0130210438368934,1.020066889632107,1.0015527950310559,1.0,1.0,0.9977618101207766,0.9914529914529915,0.9890909090909091,0.9836612204068023,0.9855072463768116,0.9988235294117647,0.9935117599351176,1.0,1.0,1.0,0.9935476933003549,1.0,0.9884034417345646,0.9801809084410943,0.9847328244274809,0.9815702530375311,0.9774834340260798,0.9863013698630136,0.9868401180826799,0.9846546310832025,0.9869375907111756,0.9896502784918595,0.9849812265331664,0.9833328062129918,0.9784172661870504,0.9829055798620672,0.98,0.9830566012739979,0.9780203160305498,0.988,0.9851470142467414,0.9840212765957447,0.9836612204068023,0.9833333333333333,0.9833333333333333,0.9775610902255638,0.9765472743379213,0.9760308949316991,0.9807767752059631,0.9758064516129032,0.9732690548263554
394732,190,"Kalamazoo, MI",msa,MI,0.9813354221334019,0.9709090909090909,0.9821428571428571,0.9888827126181212,0.9927486605231453,1.0,0.999572,1.0,0.988357926086368,0.9804304534313726,0.9776751347190146,0.972972972972973,0.9746088740702744,0.9873617693522907,0.9734991887506761,0.9902514109799897,0.989010989010989,1.0,1.0,0.9857142857142858,0.9823360813767472,0.9747286615361938,0.987535575350131,0.9833285794735649,0.9903246584115031,0.9802475017147798,0.9884778653729533,0.9971846102615334,0.9816498316498317,1.0,1.0,1.0,1.0,1.0,1.0,1.0,1.0,1.0,1.0,1.0002765923369292,1.0082949613633958,1.0087946197620279,1.006896551724138,1.0002164211311833,1.0,1.0,1.0,1.0,1.0,1.0,1.0057692307692307,1.001930163186524,1.0235757295044001,1.02244948372116,1.0100625095288915,1.0,1.0,1.0,0.9975868619836259,0.9799196787148594,0.9961621621621621,0.9900762628035356,1.0,1.0,1.0,1.0004547521600728,1.0,1.0,1.0,0.9977777777777778,1.0,0.9859090879977455,0.990990990990991,0.9978561219628395,0.990990990990991,1.0,1.0,1.0,1.0,0.9945421467556095,1.0,0.9910411525110857,0.9845045710591929,0.9897959183673469,0.9841219434741187,0.9876582758678829,0.9992241379310345,1.0,1.0,1.0,1.0,0.991147669408539,1.0,0.9913912531868994,0.9902578932397839,0.9814953738434609,0.9825596151962712
394811,191,"Lynchburg, VA",msa,VA,,,,,,,,,,,0.9890258833990896,0.9729993278233785,0.964136719522552,0.9804235433529879,0.9779151380078861,0.9749886324147252,0.98,0.9836612204068023,0.985842175066313,0.9697949386775413,0.9764705882352941,0.9795501022494888,0.9819875288158513,1.0,0.9619238476953907,0.991257096512571,0.9882752122795755,0.9927140255009107,0.9843586048501497,0.9888888888888889,0.9866666666666667,1.0,0.9983860555196902,1.0,1.0,0.9885003768229561,0.9959072305593452,0.9985185185185186,1.0,1.0,1.0,1.0,1.0000848856908096,1.0,1.0,1.0,1.0,1.0,1.0,1.0,1.0,1.0004303423981145,1.002051266722158,1.0004168403501459,1.0,1.0,1.0,1.0,1.0,1.0,1.0,1.0,1.0,1.0,1.0,1.0,1.0,1.0,1.0,1.0,1.0,0.9930313588850174,0.9923664122137404,0.9833366111220371,0.9962484368486869,1.0,1.0,1.0,1.0,1.0,0.9966555183946488,0.9909399773499433,0.9905751105981919,1.0,0.9943396226415094,0.9894507093488542,0.9948258020006899,1.0,1.0,1.0,1.0,0.9974099682514105,0.9882128964946303,0.9863188069919686,0.9870926908942426,0.9914680788467196,0.9977494373593399
394455,192,"Charleston, WV",msa,WV,,,,,,,,,,,,,,,,,,,,,,,,,,,,,,,0.9906926406926407,0.9659082206677446,0.9758108818543219,0.9650455927051672,0.9721229449606862,0.972972972972973,0.9561752988047809,0.9666160081053699,0.999243161094225,0.9703703703703703,0.995037037037037,0.9913793103448276,0.9849749582637729,0.994149347229916,0.9802867383512545,0.983629320967526,0.9821927895367979,0.972972972972973,0.9724501660434808,0.967391304347826,0.976,1.0,1.0,0.9885931558935361,1.0,0.9866666666666667,0.9810554803788903,0.9823422644770959,0.9782082324455206,0.9776751347190146,0.972972972972973,0.9651708890159676,0.9704131652661064,0.9767441860465116,0.978865406006674,0.9999196593556681,0.9918152283064563,0.9837246145349887,0.9773466886437598,0.9915256661981553,0.9836505867014341,0.9785561115082202,0.9734513274336283,0.967741935483871,0.9768808835519975,0.9802940980352933,0.9785993485342019,0.9972413793103448,0.9769423558897243,0.9858906525573192,0.9824561403508771,0.9684542586750788,0.9736842105263158,0.9825998486504667,0.9663841807909604,0.9664236593889746,0.9728678094436849,0.9846153846153847,0.9988221436984688,0.9890973401245049,0.9919599547217428,0.9899799599198397,0.9737121497675587,0.9619631824644848,0.9883236030025021,0.968,0.9735518416355671
395240,193,"Yakima, WA",msa,WA,0.9881175734834271,0.984,1.0,1.0,1.0,1.0,1.0,1.0,1.0,1.0,1.0,0.9925898480918859,1.0,0.9828080229226361,1.0,0.9993570969354953,1.0,1.0079743296479857,1.0,1.0,1.0,1.0,1.0,1.0,1.0,1.0,1.0,1.0,1.0,1.0,1.0,1.0,1.0,1.0004349717268377,1.0,1.0,1.0,1.0,1.0000044444641976,1.0139567567567567,1.0021384970065554,1.018773466833542,1.0093397145641085,1.0084745762711864,1.012853470437018,1.0000022222271605,1.0,1.0,1.0,1.0,1.0,1.0111122345691494,1.0119064493267187,1.0001111358079573,1.0,1.0,1.0,1.0,1.0,0.993103448275862,0.9930795847750865,0.989724942818603,1.0,1.0,1.0,1.0,1.0,1.0,0.9890111761245782,1.0,1.0,1.0,0.9882352941176471,0.9914647814466765,0.9939216901242218,1.0,1.0,1.0,1.0,1.0,1.0,1.0,1.0,0.9973521624007061,0.9841017488076311,1.0,0.999375,0.9985294117647059,1.0,1.0,1.0,1.0,1.0,1.0,1.0,0.9915611814345991,1.0
394585,194,"Fargo, ND",msa,ND,,,,,,,,,,,,,,,,,,,,,,,,,,,,,,,,,,,,,,,,,,,,,,,,,,,,,,,,,,,,,,,0.9945421467556095,0.9971509971509972,1.0,1.0,1.0,1.0,1.0,1.0,0.9868222811509944,0.9890909090909091,0.9875330153991131,0.9894507093488542,1.0,1.0,1.0,1.0,1.0,1.0,1.0,1.0,0.9991969883113695,0.9899974352398051,0.9889691898060099,0.9867099567099566,1.0,1.0,1.0,1.0,1.0,1.0,0.9950243390561693,0.9909601634320735,0.9884252631578947,0.984182776801406,0.9874467331485828
394387,195,"Binghamton, NY",msa,NY,0.9454747699464051,0.9523809523809523,0.9630334883700983,0.968756054725342,0.9714285714285714,0.9878330912249149,0.9872611464968153,0.9884467265725289,0.9728183118741058,0.9748427672955975,0.9655172413793104,0.9654088050314465,0.9451445515196442,0.9492047203694202,0.963620838296203,0.9702850212249848,0.9750930136420008,0.9741156402624377,0.9843642090723803,0.9655172413793104,0.9722222222222222,0.9747606614447345,0.9531904761904761,0.977893820713664,0.9742251762807507,0.9505494505494505,0.96,0.9701492537313433,0.9665344318990947,0.9731696225557072,0.982981158083344,1.0,0.9846661729097725,0.9894458368142578,1.0,0.979317098738612,0.9839078381340816,0.9706257982120051,0.9853049818866095,0.99587133291072,1.0,1.0009099181073704,1.0018316579733957,1.0,1.0,1.0,1.0,0.9983319353904236,1.0,1.0,1.0,1.0,1.0103448275862068,1.018348623853211,1.0001020616452339,1.0,1.0000016666722222,1.0,0.991379032150496,1.0,0.9774436090225563,0.970460848160035,1.0,1.0,1.0004446420631392,1.0,1.0068764568764568,1.013986013986014,1.003114186851211,1.000658327847268,1.0,1.0,1.0,0.9801318698597901,1.0,1.0031259768677712,1.0006671114076051,1.0,1.0,1.00625,1.000151561079115,1.0,1.0,1.0,0.9876772267085145,0.9961848240779991,0.9825607902735563,1.0,1.0,1.0002817695125388,1.0,1.0,1.0,1.0005885815185402,1.0,1.0,0.9818718035207994
394609,196,"Fort Smith, AR",msa,AR,0.969836937504374,0.969025984795213,0.9789654155298282,0.9771986970684039,0.9755219582433405,0.9797834098207854,0.9727782225780625,0.9806494652348878,0.97331772183546,0.9640287769784173,0.9666666666666667,0.9640606210361584,0.9714285714285714,0.9708375092596627,0.9776951672862454,0.9745598179018544,0.9770453207769276,0.9777777777777777,0.9738260200153964,0.9828326180257511,0.9732441471571907,0.9733019023079875,0.9762532981530343,0.9768741826159103,0.9648188631748229,0.9655172413793104,0.982346184213412,0.9758724152837999,0.9836732210461253,0.9862068965517241,0.985985985985986,0.981863664790494,0.9841269841269841,0.9814123825317855,0.9866592551417455,0.9950212389236779,0.9851301115241635,0.9894068985258337,0.9952267303102625,1.0,1.0,1.0,1.0,1.0,1.0,1.0,0.9973271037108381,1.0,1.0,1.0,1.0,1.0,1.0,1.0,1.0,0.9968954812004139,1.0,0.98,0.9959839357429718,0.9728881601266539,0.9714285714285714,0.9771590240248275,0.9803921568627451,0.9882352941176471,0.9930121368150056,1.0,0.9971192405987587,0.9827961696581777,0.98716861473838,1.0,0.981661084828586,0.9623430962343096,0.9762949956101843,0.9805342426825803,0.9769230769230769,0.9876923076923076,0.986046511627907,0.9863851069741595,0.9781468531468531,0.9834368530020704,0.9836612204068023,0.9885057471264368,0.9974683544303797,0.9800079317599768,0.9697983176244046,0.9771986970684039,0.9773466886437597,0.9785637727759914,0.9777777777777777,0.9903961584633854,0.979296066252588,0.9874208860759495,0.9831150210282205,0.981612685560054,0.9781058839061744,0.977728285077951,0.9766555502620295
845160,198,"Prescott Valley, AZ",msa,AZ,0.9829493013349515,0.9829867674858223,0.9851470142467414,0.984609465178915,0.9855903515558315,0.9875,0.9863298083890406,0.9877469367341836,0.9839357429718876,0.9819639278557114,0.9818451278251205,0.9778696284317394,0.9780907668231612,0.97868638538495,0.9799196787148594,0.9818181818181818,0.9882352941176471,0.9851385628854525,0.9837430872607382,0.981149342455844,0.982468525708907,0.9836887613607213,0.9856235388650045,0.984375,0.9817073170731707,0.9818181818181818,0.9856938483547926,0.9848484848484849,0.9814746202297147,0.9829880449537254,0.9874326750448833,0.9860292046921573,0.9907826086956522,0.9944619208394874,1.0,1.0,1.0,1.0,1.0,1.0,1.0,1.0,1.0,1.0,1.0,1.0,1.0,1.0,1.0,1.0,1.0,1.0,1.0,1.0,0.9903614457831326,0.9863756171808293,0.978021978021978,0.9787626962142197,0.9776327857917119,0.9747292418772563,0.97738963990908,0.9782608695652174,0.9811458580115296,0.982824427480916,0.9863013698630136,0.9871160593792173,0.9866666666666667,0.9883720930232558,0.982583640520741,0.9830984574366788,0.9807987711213517,0.9807226987581616,0.976549150545026,0.9778513612950699,0.9806011957021614,0.9824887018856163,0.9844444444444445,0.9849177087280536,0.9827192866917291,0.9812708275913908,0.9848275862068966,0.9836612204068023,0.9817813765182186,0.9785867237687366,0.975,0.9849838969404187,0.9844961240310077,0.9852315502190132,0.9818181818181818,0.9841402337228714,0.9829867674858223,0.9830343433558142,0.9817857142857143,0.975728761922896,0.981372671583948,0.9764705882352941,0.9736842105263158
395161,199,"Topeka, KS",msa,KS,,,,,,,,,,,,,,,1.0,0.9849624060150376,1.0,0.9793253864797273,0.9856115107913669,0.981299672744273,0.9631490787269682,0.976346568174823,0.987903137087512,0.9639595348988372,0.9782942543614486,0.9962825278810409,0.9920634920634921,1.0,0.9878048780487805,0.9974127078778241,0.9959919839679359,1.0,0.9908925318761385,1.0,0.995475113122172,0.9966650786088613,1.0,0.9819447032021676,1.0,1.0091421330135095,1.0,1.0,1.0,1.0,1.0,1.0,1.0,1.0,1.0,1.0,1.012106227106227,1.020952380952381,1.0137335009428035,1.0221835580687255,1.0006253908692933,1.0,1.0,1.0,1.0,0.9839893262174784,0.9974811083123425,0.9933283914010378,1.0,1.0,1.0001339465904449,1.0,1.0,1.0,1.0,1.0,1.0,0.9923440501798277,0.9909011234960696,1.0,1.0,1.0,1.0,1.0,1.0,1.0,1.0,1.0,1.0,1.0,0.9834699453551912,0.9883073496659243,1.0,1.0,1.0,1.0,1.0,1.0,0.996102208748376,1.0,0.9911504424778761,0.9932308608604022,0.9820903026982957
394813,200,"Macon, GA",msa,GA,0.9651028618356081,0.9670488746921868,0.9722034443907935,0.9503167722574192,0.9703703703703703,0.9725422427035331,0.9709379128137384,0.9681323114158935,0.9591836734693877,0.9629629629629629,0.9717010631644778,0.971170673298333,0.9646134746201458,0.9629629629629629,0.9714731697236618,0.966183574879227,0.9814823883311763,0.9827412228243685,0.9760533494998485,0.9738316809087912,0.9681516917813131,0.9738095238095238,0.9657939081871593,0.962059620596206,0.9612852918540122,0.9657082057106148,0.9707135880664162,0.9805120987386997,0.9797890170560978,0.9803013106896274,0.9814285714285714,0.9787234042553191,0.9731543624161074,0.98,0.9881175734834271,0.9901177675371224,0.9889264256328512,0.9730893000804506,0.982059533386967,1.0,1.0,1.0,1.0,1.0,1.0,1.0,1.0,0.984649048981653,0.9742120343839542,1.0,1.0,1.0,1.0,1.0,1.0,0.9928944041059071,0.9818910548369466,0.9864406779661017,0.9775364930618129,0.9832134292565947,0.9775252525252525,0.9642857142857143,0.9714285714285714,0.9893282205259921,0.9836386439647309,0.9866198415536851,0.992,0.9927990708478514,0.9904761904761905,0.9792403248924988,0.9829059829059829,0.9649749821300929,0.9734528832630098,0.9839684682346018,0.9756776556776556,0.9722222222222222,0.9924427317490901,0.9874213836477987,0.972187153788679,0.9770114942528736,0.9824045407636739,0.9799867021276596,0.984860650441071,0.9734513274336283,0.974025974025974,0.9823183024549584,0.9787687428496628,0.9805732974220854,0.9713701431492843,0.9777777777777777,0.9765625,0.9821157926644438,0.974025974025974,0.9772275516377149,0.9650328308517525,0.9819270549809471,0.9797874114214256
395174,201,"Tyler, TX",msa,TX,0.979802657449903,0.9704540661430181,0.9775641025641025,0.9840764331210191,0.9843158464034614,0.985074493869404,0.9803921568627451,0.9795918367346939,0.9767441860465116,0.9763313609467456,0.9727272727272728,0.9761769815362382,0.983353811149033,0.9770700636942675,0.9762905162064826,0.9869783959751406,0.982694946974423,0.9848812095032398,0.9833024118738405,0.9806451612903225,0.9904761904761905,0.9794621863109743,0.9778864439011138,0.9886754173694117,0.9732131647385884,0.9840341905913453,0.9829311359623308,0.9908883826879271,0.9811320754716981,0.9847198641765704,0.9884802476415094,0.9843158464034614,0.994648090948091,0.9919457397202205,0.9818181818181818,0.9883591137514245,0.9793750637885283,0.988150289017341,0.9899966655551851,1.0,1.0,1.0,1.0,1.0,1.0,1.0,1.0,1.0,1.0,1.0,1.0,1.0,1.0009099181073704,1.0,1.0,1.0,0.990575502521486,0.9885994543328569,0.9791666666666666,0.9858536463661086,0.966542750929368,0.9880248395654558,0.981021897810219,0.9875141884222475,0.9986598189662028,0.9882352941176471,0.9848484848484849,0.9829914957478739,0.9811779388634119,0.9810126582278481,0.9715926964371195,0.9747631557996974,0.9765386509599683,0.9780839073262367,0.9798994974874372,0.9799713876967096,0.9838709677419355,0.9860795847750865,0.983510011778563,0.9812510221375461,0.9754565373423951,0.9798456458655802,0.9793240332450429,0.978446674098848,0.9819536195043512,0.9765886287625418,0.9811320754716981,0.9826473652840213,0.9826814555360965,0.9793792517006803,0.9788732394366197,0.973523578551052,0.9767004000941398,0.9807444545792185,0.9796823164299583,0.9843404389565866,0.9668238993710692
394361,202,"Barnstable Town, MA",msa,MA,0.9683794466403162,0.96875,0.9707511712758379,0.9761297831121558,0.9785714285714285,0.9774221206058874,0.9834233904203682,0.9783317683092068,0.9759518072289157,0.9712960278341548,0.971289994089851,0.9700584412663078,0.9661969148733575,0.9620253164556962,0.9724426754901255,0.972568367944152,0.974596056658837,0.9718250447737429,0.9775280898876404,0.9734931495391204,0.9742607288788114,0.9726775956284153,0.9703703703703703,0.9703369227298588,0.9694312096029547,0.970873786407767,0.9765751211631664,0.9838709677419355,0.9782986633619546,0.972266496652853,0.9831134954747547,0.9818701475014053,0.9861097340389897,1.0,0.9957850368809273,1.0,1.0,0.9906759906759907,1.0,1.007915567282322,1.0232915088454482,1.037037037037037,1.023491784773611,1.0017424242424242,1.0021099394171404,1.0,1.0,1.0,1.0,1.0,1.008558352402746,1.0259231333446177,1.0267193243149653,1.0406666666666666,1.0151006446934947,1.0,0.9962729646767765,1.0,0.9979745386436627,0.9831879123217706,0.9747985347985348,0.9797101449275363,0.9930915371329879,1.0,1.0,1.0,1.0,1.0,1.0,1.0,1.0,0.9895582584683024,0.9837092731829574,0.9863280337594793,1.0,1.0,1.0,1.0,0.993078896455554,0.9913426910907371,0.9857142857142858,0.9847715736040609,0.9835241585904979,0.9826285313212845,0.9756795422031473,0.979021489533973,0.9880587867417135,0.9882347762658148,0.9856115107913669,0.9880054413617905,0.9815687955422203,0.9816076516944154,0.9820460296421255,0.9827586206896551,0.9808949865367355,0.9749478079331941,0.9736842105263158
394519,203,"Daphne, AL",msa,AL,,,,,,,,,,,,,,,,,,,,,,,,,,,,,,,,,0.9748427672955975,0.9866666666666667,0.9766666666666667,0.979661922227925,0.9810723668497732,0.9786428764530954,0.9882991117585376,0.9958677685950413,1.0,1.0,1.0,0.9944382647385984,0.9916549331624835,0.987965388858246,0.9866220735785953,0.9856107660455486,0.9854467338355875,0.9899749373433584,0.9918367346938776,1.0,1.0,0.9967848853074054,0.9863583731364887,0.9807383131338114,0.9813289760348585,0.9789251844046365,0.975609756097561,0.9705882352941176,0.9692307692307692,0.9714285714285714,0.975162527087848,0.972940103374886,0.9811859966658728,0.9798994974874372,0.9863995891114535,0.9777018633540373,0.9776150305125935,0.9747789580815469,0.982752673335633,0.9666110183639399,0.9671254505470077,0.9751210630515018,0.9742331866010687,0.9777777777777777,0.9760266747499242,0.9741969457609269,0.9750905777104586,0.9752066115702479,0.9714285714285714,0.9734492981252547,0.9733380036469654,0.9661538461538461,0.9713375796178344,0.9701897018970189,0.9684264527562727,0.9736128352962155,0.974025974025974,0.9730221279175508,0.9761904761904762,0.970886147478165,0.9722222222222222,0.9727272727272728,0.9682804674457429,0.9701983384229926,0.9647058823529412
394378,205,"Bellingham, WA",msa,WA,0.994269340974212,0.9990867579908675,1.0,1.0,1.0,1.0,1.0,1.0,1.0,0.9951219512195122,1.0,0.9955555555555555,0.9865470852017937,0.987633461927029,1.0,1.0,1.0,1.0,1.0,1.0,1.0,0.9929964982491246,1.0,0.9936942813655142,0.9910813713013045,0.9894459102902374,1.0,1.0,1.0,1.0,1.0,1.0,1.0,1.0,1.0,1.0,1.0,1.0021097046413503,1.0181504431720134,1.0273972602739727,1.0337414301698709,1.0444307490827853,1.025,1.0203193033381712,1.0088339222614842,1.0012515644555695,1.0015113145273697,1.0,1.0,1.0118737218813907,1.0354326802665883,1.0357142857142858,1.0300145919084351,1.0018214936247722,1.0,1.0,0.9904761904761905,0.9882352941176471,0.9830252100840335,0.9936575052854123,0.9821109123434705,0.9860398146988857,1.0,1.0,1.0,1.0,1.0,0.9976145562345502,1.0,0.9912934898497464,0.9926661544371879,0.9881422924901185,0.989247311827957,0.9970238095238095,1.0,1.0,1.0,1.0,1.0,1.0,0.9941944847605225,1.0,0.994383542030447,0.9870768266145498,0.9860534012147508,0.9926470588235294,1.0,1.0,1.0,0.996694214876033,1.0,0.9933053971384074,0.984852973499871,0.9825575499442247,0.9861450324136891,0.983617491514721,0.9844943784208291
394429,206,"Burlington, VT",msa,VT,,,,,,,,,,,,,,,0.998676081200353,0.9875986891106807,1.0,1.0,1.0,1.0,1.0,1.0,0.9960732984293194,0.9966655551850616,0.9842617152961981,0.9909108925652592,0.9939764492753623,0.9994045846978268,0.9978260869565218,1.0,1.0,1.0170056685561855,1.0,1.0,1.0,1.0,1.0,1.0,1.0020654819116956,1.0124358974358976,1.0175682727430857,1.0327868852459017,1.029654036243822,1.0239047619047619,1.021505376344086,1.0047846889952152,1.0103859964093358,1.011448094295973,1.0179703745905142,1.0261806812571992,1.0282677881336668,1.0571428571428572,1.075656324582339,1.0681818181818181,1.0486322188449848,1.0324316109422491,1.0175680664233886,1.008,1.0202040408081616,1.0032595423899773,1.0,0.990909090909091,1.0008403388400748,1.018181818181818,1.0328163394323995,1.0317242728975118,1.0296846011131726,1.0207789882245368,1.0082474226804123,1.0,1.0002857959416975,1.0,0.9930555555555556,1.0,1.0,1.0000625078134768,1.0034883720930232,1.0127388535031847,1.0,1.0,1.0,1.0,1.0,0.9914529914529915,0.9893885354411671,0.9886201590151321,1.0,1.0,1.0,1.0,1.0,1.0,1.0,0.994036715499824,1.0,0.9903679653679653,0.9829152306517567
395030,207,"Rochester, MN",msa,MN,0.9909816632352657,1.0,1.0,1.0,1.0,1.0,1.0,1.0,1.0,1.0,0.9898209898209899,1.0,0.9893379524904375,0.9945611945040107,1.0,1.0,1.0,1.0,1.0,1.0,1.0,1.0,0.9915821098577178,0.989345509893455,0.9949710828115497,0.990398946363455,1.0,1.0,1.0,1.0,1.0,1.0,1.0,1.0,1.0,1.0,1.0,1.0,1.0117188572055877,1.0065433403805497,1.012744089600326,1.0297146219476316,1.0178097616629573,1.0040755835494628,1.0,1.0,1.0,1.0,1.0,1.0,1.0,1.0169491525423728,1.0266666666666666,1.014354066985646,1.0018150121380973,1.0,1.0,1.0,0.9888539582737925,0.9821215733015495,0.9936305732484076,1.0,1.0,1.0,1.0,1.0002942041776994,1.0,1.0,1.0,1.0,0.9850851576603662,0.9895925103928438,0.9871572871572871,0.9901820988137946,1.0,1.0,1.0,1.0,1.0,1.0,1.0,0.9967614249730119,0.9961532543468226,0.990713059700439,0.9825131405274955,1.0,1.0,1.0,1.0,1.0,1.0,1.0,0.9895337773549001,0.9942724429026725,1.0,0.9979123173277662,0.9861111111111112
753895,208,"Lafayette, IN",msa,IN,,,,,,,,,,,,,,,,,,,,,,,,,,,,,1.0,1.0,1.0,1.0,1.0,1.0,1.0,0.989580844245757,1.0,1.0,1.0,1.0005885815185402,1.0000806581706727,1.0059033176680234,1.00080064051241,1.0,1.0,1.0,1.0,1.0,1.0,1.0,1.0,1.0049897837707902,1.0128215455322263,1.0,1.0,0.9876234683670918,0.9885958298452835,0.9824561403508771,0.9883720930232558,0.9887406531507555,0.982532751091703,0.986287374049746,1.0,1.0,1.0004001600640255,1.0,1.0,1.0,1.0,1.0,0.9932710733778047,0.984375,0.9834190966266438,0.9884454131896319,1.0,1.0,1.0,1.0,1.0,1.0,1.0,0.9952474847762959,0.9823848238482384,0.9885795265088363,0.9811465948441709,0.9876489313324238,0.9892539920532006,1.0,1.0,0.9965217391304347,0.9905123339658444,0.9994526315789474,0.9823267170540112,0.9811347716598273,0.97953216374269,0.9738158281847602,0.9781511237546484
394454,209,"Champaign, IL",msa,IL,0.9650816229763598,0.9671626475115443,0.9729032258064516,0.972972972972973,0.9799856938483548,0.9757114668728004,0.9773696293866841,0.976529565204245,0.972972972972973,0.964074537616465,0.9727492238703,0.9698919618831812,0.9696342305037957,0.972850122850123,0.974176888315042,0.9714285714285714,0.9792709077912795,0.9813084112149533,0.981611681990265,0.9720169784042649,0.9767718880285885,0.9751928772411658,0.9687466087900163,0.9735619864237227,0.9681159420289855,0.9726651480637813,0.9726050372391837,0.9767533490937746,0.9727626459143969,0.9805108484071594,0.9819116616031783,0.9791666666666666,0.9793912107808576,0.9769230769230769,0.9809258640531611,0.9782213438735178,0.9747292418772563,0.977056135770235,0.9907692307692307,0.996969696969697,1.0,1.0,1.0,1.0,0.9968693009118541,0.9892001422405337,0.9871018689128718,0.9871488292503303,1.0,0.998999499749875,0.998524106264349,1.0,1.000871145422665,1.0005885815185402,1.0,1.0,0.9899321882097047,0.9836463119311974,0.97708082026538,0.9784736274750837,0.9741935483870968,0.9753344722461265,0.9849569949096015,1.0,1.0,1.0009442870632672,1.0003775009437523,1.0,1.0,0.9987569919204475,0.9790950039921864,0.9958649335581837,0.9869863478218679,0.9888029535992668,0.991796718687475,1.0,1.0003705075954057,1.000472446094101,1.0,1.0,0.9967480601020267,0.9883715524196305,0.990431774391312,0.9817671809256662,0.9829327216363533,0.9867768595041322,1.0,1.0,1.0,1.0,1.0,1.0,0.991351121639116,0.9886445879712336,0.984159545100201,0.9851851851851852,0.9772727272727273
394848,210,"Medford, OR",msa,OR,0.9848633549750868,0.9955753595997499,0.9825363955156474,0.9940553999377528,1.0,0.9933333333333333,0.9956236323851203,0.9863813229571985,0.9823529411764705,0.9845548409306764,0.9844303571428571,0.9816928503825395,0.9836065573770492,0.9869610369629601,0.9865083157008623,0.9888517279821628,0.9894459102902374,0.984375,0.9923047325894575,0.9898148148148148,0.9891937259138577,0.9871711241574255,0.9850084222346996,0.9899569583931134,0.980633207236719,0.9844301846478007,0.9941159164460135,1.0,0.994301948051948,0.9914285714285714,1.0,1.0,1.0,1.0,1.0,1.0,1.0,1.0,1.0,1.0,1.0,1.002710027100271,1.0,1.0,1.0,1.0,1.0,0.9936384615384616,1.0,1.0,1.0,1.0,1.0,1.0,0.9961458845403988,0.9860113724860975,0.9852315424564246,0.9867320894208766,0.98,0.9937051191867345,0.9808097925820976,0.9819819819819819,0.9923343397425711,0.9926071794871795,0.9906542056074766,0.9858111411121864,0.9975,0.9902325581395349,0.9894736842105263,0.9836679699248121,0.9880595148787197,0.9882352941176471,0.9832775919732442,0.9886739691682815,0.9957784556385998,0.989247311827957,0.99699928119552,0.9937281153973132,0.9892690106390012,0.9889438302127896,0.9859605911330049,0.9886020004652245,0.9876014561480939,0.9915490275430285,0.9911504424778761,0.987410071942446,0.9878048780487805,0.9968771433915989,1.0,1.0,0.9915268301343954,0.9937327754019711,0.9879518072289156,0.9914680788467196,0.9870548806032677,0.9847669105286834,0.9826989619377162
845164,211,"Lebanon, NH",msa,NH,,,,,,,,,,,,,,,,,,,,,,,,,,,,,0.9736798856734548,0.9721448467966574,1.000001250003125,0.9779951100244498,0.9851301115241635,0.9878419452887538,0.9908446998129663,0.9785473208567566,1.0,0.994199757077455,1.0,1.0,1.0,1.0182190497944266,1.0011123470522802,1.0,1.0,1.0,1.0,1.0,1.0,1.0,1.0,1.023502135893972,1.0285714285714285,1.019241760335302,1.0035457347785792,1.0,1.0,1.0,1.0,0.979381443298969,0.9707576930379285,0.972972972972973,0.997382538599094,1.0,1.0040203700842427,1.000555864369094,1.0,1.0,1.0,1.0,1.0,0.9761835877376723,0.9765886287625418,0.984,0.9842767295597484,1.0,1.0,1.0,1.0,0.989706232737092,0.985438596491228,0.9863814732418736,0.9848484848484849,0.972722188449848,0.9698996655518395,0.9763113175484309,0.9774436090225563,0.979874213836478,0.9888328193626764,1.0,1.0,0.9899874843554443,0.9777777777777777,0.9696527589282252,0.9784735812133072,0.9737986270022884,0.9645989974937343
394459,212,"Charlottesville, VA",msa,VA,,0.9851334260389275,0.9762291766662561,0.9882688867483143,0.9894757123017992,0.9914712153518124,0.9847619047619047,0.9780816376458061,0.9794057075610474,0.9902475618904726,0.9814489012966718,0.974231999224731,0.9726275024515024,0.9783783783783784,0.9750347054335491,0.9912101855813744,0.9863276718906387,0.9899947340705635,0.9847243132687555,0.9808102345415778,0.9868198715782359,0.9829252571923486,0.9792844119929034,0.9802295081967213,0.9741969457609269,0.9764705882352941,0.9745762711864406,0.9917951163254897,0.9853366762177651,0.9863282222332852,0.9828571428571429,0.9988564894225271,0.9899782886593755,0.9985754985754987,0.9849010422978999,0.9905205313874494,0.9900990099009901,1.0,1.0,1.0002715682526935,1.0003511084935104,1.0059880239520957,1.0,1.0,1.0,1.0,1.0,1.0,1.0,1.0,1.0133630289532294,1.0222222222222221,1.015625,1.0156971375807942,1.0,1.0,1.0,1.0,0.9928571428571429,0.9954977488744372,0.9769230769230769,0.9945298169534111,1.0,1.0,1.0005982713770418,1.0,1.0,1.0,1.0,1.0,0.9930871212121213,0.9799757278849979,0.9839357429718876,0.989612188365651,1.0,1.0,1.0,1.0,1.0,1.0,1.0,1.0,0.9871773795824429,0.9875604871700966,0.9842572972972973,0.9807692307692307,1.0,1.0,1.0,1.0,0.9855842185128983,0.9841052631578947,0.9862169407096271,0.9850259038493677,0.9833333333333333,0.9808612440191388,0.9766666666666667
394763,213,"Lake Charles, LA",msa,LA,,,,,,,,,,,,,,,,,,,,,,,,,,,,,,,,,,0.9775985663082437,0.9721841899690049,0.9878787878787879,0.9947916666666666,0.985373364126251,0.9841089466089465,0.975297619047619,0.9832154766011267,0.9851301115241635,0.9879032258064516,0.9926131117266851,1.0,0.9945612012651118,0.9721859265840869,0.983944616291059,0.9788359788359788,0.9799270072992701,0.9823008849557522,0.9962825278810409,0.9965371296652559,0.9731531531531532,0.9765296084989179,0.9703881552621049,0.9887349311930229,0.968,0.9629843908659409,0.9734513274336283,0.9674866871671792,0.9574468085106383,0.9673903411608329,0.9844961240310077,0.9725017873323679,0.9778756730298581,0.9677836384321026,0.9799497487437185,0.974025974025974,0.9758315527987047,0.9629629629629629,0.9508196721311475,0.966992326090713,0.9640078406536321,0.969939879759519,0.9921818181818182,0.9814655679811655,0.972972972972973,0.975609756097561,0.9698996655518395,0.9818181818181818,0.9653061224489796,0.9725975975975976,0.9691516709511568,0.96875,0.9724327918685285,0.9713672007903227,0.9732739420935412,0.9870402386994228,0.9814814814814815,0.982731943527017,0.9748505355929435,0.9669889963321107,0.9806451612903225,0.9712184839060244,0.9770682402430475,0.979538528515455
394773,214,"Las Cruces, NM",msa,NM,0.9738313225521235,0.97,0.9776207302709069,0.98,0.9814891750573749,0.9825960841189267,0.9804630187791192,0.9801289643374128,0.9813866914844114,0.98125,0.9778025597491572,0.9822862640120462,0.9826590216037452,0.9774422547149819,0.9741969457609269,0.9799599198396793,0.9787735849056604,0.9864343675602589,0.9838187702265372,0.9819004524886877,0.9806910569105691,0.9838056680161943,0.976376092605717,0.9784615384615385,0.9777157045313469,0.9842105263157894,0.97928067532654,0.9832984658298465,0.9804469273743017,0.9945205479452055,0.9939393939393939,0.9926617745163442,1.0,1.0,1.0,0.9975361086964762,1.0,0.9952380952380953,1.0,1.0,1.0,1.0,1.0,1.0,1.0,1.0,1.0,1.0,1.0,1.0,1.0,1.0,1.003690036900369,1.0,1.0,1.0,1.0,1.0,0.9865036231884059,0.9874326750448833,0.9789473684210527,0.9839893262174784,0.9836065573770492,1.0,0.9972222222222222,1.0,0.9964287468468926,1.0,0.9925324675324676,0.995702005730659,0.9827053429027113,0.98,0.9764705882352941,0.9837432263443101,0.990909090909091,0.9855764135969172,0.9939759036144579,0.9849029048306852,0.9822884012539185,0.9850746268656716,0.9850972467794897,0.9790209790209791,0.982238570677877,0.9869857142857142,0.9886284447260056,0.980225988700565,0.9825542959159907,0.981346309813463,0.9909346670834636,0.9808608058608058,0.9831688777678108,0.9876543209876543,0.9782608695652174,0.9865845793901945,0.9807692307692307,0.978080473841794,0.970873786407767
394464,215,"Chico, CA",msa,CA,0.9930755891542868,0.9959792818469191,1.0,1.0,1.0,1.0,1.0,0.9927948872194055,0.9964850866226111,0.993920972644377,1.0,1.0123734533183353,1.0057099555695008,1.0005885815185402,1.0,1.0003031221582297,1.0,1.0,1.0,1.0,0.997134670487106,0.9873692474936586,1.0,0.9824187368681251,0.9866220735785953,0.9929279436732248,1.0,0.9939964157706094,0.998370461781662,1.0,1.0,1.0,1.0,1.0,1.0,1.0,1.0,1.0,1.000363768643143,1.0012394799329862,1.0003611412062117,1.0078023407022108,1.0021638796444663,1.0122187866510288,1.0091873825840763,1.0,1.0,1.0,1.0,1.0068047337278108,1.0065425264217414,1.0213909860443833,1.0084578176127472,1.0,1.0,0.9940828402366864,0.9899749373433584,0.9916709963136149,0.9938919731200906,0.9818451278251205,0.9832355630896884,0.9859959988568162,1.0,1.0,1.0,1.0,1.0,1.0,0.9935903036614937,0.9972719005759321,0.9920673829853877,0.9844409897655138,1.0,1.0,1.0,1.0,1.0,1.0,1.0,1.0,1.0,1.0,0.9984204984204984,1.0,1.0,1.0,1.0,1.0,1.0,1.0,1.0,1.0,0.9915908335336201,1.0,0.9935794029206054,0.9887499824218475,0.9862062404870624
394681,216,"Hilton Head Island, SC",msa,SC,0.9647666230093199,0.9625418907028012,0.9670920080591001,0.9660194174757282,0.967741935483871,0.9690305785257185,0.9705729542502526,0.9697731079640628,0.9656443501264571,0.9672040022234575,0.9660107334525939,0.9669796917879232,0.9694323144104804,0.9669421487603306,0.9701237371456588,0.9670029424127784,0.9712349054454317,0.96875,0.9722036016588081,0.972972972972973,0.9684684684684685,0.9656437062642274,0.9676245907602765,0.9673115410273516,0.9694915254237289,0.9688581314878892,0.9666666666666667,0.9721319490379914,0.9699909063352531,0.9690238482359573,0.9744639050286334,0.9740740740740741,0.9742085966091854,0.9738562091503268,0.9788359788359788,0.9777606243835499,0.980691929915555,0.9819639278557114,0.9883869880330356,1.0,1.0,1.0,1.0,1.0,1.0,1.0,1.0,1.0,1.0,1.0,1.0,1.0,1.0,1.0,1.0,0.9910011525645512,0.9835527096955246,0.9815950920245399,0.9814232656851041,0.9769230769230769,0.9778864439011138,0.9772993816191626,0.9772382397572079,0.9832000158713804,0.9897172236503856,0.9878260869565217,0.9841422628045186,0.9836065573770492,0.9828571428571429,0.9808259587020649,0.9763440860215054,0.9776030550761299,0.9717868338557993,0.9759036144578314,0.9760952380952381,0.9779889449228126,0.9793707022296312,0.9824780976220275,0.979380475594493,0.9758377875293713,0.9741097612065355,0.9730250481695568,0.9731663685152058,0.9723923782639379,0.9745454545454545,0.9723302589176576,0.975609756097561,0.9760952380952381,0.9738550922761449,0.9736842105263158,0.975,0.9706040957405337,0.9723572906054151,0.9737867143909885,0.9714285714285714,0.9739368998628258,0.9687668191603875
394346,217,"Athens, GA",msa,GA,0.98079754601227,0.9895596556560429,0.9793634137810423,0.986252241482367,0.9927446808510638,0.9890909090909091,0.9824937477670597,0.9829545454545454,0.9796845648258401,0.9742120343839542,0.9815538542552761,0.9787872522848473,0.9749874937468734,0.9751996637242539,0.9844245316269429,0.9855796557332472,0.9815242494226328,0.9924283396430503,0.99,0.9797979797979798,0.9873238712228806,0.9803921568627451,0.9885127757152217,0.9849967384213959,0.9830508474576272,0.9821960784313726,0.9845559845559846,0.9885310548800526,0.9850746268656716,0.9935131444178901,0.9877551020408163,0.9963203030086472,1.0,0.9885209968811255,0.9976858142498773,0.9970570924072985,1.0,0.9948051948051948,0.9971419498253413,1.0,1.011111111111111,1.0047021943573669,1.0,1.0,1.0,1.0,1.0,1.0,1.0,1.0,1.0095503176931824,1.003153063591477,1.0105263157894737,1.0001255611062452,1.0,0.9924344592781547,0.9957894736842106,0.9944101206237128,0.9899270580062521,0.978531558608845,0.9837092731829574,0.9884005776223532,0.9911111111111112,0.9968652037617555,1.0,1.0,0.9912663755458515,0.9907407407407407,0.9914285714285714,0.9857142857142858,0.9859213572356795,0.982214291053344,0.9931408973992569,0.985443824891548,0.9934460158675406,0.9869188782232261,0.995,0.9924665090622538,0.9901661580196677,0.9811465948441709,0.9864111398564415,0.980001400002,0.9815546772068511,0.9773493205186213,0.9764507823331352,0.982615268329554,0.9910919540229886,0.9884457906243522,0.9897895394873932,0.9843711843711844,0.9857858733693923,0.9767857142857143,0.9791666666666666,0.976898323165396,0.9743589743589743,0.9713114754098361,0.980774697938877
394765,218,"Lake Havasu City, AZ",msa,AZ,0.9774726478285432,0.9772727272727273,0.9782114174941647,0.9764705882352941,0.98,0.9836612204068023,0.9811320754716981,0.9828267536961308,0.985663082437276,0.9806967542122089,0.978779691545649,0.9752438109527382,0.9771736342651962,0.9777171441564347,0.9771929824561404,0.9766998681542706,0.984188447886415,0.9829370915428884,0.9799866046327854,0.9836612204068023,0.9832635983263598,0.9815024537561344,0.9845559845559846,0.9807692307692307,0.9768637532133676,0.979498861047836,0.9855498970334502,0.9830976198689203,0.9779585951179317,0.9818181818181818,0.9882411073006312,0.99837891639425,0.9935897435897436,0.9989732122536855,1.0,0.9873120841017057,0.9959979986657772,1.0,1.0,1.0,1.0,1.0,1.0,1.0,1.0,0.993692768541369,0.9884678747940692,0.9862480900125017,0.9904761904761905,1.0,1.0,1.0,1.0,1.0,0.9866220735785953,0.9818181818181818,0.9777171441564347,0.9714285714285714,0.975162527087848,0.9692307692307692,0.9706038649079785,0.9763044306770543,0.974124809741248,0.98,0.9819967266775778,0.98294020978934,0.9800751422416101,0.9816768565463764,0.9767441860465116,0.9805013927576601,0.974870740803526,0.9818451278251205,0.9773644499034918,0.9748427672955975,0.9825637426232396,0.9777777777777777,0.97994351670435,0.9767004000941398,0.981153632133738,0.978494623655914,0.9845360824742269,0.9790406100291726,0.9789316875931049,0.977462648771841,0.9766666666666667,0.9780193236714976,0.9755128205128205,0.9782608695652174,0.9799554565701559,0.9802940980352933,0.9782051282051282,0.9819300769399444,0.9803921568627451,0.9782608695652174,0.9783905227157872,0.9770733959070627,0.976539254054568
394485,219,"Columbia, MO",msa,MO,,,,,,,,,,,,,,,,,,,,,,,,,,,,,,,,,,,,,,,,,,,,,,,,,,,,,,,,,,,,,,,,,,,,,,,,,,0.9985074626865671,1.0,1.0,1.0,1.0,1.0,1.0,0.9946595460614153,0.9879101899827288,0.9913993954139939,0.988798764001545,0.9887258087810514,1.0,0.991304347826087,1.0,1.0,1.0,1.0,0.993013382025152,1.0,1.0,0.9973337286443718,0.987920972644377,0.9893892485223754
395114,220,"Springfield, IL",msa,IL,0.972,0.9729585041652522,0.9750146865896344,0.9722222222222222,0.9746328437917223,0.9771805333806398,0.9791664821294123,0.9693196976433971,0.9711824858362698,0.9651864530027627,0.9671626475115443,0.9724652048829796,0.9723820483314154,0.9689922480620154,0.9689310163243813,0.9746835443037974,0.9757705466858921,0.9799665551839465,0.9749138064448185,0.9734939406357942,0.9763263600710304,0.9711959309968897,0.9741969457609269,0.9714285714285714,0.9673115410273516,0.9628106712609221,0.9719839908519153,0.9752869195463872,0.9756288019069025,0.9773750509172796,0.9805579036348268,0.981838608932271,0.980980980980981,0.9786311551563952,0.9834263944221842,0.9796864013204154,0.9758756911030313,0.9749934165625618,0.9838799332962757,0.9866666666666667,1.0,1.0,1.0,1.0,1.0,1.0,0.9956808365537623,0.9922004705187661,0.9908615209510647,0.9932448710594386,1.0,1.0,1.0004257130693912,1.0006498000144401,1.0003334444814937,1.0,1.0,1.0,1.0,0.996969696969697,0.9748829289059174,0.98,1.0,1.0,1.0,1.0004446420631392,1.0005002501250626,1.0,1.0,1.0,1.0,0.988456094621486,1.0,0.9864188706218727,1.0,1.0,1.0,1.0,1.0,1.0,1.0,0.9980721033352612,1.0,1.0,0.9852821847281681,0.9722222222222222,1.0,1.0,1.0003577270643467,1.0007147962830594,1.0002857959416975,1.0,1.0,1.0,1.0,1.0,0.978494623655914
394691,221,"Houma, LA",msa,LA,,,,,,,,,,,,,,,,,,,,,,,,,,,,,,,,,,,,,,,,,,,,,,0.9958102096142809,0.9882771548287503,0.9857142857142858,0.9984994998332777,0.9822222222222222,0.9910856009070295,0.9863013698630136,1.0,1.0,0.9841398942659618,0.987524688117203,0.989010989010989,0.9735449735449735,0.9815652543272804,0.9769268343339782,0.9822485207100592,0.9869006849315068,0.9842364532019705,0.9903225806451613,0.967646375464684,0.97561013767209,0.9782505910165484,0.9812675070028011,0.9739564206145184,0.9701639423957655,0.9833333333333333,0.9767441860465116,0.972419028340081,1.0,0.9848412344741162,0.9782000407000406,0.9816091954022989,1.0,0.9680851063829787,0.984333627537511,0.98,0.9865470852017937,1.0,0.9589285714285715,0.9827586206896551,0.9966024915062288,0.9944444444444445,1.0,0.9884033613445378,0.990275829827022,0.9853257734788625,0.9797959183673469,0.9728678094436849,0.9897172236503856,0.9813290590885462,0.9968062455642299,0.995382247306311
394872,222,"Monroe, LA",msa,LA,,,,,,,,,,,,,,,,,,,,,,,,,,,,,,,,,,,,,,,,,,,,,,,,,,,,,,,,,,,,,,,,,,,0.9934640522875817,0.9846839809932956,0.9839893262174784,0.98380355276907,0.967551622418879,0.9740337062318487,0.9702241552358648,0.9762650250749596,0.9862068965517241,0.9875340006741344,0.9974683544303797,0.9934847198641765,0.9828571428571429,0.9818530701754385,0.9812108559498957,0.9691720795958346,0.9831033227249029,0.9918032786885246,0.9749303621169917,0.9701288024116196,0.9708297932596999,0.9863429438543247,0.9823189946472347,0.9782608695652174,0.9846153846153847,0.9834544846254448,1.0,0.9786967418546366,1.0,0.9798994974874372,0.9745854384696189
394565,223,"Elkhart, IN",msa,IN,,,,,,,,,,,,,,,,,,,,,,,,,,,,,,1.0,1.0,1.0,1.0,1.0,1.0,1.0,1.0,0.997861115591802,1.0,1.0,1.0009582767746985,1.0135502711722988,1.0004466288458684,1.0000011111135803,1.0,1.0,1.0,1.0,1.0,1.0,1.017274764102654,1.021241576425078,1.0226767452200978,1.0121457489878543,1.0055668655668657,1.0,1.0,1.0,0.9904668163205954,0.9861111111111112,0.9930897407395645,0.9873417721518988,1.0,1.0,1.0,1.0,1.0,1.0,1.0,1.0,1.0,0.9971428571428571,0.9862859376896302,0.9779348653512543,0.9994441356309061,1.0,1.0,1.0,1.0,1.0,1.0,1.0,0.9975806451612903,0.9848484848484849,0.9924937447873228,0.9946409431939979,0.9840905628023129,1.0,1.0,1.0,1.0,1.0,1.0,0.9943360604153556,0.9874886583473149,0.9828009828009828,0.9824937477670597
394726,224,"Johnson City, TN",msa,TN,0.9819819819819819,0.975,0.9727081875437369,0.973158750312391,0.9799274514328574,0.9759586008600816,0.9795918367346939,0.9785107684955998,0.970822732984274,0.9737202779371454,0.9719989281886388,0.9719839908519153,0.9724924340683095,0.9764149552395998,0.9794851341551849,0.984375,0.9799835767770169,0.9847288046340179,0.97540658882402,0.9772482442150032,0.9779179810725552,0.9728033472803347,0.9796436555240334,0.9747680890538033,0.9627992119796885,0.9733463112841505,0.9796354538956398,0.9903381642512077,0.9775593718707855,0.9938733832539143,0.9872881355932204,0.9858274280950396,1.0,0.992204399076437,0.9906759906759907,0.9876712559486939,0.9955820164443434,0.9871794871794872,1.0,1.0,1.0,1.0,1.0,1.0,1.0,1.0,0.9899328859060402,0.9997367035281728,1.0,1.0,1.0,1.0018867924528303,1.0134680134680134,1.0,1.0,1.0,0.9884074145517008,0.9864191896688459,0.9781605801408442,0.9778537120536813,0.975443383356071,0.9851470142467414,0.9803906245163028,0.991304347826087,0.9926190555555555,0.9855364898065269,0.9948186528497409,0.9969584319026699,0.9852028935187744,0.9832406653558123,0.9861905045452741,0.9735744089012517,0.9794948737184296,0.9888888888888889,0.983538237132736,0.9831677001047594,0.9846153846153847,0.9824647081385183,0.9877469367341836,0.9796806966618288,0.9888579387186629,0.9819600317076224,0.9766079615360423,0.9770114942528736,0.9722847351811117,0.9651162790697675,0.9807692307692307,0.9849977269283224,0.9799919967987194,0.9799942840811661,0.9786659481468176,0.972850122850123,0.9752709085857183,0.9761733305900373,0.9700598802395209,0.9745212593313859,0.9659588159588159
394623,226,"Gainesville, GA",msa,GA,0.9769230769230769,0.9814814814814815,0.9790339143419595,0.9840313635494358,0.9895722494147691,0.9865053513261982,0.9857142857142858,0.9857605796760404,0.9791044776119403,0.979645423591811,0.9809523809523809,0.9813762268780672,0.9826724959496806,0.9821428571428571,0.9842091799269008,0.9870967741935484,0.9854292688103576,0.9893048128342246,0.9862068965517241,0.9826523348519363,0.9880952380952381,0.9826617608426043,0.9813852813852814,0.9833494961245135,0.9846874999999999,0.9811836115326252,0.9905750036083447,0.9885558494139158,0.9911343487156172,0.9893835837359375,0.9908641911386106,0.98861768707483,0.9886738046905751,1.0,0.9938284741434348,1.0,0.9921730489948788,0.9975381705909719,1.0,1.0,1.0052869383881187,1.0,1.0003811321571399,1.0,1.0,1.0,1.0,1.0,1.0,1.0,1.0038461538461538,1.0,1.0065244766557209,1.0,1.0,1.0,0.9849493009431923,0.9862733344242882,0.9835607977289195,0.9751794871794872,0.9752438109527382,0.9782608695652174,0.9895004294846944,1.0,0.992,0.9945845552297166,1.0,0.9947984395318595,0.98989898989899,0.9813953488372092,0.989198334200937,0.9857971014492755,0.9813367874204375,0.9827122544055983,0.9871018689128718,0.9897296890294405,0.9893701158083044,0.9939301972685888,0.9944186765615337,0.9882287771776762,0.9840425531914894,0.9782608695652174,0.9852941176470589,0.9801154332700822,0.9790940766550522,0.9852970155794576,0.9866666666666667,0.9877469367341836,0.9863339710813496,0.9893255872401565,0.9872564935064936,0.9856777295976746,0.9803921568627451,0.9819679580931018,0.9765987852804573,0.9813333333333333,0.9790878754171302
394716,227,"Jacksonville, NC",msa,NC,0.980653769179453,0.9920045470495187,0.9952267303102625,0.9918076464319239,1.0,0.9909199278885468,0.9897895394873932,0.9908168197196714,0.9921925003301806,0.995,0.9949874371859296,1.0,0.9947089947089947,0.994906570223026,1.0,1.0,1.0,1.0,1.0,1.0,1.0,0.9950049750248752,1.0,0.9974984365228268,0.989010989010989,0.9953488372093023,1.0,1.0,0.9985228951255539,1.0,1.0,1.0,1.0,1.0,1.0,1.0,1.0,1.0,1.0,1.0006253908692933,1.0015541357278535,1.0133333333333334,1.008,1.0095098866650591,1.0014306151645207,1.0004547521600728,1.00080064051241,1.0,1.000250062515629,1.0007147962830594,1.0192307692307692,1.0251155947877257,1.0262295081967212,1.0200364298724955,1.0131148950808393,1.0004349717268377,1.0,1.0,1.0,1.0,1.0,1.0,1.0,1.0,1.0,1.0,1.0,1.0,1.0,1.0,1.0,1.0,1.0,1.0,1.0,1.0,1.0,1.0,1.0,1.0,0.9973521624007061,1.0,1.0,1.0,1.0,0.9943919413530267,1.0,1.0,1.0,1.0,1.0,1.0,1.0,0.9922779922779923,1.0,1.0,1.0
394597,228,"Florence, SC",msa,SC,,,,,,,,,,,,,,,,,,,,,,,,,,,,,,,,,,,,0.9879592466810744,1.0,0.985663082437276,1.0,1.0,1.0,1.0,1.0,1.0,1.0,1.0,1.0,1.0,1.0,1.0,1.0,1.0,1.0,1.0,1.0,0.9943525182691777,0.992,1.0,0.9813527306374656,0.9864077669902913,0.9730636676945402,0.9838709677419355,0.9945283018867924,1.0,1.0,1.0,0.9863013698630136,0.9921104536489151,0.9889743589743589,0.9827586206896551,0.9838598901098901,0.9807692307692307,0.982470601304608,0.9809523809523809,0.9948122338366241,0.9875593339308562,0.9879518072289156,0.9939024390243902,0.9850187522450943,0.9886395554610097,1.0,0.9825578829306738,0.9782125389061805,0.9795833297887725,0.9739368998628258,0.9865831370701836,0.9788732394366197,0.9966187756044083,0.9838337182448037,0.9803921568627451,0.9774858494550984,0.9857900806683109,0.9771195356238469,0.98125,0.9733028449248678,0.9786922438198353,0.9807767752059631
394680,229,"Hilo, HI",msa,HI,0.9667732408097722,0.9727272727272728,0.9729159195383562,0.977728285077951,0.9747102212855637,0.9683181630310552,0.9690721649484536,0.9764229578471064,0.9701439680191117,0.972953216374269,0.979874213836478,0.9758203799654577,0.968626968503937,0.9724901009817015,0.9766277128547579,0.9762532981530343,0.9736231884057971,0.9724592339780054,0.9742370632463512,0.974025974025974,0.9713467048710601,0.9724770642201835,0.9786780383795309,0.9747135696383817,0.9813480525598404,0.9772857665362631,0.9795898545898546,0.9751263016805856,0.961841785974278,0.9731531531531532,0.9814074074074074,0.9768378650553877,0.9740911829684675,0.9764705882352941,0.984733449529495,0.9863221568586692,0.9810640216411182,0.9861351403306421,0.9888888888888889,1.0,1.0,1.0,1.0,1.0,1.0,1.0,1.0,1.0,1.0,1.0,1.0,1.0,1.0,1.0,1.0,1.0,0.9944237918215614,0.9913542117938613,0.9725543366613254,0.9799713876967096,0.9745454545454545,0.9830409298727574,0.9809523809523809,0.9813084112149533,0.987460815047022,0.985985985985986,0.9888888888888889,0.986524500907441,0.9900834560628375,0.9785484242005982,0.9737390196105793,0.990141992235822,0.97956138996139,0.9847319347319348,0.988,0.9813852813852814,0.9716417910447761,0.9772357723577236,0.9815145188840387,0.9801242236024845,0.9877013512879709,0.9714285714285714,0.9817347789824854,0.9751832249139251,0.9768637532133676,0.9720930232558139,0.9799599198396793,0.9723095823095823,0.9781355932203389,0.9799713876967096,0.9805325136496975,0.9717868338557993,0.9723901594814989,0.9736842105263158,0.9644670050761421,0.9761101376720901,0.9736893352070274
395118,230,"St. Cloud, MN",msa,MN,0.9770787448750023,0.9888169511477339,0.9892857142857143,1.0,0.9969512195121951,1.0,1.0,0.9972145853501129,0.9921600432549338,1.0,0.993566833452466,0.9838799332962757,0.9940280680800239,0.9823555030642007,0.9940325319472239,0.9959056027119803,1.0,1.0,1.0,0.9961089494163424,0.9899793692897141,0.9912371134020619,0.9903301100366789,0.980980980980981,0.9828041506583307,1.0,0.99644128113879,1.0,1.0,1.0,1.0,1.0,1.0,1.0,1.0,1.0,1.0,1.0,1.0,1.0015408320493067,1.0103993028449012,1.0204081632653061,1.0244444444444445,1.0142857142857142,1.0070023341113705,1.0004410865315179,1.0,1.0,1.0,1.0,1.0004349717268377,1.0216465987786547,1.0248591946760306,1.0186210091097805,1.0,1.0,1.0,1.0,1.0,0.9925760286225402,0.9863777802816489,0.9967416172020602,1.0,1.0000800128020484,1.0,1.0043668122270741,1.0000072463768115,1.0,1.0,1.0,1.0,0.9812399640887521,0.9767233475035425,0.991970311848792,1.0,1.0,1.0,1.0,1.0,1.0,1.0,1.0,1.0,0.9957122439256789,0.9925184862983906,0.9922680412371134,1.0,1.0,1.0,1.0,1.0,1.0,0.9969989996665555,0.9969989996665555,0.9920143749219765,0.9939939879759518,0.9807266816704177
395011,231,"Racine, WI",msa,WI,,,,,,,,,,,,,,,,,,,,,,,,,,,,,,,,,,,,,,,,1.0020370405772536,1.0001020616452339,1.013557133634603,1.0065019505851756,1.0,1.000153893505694,0.9895833333333334,1.0,0.996079372699632,1.0,0.9798657718120806,1.0004349717268377,1.0364298724954462,1.0515346306575108,1.0203028678638435,1.0081615386493437,1.0,0.9866666666666667,1.0,0.9817757009345794,0.9969207082371054,0.9762764771460424,1.0,1.0,1.0017131349244828,1.0203377796806237,1.019815467549082,1.0206804536357572,1.012006861063465,1.0,1.0000769349130636,1.0,0.9864477810877967,0.9724966719206734,0.9882188557220739,1.0085346796489962,1.0003124469705096,1.0251708618103017,1.0,1.0,1.0001950132780615,1.0,1.0,1.0,0.9961984793917567,0.9826552966523636,1.0,0.9957135202714771,1.0,1.0,0.9982342688964798,1.0004315410453284,1.0,0.9865380275332882,1.0,1.0,0.9835443037974684,0.9965371296652559
394380,232,"Bend, OR",msa,OR,0.9905695395333787,0.989290079248794,0.9931010693342532,0.9916840306220316,0.9938603058733613,0.9978566325315551,0.9897294949983602,0.9904761904761905,0.987524688117203,0.9835964796475214,0.9841688553140017,0.9860351009624457,0.981988401980628,0.9850609862552572,0.9865542800325409,0.9908987485779295,0.9967479674796748,0.9954476479514416,0.9924050632911392,0.9863169719474522,0.9881894128997702,0.986797587265666,0.9884535905762253,0.9868890359509424,0.983132138357111,0.9908284477427334,0.9897749549125696,1.0,0.9901289376628195,0.9907052540642425,1.0,1.0,1.0,1.0,1.0,1.0,1.0,1.0084192925439215,1.0169491525423728,1.0222222222222221,1.022085222169038,1.0223893065998328,1.0097591583146124,1.0066666666666666,1.0,1.0,1.0,1.0,1.0,1.0,1.0091131362525005,1.0172711571675301,1.0001370050691876,1.0,1.0,0.9899888765294772,0.987995051285371,0.9854014598540146,0.9771052588857538,0.9729041643935261,0.976000156160025,0.9815770273087345,0.9852080807070619,0.9974993053626007,0.997979797979798,0.9922183688386281,1.0,0.986734693877551,0.9896963123644251,0.9830508474576272,0.9833398569547736,0.9840329281035758,0.9818181818181818,0.9897214300911832,0.990990990990991,1.0,1.0,0.9907608927580762,0.9876213819456856,0.9873015873015873,0.9866666666666667,0.9841808704085344,0.9839108910891089,0.983739837398374,0.9819496243622783,0.9870048921006234,0.9861111111111112,0.9894736842105263,0.9885202120697001,0.9879081015719468,0.9841574651944311,0.9789384551282913,0.979498861047836,0.9798893865706804,0.9795829293719923,0.9821282177406132,0.980980980980981
395047,233,"Saginaw, MI",msa,MI,0.9705609793289287,0.9705910899821901,0.9693558474046279,0.9694915254237289,0.9873954818225643,0.9861904761904762,0.974974974974975,0.975953349804134,0.9704142011834319,0.9631777108433734,0.9753483386923901,0.9662664379645511,0.9591326105087573,0.96,0.9705504915535288,0.9767814251401121,0.9736123748862603,0.983280316175053,0.9813354221334019,0.9759450171821306,0.971445729728184,0.9700828542249484,0.9783781754708659,0.9734121122599705,0.9668197175777528,0.9856237038406417,0.9813658642272508,0.9818875119161106,0.9855615653466006,0.9885106706918634,0.9968192173956785,1.0,1.0,1.0,1.0,0.9981874205086043,0.986797857464279,1.0,1.0,1.0001613423685058,1.0013351134846462,1.0,1.000805805931738,1.0,1.0,1.0,1.0,0.9978404182768812,0.982498650869082,1.0,1.0,1.0,1.0,1.0,1.0,1.0,1.0,0.9812085049163795,0.98067574457085,0.9771986970684039,0.9899947340705635,0.9781397939292675,1.0,0.9971079582617418,1.0,1.0,1.0,1.0,1.0,0.9912554459986243,0.9782608695652174,0.9737661182747888,0.9719626168224299,0.974025974025974,0.9777297833168106,1.0,1.0,1.0,1.0,0.9952356987485316,1.0,0.9846625766871165,0.9836338888919257,0.9708969728278589,0.9695271052355787,0.9823389408297263,0.9956717726757573,0.9940714908456845,1.0,1.0,0.9916229057264316,0.9818451278251205,0.9896062937712824,0.9788359788359788,0.984040042070963,0.9758364312267658,0.9665479823669041
395202,234,"Warner Robins, GA",msa,GA,0.9838318658243135,0.9785749234943515,0.9856065798492117,0.9881689042615938,0.9787611821104645,0.9795748228428511,0.9873989035624302,0.9881961401755495,0.9837257789989116,0.9869135614017578,0.9831173705210761,0.984188447886415,0.9803501250446588,0.9911845730027549,0.9885117695958271,0.9881422924901185,0.9951060358890701,0.9962484368486869,0.9888888888888889,0.9870722371679854,0.9955273801154971,0.9835164835164835,0.9870797582879844,0.9855042016806723,0.9972384166922369,0.9813988288311666,0.9916556800703142,1.0,0.990909090909091,1.0,1.0,1.0,1.0,1.0,1.0,1.0,1.0,1.0,1.0,1.0,1.0034398743638295,1.0142857142857142,1.0180194805194804,1.0066445182724253,1.0131971051511282,1.0085714285714287,1.0003399775953727,1.0,1.0,1.0,1.0113092648977817,1.024,1.0268948655256724,1.0227272727272727,1.0142027243589742,1.0,1.0,1.0,1.0,1.0,1.0,0.9898531713678853,1.0,1.0,1.0,1.0,1.0,1.0,1.0,1.0,1.0,1.0,1.0,1.0,1.0,0.9991104961454833,1.0,1.0,1.0,1.0,0.9988948036148757,1.0,1.0,1.0,0.9931471814555854,0.9877533399460531,1.0,1.0,1.0,1.0,0.9996464260459004,0.9871060171919771,0.9963260998647048,0.9876543209876543,0.9907596661556805,0.9924681176222596,0.9939715689715689
395151,235,"Terre Haute, IN",msa,IN,0.9726582293247474,0.9831460674157303,0.9523809523809523,0.9779748459347959,0.9731268136871873,0.9504752376188094,0.9765886287625418,0.9603891364265249,0.9716193656093489,0.9694057913251426,0.9627768992877234,0.9665323782092665,0.950792326939116,0.9750048750243752,0.970970970970971,0.9655172413793104,0.9711595055915244,0.9761703941521105,0.972850122850123,0.9813726696514748,0.9805435687788628,0.9594567349818938,0.9511904761904761,0.963020030816641,0.9691833590138675,0.9622359079633906,0.9688060731538992,0.9621212121212122,0.9664762665328017,0.9749687108886108,0.9811320754716981,0.9862021386685064,0.9836065573770492,0.975609756097561,0.97868638538495,0.9739826551034023,0.980980980980981,0.9694415173867229,0.9736183012255668,1.0,1.0,1.0,1.0,1.0,1.0,1.0,0.9840506312059604,0.9880668257756563,0.9673115410273516,0.9728183118741058,1.0,1.0,1.0,1.0,1.0,1.0,1.0,0.9735849056603774,0.980790273556231,0.9722222222222222,0.9702576764980761,0.9778303592008302,1.0,1.0,0.9732234282203563,0.9871794871794872,1.0,0.980672268907563,0.9777015437392796,0.9612705488994149,0.989136649514008,0.9454552702280279,0.9723904111508198,0.9795330820770519,0.9707097388819123,0.9818451278251205,0.9761904761904762,0.9877777777777779,0.9795577805590321,0.971830985915493,0.9812782440284055,0.9715459986028511,0.9641915817874214,0.9872454072058816,0.9380863039399625,0.975609756097561,0.985314698468831,0.9919946631087392,0.9944361154467538,0.985373364126251,0.9830749354005168,0.9615384615384616,0.9769713886950454,0.9795918367346939,0.9831500546478456,0.9721200280937714,0.9693558474046279
395162,236,"Torrington, CT",msa,CT,,0.9630024768434275,0.9642537438872318,0.9717756341550554,0.9714285714285714,0.9768421052631578,0.9754877438719359,0.9749303621169917,0.9731182795698925,0.9646364338519254,0.9613230438299217,0.9672043010752689,0.9583736689254598,0.9645131938125568,0.9625,0.9676929867147388,0.9719839908519153,0.9799708540440526,0.9726443768996961,0.9694273790400045,0.9782608695652174,0.9625904670360736,0.9741969457609269,0.9669889963321107,0.9610321221695629,0.9693877551020408,0.9754281951434789,0.9758185766789175,0.9665501804858557,0.9755102040816327,0.9971278965435659,0.9847669105286834,0.9945945945945946,1.0,1.0,0.9846556573116777,0.9849184364419822,0.9836585510713933,0.9939393939393939,1.0,1.0,1.0002381519409382,1.0027855153203342,1.0,1.0,1.0,1.0,1.0,0.9899916597164303,1.0,1.0,1.0,1.0255197224830817,1.0023405245890948,1.000145855038014,1.0,1.0,1.0,1.0,0.9852941176470589,0.9922259751209446,0.9862785971129293,1.0,1.0060975609756098,1.0035739814152966,1.0002000400080016,1.0132912400770286,1.0092018403680736,1.0,1.0002128112364332,1.0,1.0,0.9863906215643842,1.0,1.0,1.0,1.0000012500015625,1.0150943396226415,1.0022779043280183,1.0,1.0,1.0,1.0,1.0,1.0,0.9811320754716981,1.0,1.0,1.0082271334086144,1.0,1.0,1.0,1.0002857959416975,1.0,0.995260663507109,0.9968652037617555,0.9816632709761067
395009,237,"Punta Gorda, FL",msa,FL,0.9699769053117783,0.9646325005760179,0.96875,0.9695290858725761,0.9693196976433971,0.9656788996265242,0.9723546234509056,0.966183574879227,0.9714285714285714,0.9633112501742065,0.9649805447470817,0.9652676677342873,0.9639420993325821,0.9644012944983819,0.9663841807909604,0.9690023469904672,0.9642857142857143,0.9688036120352292,0.9688581314878892,0.9700700800332982,0.9681235206309495,0.9713017493682694,0.9711713528855146,0.970873786407767,0.97165991902834,0.9688581314878892,0.9726027397260274,0.9707287933094385,0.968459142748314,0.9691826708351943,0.9733333333333334,0.974124809741248,0.9761336515513126,0.9839678714859438,0.9806886692771459,0.9818349045757645,0.9787234042553191,0.9818451278251205,0.9887840670859539,1.0,1.0,1.0,1.0,1.0,1.0,1.0,1.0,1.0,1.0,1.0,1.0,1.0,1.0,1.0,1.0,0.9815090021733595,0.9760582010582011,0.9758751393534002,0.9679328985251778,0.9673115410273516,0.96,0.9782445111206363,0.974348970940736,0.9689316784753133,0.9726729627612383,0.9714285714285714,0.972582471318006,0.9732846715328467,0.9758477677482312,0.9704038355153974,0.9662850647505379,0.9652055202902661,0.9617234083477592,0.9679128227853201,0.9691202175179646,0.9683206615979725,0.9636372396710142,0.9666666666666667,0.9630521427150432,0.9653333333333334,0.9649122807017544,0.96640241600604,0.96,0.9629629629629629,0.9611109777468372,0.9560439560439561,0.9627321947884367,0.9601624533631171,0.9585330277141071,0.9573529411764706,0.9636363636363636,0.9563630593462393,0.9519038076152304,0.9581277185859873,0.96,0.9599332220367279,0.9604757533552798
394386,239,"Billings, MT",msa,MT,0.985663082437276,0.9850746268656716,0.9869565217391304,0.9917713295799048,0.9883305548940224,0.9906932773109244,0.9948430219625553,0.9885386819484241,0.9856115107913669,0.9901416306931173,0.9876543209876543,0.9840910226626953,0.9904952476238119,0.9841269841269841,0.9913056317534243,0.9954554731193657,0.9960825687714239,0.9961123182630436,0.9952925827929835,0.9914767785701861,0.9936242609107996,0.9881296231067278,0.9859557459072814,0.9879116298457691,0.9861425780079356,0.9866220735785953,0.993566833452466,1.0,1.0,1.0,1.0,1.0,1.0,1.0,1.0,1.0,0.9967125774613773,1.0,1.0,1.000312597686777,1.0008528105400258,1.009090909090909,1.0158730158730158,1.0013994633904706,1.0003572704537336,1.0,1.0,1.0,1.0,1.0,1.0147186147186147,1.0162929504758833,1.0110294117647058,1.011813964943968,1.0,1.0,0.9925649530127142,1.0,1.0,0.9877620881471972,0.9892166771056569,0.9897895394873932,0.9971745811440468,0.9978444444444444,0.9921367203180346,1.0,1.0,1.0,0.991922350335483,0.9885032783712466,0.9863109863109863,0.9854413659382197,0.9812820748741883,0.9896984174380412,0.9911910390633795,1.0,1.0,1.0,0.9945628628062382,0.9892438573044104,0.9951047299132822,0.9868386417478284,0.9924470457079153,0.9875,0.9846787702812654,0.9858673438452952,0.9856377130291369,0.9925099892896033,1.0,0.9914504932407746,1.0,0.9859959988568162,0.9917966911764706,0.9878516806381192,0.985754725595836,0.9863013698630136,0.9807692307692307
395018,240,"Redding, CA",msa,CA,,,,,,,,,,,,,,,,,,,,,,,,,,,,,,,,,,,,,,,,,,,,,,,,,,,,,,,,,,,,,,,,,,,,,,,0.9909302724002056,0.9838709677419355,0.9921985815602836,0.9904534606205251,0.998745294855709,1.0,1.0,0.9966666666666667,1.0,0.9924705882352941,1.0,1.0,0.9990151017728168,0.9980732177263969,0.994415485830944,0.993474523807626,0.9933771929824562,1.0,0.9908286758835148,0.9937142857142857,0.9885363572597615,0.9891576934530806,0.9826589595375722,0.9882352941176471,0.983897502631732,0.9872495446265938,0.9887442935830824
394748,241,"Kingston, NY",msa,NY,0.9672848700589883,0.9656897608828939,0.9562841530054644,0.9749303621169917,0.967741935483871,0.9784666567044444,0.9865870530916704,0.967741935483871,0.9714285714285714,0.9702375636738079,0.9670855853801181,0.9657534246575342,0.962536023054755,0.9714285714285714,0.9649122807017544,0.9749213836477988,0.9666666666666667,0.9804878048780488,0.9820144494467071,0.974937343358396,0.9744402450323622,0.9771406146389956,0.9706958485388419,0.970460704607046,0.980218281036835,0.9763874119700648,0.95625,0.9771404921484481,0.9775641025641025,0.9740289813629073,0.995995995995996,1.0,1.0,1.0,0.9972484848484848,0.99768875192604,1.0,0.9766216021861067,0.9843904005670178,0.9792709077912795,1.0,1.0,1.0037206371910465,1.0139921722113503,1.0006671114076051,1.0,1.0,1.0,0.9959485889913384,1.0,0.9883116883116884,1.0,1.013244007541072,1.0000022222271605,1.0023642439431912,1.0003334444814937,0.9976653937344846,1.0,1.0,1.0,0.9789775209982037,0.9785202863961814,0.9824349553808471,0.9791666666666666,0.9965630769230769,1.0,1.0,1.0,0.9911270710814655,0.9981412639405205,1.0,0.9908925318761385,0.9869298479594558,0.9862687832681709,0.9802027402688684,1.0,1.0,1.0,1.0,1.0,1.0,1.0,1.0,0.9897074402427477,0.9865771812080537,0.9768888888888889,0.97822611058552,0.984699494865967,0.9781249316404114,1.0,1.0,1.0,1.0,1.0,1.0,0.9900412087912088,0.9627130229271175
394960,242,"Panama City, FL",msa,FL,0.965974430641695,0.9670228541665975,0.9702480406419876,0.9709677419354839,0.9754877438719359,0.976271186440678,0.9761559028257963,0.9749303621169917,0.9792129615786134,0.9723395873724539,0.9724310776942355,0.9783726162578372,0.9720176730486009,0.9602688910178556,0.9707112970711297,0.9698996655518395,0.9677538873417872,0.9841669665347247,0.9850746268656716,0.9830985915492958,0.9832935560859188,0.9795918367346939,0.9831538249102458,0.9665414264429617,0.9619084263178146,0.9616334682293584,0.9785428376908204,0.9712928514483126,0.9665551839464883,0.9670248240088922,0.9771111218897026,0.9770114942528736,0.9739483297555831,0.9740634005763689,0.9838535860274991,0.9763313609467456,0.9820639215581215,0.9770698340101291,0.9845559845559846,0.9932464274855579,0.9972144846796658,1.0,1.0,0.9926410442762885,0.9925804119887336,0.988839975378248,0.987100772872106,0.9814034807694582,0.9874208860759495,0.993566833452466,1.0,1.0,1.0,1.0,0.9839357429718876,0.9767441860465116,0.976370887337986,0.9715447154471545,0.9707134502923976,0.9716981132075472,0.9684143681954529,0.9675551782682512,0.9701492537313433,0.9741969457609269,0.9736842105263158,0.974025974025974,0.9721964543393115,0.972861238133816,0.9666666666666667,0.9651027530050407,0.9672131147540983,0.9606050382366171,0.9647605486973672,0.9629914968898019,0.9713406424312367,0.9685614480787551,0.9677630904175231,0.9700244596415915,0.9652285279973168,0.9673659673659674,0.9642743221690591,0.9678980480722698,0.968503937007874,0.9612887112887113,0.9670939616618823,0.9645989974937343,0.9653370179021987,0.9685534591194969,0.9710184006763294,0.9664527429654788,0.9705882352941176,0.9643254852052179,0.9636363636363636,0.96,0.9664429530201343,0.9672131147540983,0.9649122807017544
394729,243,"Joplin, MO",msa,MO,0.9737171464330413,0.976129699896516,0.975609756097561,0.985603350443042,0.9739130434782609,0.979855451103301,0.9701897018970189,0.9783420463032113,0.9652656277787814,0.9797314375987362,0.9518471128998821,0.9901789032223816,0.9711370262390671,0.9893748288727666,0.9892542605512982,0.9847878302642114,0.9912954145597264,0.9856938483547926,0.986784140969163,0.9661016949152542,0.9826086956521739,0.974025974025974,0.9936440677966102,0.9823831106229788,0.991235588663598,0.9685076909970609,0.9746003419377935,0.9891304347826086,0.9780109157064888,0.9862987987987988,0.9944969454217927,0.9934437979593558,0.9952102182011708,0.9869747899159664,0.9937106918238994,1.0,0.9875124752873735,0.9931625278394567,0.9965047795812407,1.0,1.0,1.0,1.0000089287308702,1.0,1.0,1.0,0.9949972206781545,1.0,0.9892086330935251,0.9859331040950297,1.0,1.0,1.0,1.0,1.0,0.9999923076923077,1.0,0.9942391933217621,1.0,0.9870833333333333,0.9776751347190146,0.9861910241657077,0.9939490690453463,0.9863851069741595,1.0,0.9894179894179894,1.0,1.0,0.9888888888888889,0.9975898501775353,0.9857142857142858,0.980625,0.9799834898527982,0.9926131117266851,0.9879116298457691,1.0,1.0,0.9950947641852311,0.9873809523809525,0.9896420092252106,0.9945088468578401,0.9947027663331371,0.9832635983263598,0.9793969849246231,0.98,0.9930400372439478,0.9872340425531915,0.987385819921705,1.0,1.0,0.9852624606722967,0.9861838970938542,0.9821753364859949,0.9791666666666666,0.984609465178915,0.9818181818181818,0.9715542081472681
394539,244,"Dover, DE",msa,DE,1.0,0.9824561403508771,0.9828715775749675,0.9808883826879271,1.0,1.0,1.0,1.0,0.9904714016735746,1.0,0.9956965402397207,1.0,0.9949972206781545,1.0,1.0,1.0,1.0,1.0,0.9903194578896418,0.9849257651618455,0.9923356192012909,0.9951856946354882,1.0,1.0,0.97868638538495,1.0,0.9959224323364585,1.0,1.0,1.0,1.0,1.0,1.0,1.0,1.0,1.0,1.0,1.0,1.0,1.0,1.0,1.0,1.0,1.0,1.0000060638820512,1.0,1.0,1.0,1.0,1.0,1.0,1.0029498525073746,1.0002857959416975,1.0,1.0,1.0,1.0,1.0,1.0,1.0,1.0,1.0,1.0,1.0,1.0,1.0,1.0,1.0,1.0,1.0,1.0,1.0,1.0,1.0,1.0,1.0,1.0,1.0,1.0,1.0,1.0,1.0,1.0,1.0,1.0,1.0,1.0,1.0,1.0,1.0,1.0,1.0,1.0,1.0,1.0,0.9950053032955138,1.0
394559,245,"El Centro, CA",msa,CA,0.9915366795366796,1.0,1.0,1.0,0.9918785890073831,1.0,1.0,0.993819356651215,0.9959919839679359,0.9803921568627451,1.0,0.9824937477670597,1.0,1.0,1.0,1.0,1.0,0.9964641594342655,1.0,0.9953563984848524,1.0,1.0,1.0,1.0,1.0,0.9963106059290299,1.0,1.0,1.0,1.0,1.0,1.0,1.0170056685561855,1.009201286064811,1.0007097589590068,1.0001662673940066,1.0000285722449214,1.0,1.0004114674310371,1.0170056685561855,1.0204781326151084,1.0001299038711353,1.0087197580645162,1.0126582278481013,1.0266666666666666,1.0087719298245614,1.0163934426229508,1.006281407035176,1.0114908354856307,1.0151898734177216,1.0083914680050188,1.0001667222407469,1.0133333333333334,1.0004168403501459,1.0,1.0,1.0,1.0,1.0,1.0,1.0,0.9919939752056541,0.9957664866306595,1.0,1.0,1.0,1.0031847133757963,1.0,1.0,1.0001529307084862,1.0,1.0,1.0,1.0,1.0,1.0,1.0,1.0,1.0,1.0,1.0,1.0,1.0002381519409382,1.0,1.0,1.0,1.0,1.000100020004001,1.0,1.0,1.0,0.9985549132947977,1.0,1.0002501250625313,1.0,1.0,1.0
394712,246,"Jackson, TN",msa,TN,,,,,,,,,,,,,,,,,,,,,,,,,,,,,,,,,,,,,,,,,,0.9935161886445338,1.0,1.0,1.0,0.9781659388646288,1.0,1.0,1.0,0.985373364126251,1.0,1.0,1.0,1.0,1.0,0.9870898332436794,0.9781225924974815,0.9837399666481379,0.9737638143241879,0.9769713886950454,0.9704900974992371,0.9621398189527519,0.9782608695652174,0.9855062145395943,0.9898957843250393,0.9789103690685413,1.0,0.9868421052631579,0.9833841980332316,0.9845559845559846,0.9815294117647059,0.968506164310323,0.9767676767676767,0.9746835443037974,0.9901960784313726,0.984984984984985,0.9910902091518832,0.9785202511808077,0.9870740305522914,0.9893505051831073,0.9739752083434079,0.9817777740990282,0.968506164310323,0.9824561403508771,0.9705448551101856,0.9739130434782609,0.970606078282681,0.9851299060254284,0.9807692307692307,0.9778561270904422,0.976857774159786,0.979498861047836,0.9764480655094536,0.9866220735785953,0.9666666666666667,0.9817351598173516,0.9662139100485596
395246,247,"Yuba City, CA",msa,CA,1.0,0.9903225806451613,1.0,1.0,1.0,1.0,1.0,1.0,0.9879032258064516,0.9894736842105263,1.0,1.0,1.0,1.0,1.0,1.0,1.0,1.0,0.9985865179319782,1.0,1.0,1.0,0.9907828889705674,1.0,0.9911714666382492,1.0,1.0,1.0,1.0001259604484192,1.0,1.0,1.0001428775539363,1.000373472763165,1.0055490560243343,1.002004008016032,1.002865329512894,1.0001518519506303,1.0120725800621702,1.013809523809524,1.0315789473684212,1.0225160527205137,1.0289855072463767,1.0311975254087495,1.0178737501886341,1.0065656565656567,1.0004274561120492,1.0048293087331497,1.0086754872124706,1.0001538698261272,1.0159120497613192,1.0239651416122004,1.0182094501243437,1.0153846153846153,1.011764705882353,1.0,0.9989372317813442,1.0,0.9944170175693335,0.9850746268656716,0.9933333333333333,0.9905647256482579,1.0,1.0,1.0,1.0,1.000221050074829,1.0,1.0,1.0,1.0,1.0,1.0,1.0,1.0,1.0,1.0,1.0,1.0,1.0,1.0,1.0,1.0,1.0,0.9896907216494846,0.998019801980198,1.0,1.0,1.0,0.9925788497217068,1.0,1.0,1.0,1.0,0.9899749373433584,1.0,1.0,0.9923299628381298
394406,248,"Bowling Green, KY",msa,KY,0.9742120343839542,0.9729946524064171,0.9791152156618588,0.9733490566037736,0.9732901545790484,0.9772923253808565,0.9754064193413923,0.971755750716454,0.9785944899497026,0.9699909063352531,0.9685614480787551,0.9721229449606862,0.9649749821300929,0.9705882352941176,0.9671272034302049,0.9796330201431477,0.9695848538497669,0.9708404802744426,0.9796999117387467,0.9761904761904762,0.9771986970684039,0.9703881552621049,0.971589991928975,0.9678920428106096,0.9699833240689272,0.9734162610420047,0.9707171386722443,0.9808612440191388,0.9802508492587003,0.978921043229725,0.9769713886950454,0.9803921568627451,0.9792284866468842,0.9826700651460781,0.982395943919351,0.983019665942636,0.9760858955588092,0.9840628621289838,0.9833366111220371,0.9839167455061495,1.0,1.0,1.0,1.0,0.9863135000776759,0.9843494573345288,0.9885057471264368,0.9835616438356164,0.9763707229104194,0.9839291571006887,0.992080033347228,1.0,1.0,1.0,1.0,1.0,0.9782001117942984,0.9777777777777777,0.968506164310323,0.9886792452830189,0.9569377990430622,0.9719108121574489,0.9812936497341332,0.9851115556876223,0.9818132521716696,0.9899947340705635,0.9811465948441709,0.9845288566739606,0.9849184364419822,0.9737386507298011,0.9709342189606138,0.9628905646382545,0.9781491628417287,0.9777777777777777,0.9753483386923901,0.9782608695652174,0.9730386323244926,0.9743641886065588,0.9771050956606387,0.9757927424674773,0.9787234042553191,0.9824713738470203,0.9780494581828285,0.9693196976433971,0.9753846153846154,0.9788359788359788,0.9627406851712929,0.9814224007425223,0.97868638538495,0.98000196000392,0.9729041643935261,0.9771907216494845,0.9771986970684039,0.9691629955947136,0.9733365777885926,0.9814953738434609,0.9680333047088231
395119,249,"St. George, UT",msa,UT,0.9881363764214248,0.9828229360037795,0.9887929173136285,0.9937579022425169,0.9927250682024856,0.9881240996451284,0.9922779922779923,0.9830976198689203,0.9772727272727273,0.9797371601651441,0.9869065981148244,0.9854380036167614,0.9830742336632737,0.9826419535157399,0.9848866498740554,0.9882610541028389,0.9940144846796657,0.991304347826087,0.9894459102902374,0.9801919951320667,0.9814126394052045,0.9888010540184453,0.9852289512555391,0.984,0.9755102040816327,0.9833055091819699,0.9964705882352941,0.9881870626910728,0.9826442062276671,0.9861871874255775,0.9902802107627192,0.9989858012170385,1.0,1.0,1.0,1.0,1.0,1.0,1.0,1.00842326928139,1.0204039228723403,1.0166666666666666,1.014575593026579,1.000011101243598,1.0,1.0,0.9945713464956201,0.991685909286945,0.9927140255009107,1.0003334444814937,1.0,1.003923076923077,1.0065200929105274,1.0,0.9928057553956835,0.9916485687070737,0.9786308383225133,0.9825557809330628,0.974025974025974,0.972198657768729,0.9809449404761905,0.9822994987468672,0.9847198641765704,0.9841052631578947,0.986164875502065,0.9854014598540146,0.9916666666666667,0.9766277128547579,0.987015499455159,0.9800174860667883,0.9774436090225563,0.9862068965517241,0.9804257751107301,0.9813333333333333,0.9846149112280378,0.9862371046845932,0.9867982573130613,0.9862068965517241,0.984182776801406,0.982186741524071,0.9857600814702812,0.9878048780487805,0.9864864864864865,0.9851231527093596,0.9874326750448833,0.9874003725959855,0.9865841635286835,0.9831932773109243,0.9869934973273993,0.984,0.9824434462229792,0.9817373659290752,0.9766374143835617,0.9845018592374237,0.9835616438356164,0.9754716981132076,0.9785465564643954
394896,250,"Muskegon, MI",msa,MI,0.972972972972973,0.9673115410273516,0.9863636363636363,0.9865557166333567,1.0,1.000185253797703,1.0,1.0,1.0,0.9783666846944294,0.9823529411764705,0.9864457904937532,0.978865406006674,0.9713663275517012,0.994277539341917,1.0,1.0,1.0,1.0,1.0,1.0,1.0,0.97868638538495,0.990909090909091,0.9538461538461539,0.9810525310623901,0.9727626459143969,0.9858156028368794,0.9912069296682777,1.0,1.0,1.0,1.0,1.0,1.0,1.0,1.0,1.0,1.0,1.02,1.0145488014043522,1.019002083810234,1.0236220472440944,1.0025062656641603,1.0009099181073704,1.0,1.0,1.0,1.0,1.0,1.0003554727126232,1.0268562401263823,1.0252014733574693,1.0123456790123457,1.0003280646092527,1.0,1.0,1.0,1.0,0.9881656804733728,0.9908608072264282,0.9906483899042646,1.0,1.0,1.0,1.0006064281382656,1.0,1.0,1.0,1.0,0.9866467421615461,1.0,0.9849894644203687,0.9955535793686082,1.0,1.0,1.0,1.0,1.0,1.0,0.9901565600511217,1.0,0.9827586206896551,1.0,0.9811465948441709,0.9901980396079216,0.9989420935412027,1.0,1.0,1.0,1.0,1.0,1.0,0.9795748228428511,0.9881700533870191,0.983570239690079,0.9838709677419355
394299,251,"Abilene, TX",msa,TX,0.9799948691636737,0.982532751091703,1.0,0.994981714920123,0.9892552797332346,0.9959832820945607,0.9862068965517241,0.9894385769872152,0.985985985985986,0.9835624166398872,0.9833240689271817,0.981124952812382,0.98,0.9838709677419355,0.9891025599809283,1.0,0.9952580007191658,0.9879392412659924,0.9870967741935484,0.9807276979159502,0.9857040743388135,0.9849844688036824,0.9910479199578726,0.9848484848484849,0.9828571428571429,0.9920319667791577,0.9902290076335878,0.9898953262189552,0.9873417721518988,0.9935064935064936,0.9952380952380953,0.9924937447873228,1.0,0.9980764298538086,0.9971568360944401,0.9860869565217392,0.9970501474926253,1.0,1.0,1.0,1.0,1.0,1.0,1.0,1.0,1.0,1.0,1.0,1.0,1.0,1.0,1.0,1.0,1.0,1.0,1.0,0.9981715085742606,0.9964102564102564,0.9947741139897439,0.9877469367341836,0.9830501525720544,0.9804902451225613,0.9853801169590644,1.0,0.9977484640181162,1.0,0.9913793103448276,0.9952546865606384,0.9894039951919255,0.9891304347826086,0.9945371242547487,0.9777777777777777,0.9818181818181818,0.9844761881346348,0.9939959973315544,1.0,0.9907482993197279,1.0,0.9876859928168291,0.9904952476238119,0.9816632709761067,0.9847319347319348,0.9823767563705644,0.9833587656832825,0.9876489313324238,0.980672268907563,0.9903846153846154,0.989556458680932,0.9891741741741742,0.9974984365228268,0.987024948735475,0.990990990990991,0.9927822908239193,0.9868251599222353,0.9999979381443299,1.0,0.9873526473526473
394707,252,"Iowa City, IA",msa,IA,0.9835018738353956,0.978391356542617,0.9869956652217405,0.9847288046340179,0.9953802416488984,0.9965043050463771,0.9884389200748462,0.9862068965517241,0.9799962949240459,0.9834190966266438,0.9813664028992496,0.9785649560323153,0.9755080877194766,0.9731696225557072,0.9844961240310077,0.9868734381632251,0.987385819921705,0.994600809136068,0.986046511627907,0.9855502037791775,0.982532751091703,0.9785933346963811,0.9834983498349835,0.9757089001307062,0.97868638538495,0.9763888888888889,0.9838252733121403,0.9883305548940224,0.9883720930232558,0.9845481306018329,0.9876543209876543,0.9902912621359223,0.9842632331902719,0.9898653455489866,0.9839285714285715,0.9822464843530647,0.9859154929577465,0.9823183024549584,0.9888320148906468,1.0,1.0,1.0,1.0,1.0,0.9979640019084911,0.9891525423728813,0.9922889291053585,0.9893617021276596,0.9864647855012617,1.0,1.0,1.0002381519409382,1.0047619047619047,1.0003721060334998,1.0,1.0,1.0,0.9882352941176471,0.9830976198689203,0.9793984453481314,0.9848014432366511,0.9867888307155324,1.0,1.0,1.0,1.0,1.0,1.0,0.9880952380952381,0.987013311076502,0.9801531728665207,0.9838538879286898,0.9755799391734749,0.9840648215173279,0.9834946017290175,0.9906604402935291,1.0,1.0,1.0,0.9914893617021276,0.9852703413203847,0.9875040058043179,0.9917341936774711,0.9801142960111521,0.983756530249025,0.9790379985922362,0.9799897383273474,0.9943782709135116,0.9925925925925926,1.0,0.996219281663516,0.9897715472481827,0.9833333333333333,0.9771679210035578,0.9870694207353955,0.9826305220883533,0.9846153846153847
394351,253,"Auburn, AL",msa,AL,,,,,,,,,,,,,,,,,,,,,,,,,,,,,,,,,1.0,0.9884899716858311,0.9864083753246412,0.9976744186046511,0.9957122439256789,1.0,1.0,0.9996923076923077,1.0,1.0,1.0,1.0,1.0,1.0,1.0,1.0,1.0,1.0,1.0015514313833642,1.0,1.0,1.0,1.0,1.0,1.0,1.0,0.9932503187033328,1.0,0.9975049875249377,0.9906151583842167,0.9956509133082053,1.0,1.0,1.0,0.9948205036613681,0.9866666666666667,0.9917634948208196,0.9879116298457691,0.9962263440460561,1.0,0.9871604938271605,0.9873417721518988,0.9904109589041096,0.9887294182663394,0.9911012125711458,0.9946714031971581,0.9889604415823368,0.991869918699187,0.9846153846153847,0.9976110775021846,0.9883900299529311,0.9825428703846748,0.9816102779588978,0.9846676243959775,0.9924937447873228,0.9940797572486975,0.9888888888888889,0.987012987012987,0.9856048053024027,0.9851640174927646,0.9839357429718876,0.9818405663281009,0.9811465948441709,0.9824937477670597,0.9857142857142858
394860,254,"Midland, TX",msa,TX,,,,,,,,,,,,,,,,,,,,,,,,,,,,,,,,,,,,,0.9803921568627451,0.9787814489239164,0.9795748228428511,0.9808673258603386,0.9886657408396539,0.9855191367696948,0.9830508474576272,0.9852147518591592,0.9870042194092827,0.9830742336632737,0.9866220735785953,0.987012987012987,0.9761416323771803,0.9844951923076923,0.9857142857142858,0.9878048780487805,1.0,0.9910101010101011,0.9907375643224701,0.9865717375630858,0.9803921568627451,0.979336196503918,0.9824561403508771,0.9816632709761067,0.96640241600604,0.9795577805590321,0.9843614130434782,0.9857128276907824,0.987535916750796,0.9938461538461538,0.984,0.9896907216494846,0.9815886699507389,0.9846153846153847,0.9846260772866278,0.9779980657640233,0.9793103448275862,0.9833333333333333,0.9890948745910578,0.9844951923076923,0.9925548589341693,0.9865234786270793,0.9864367816091955,0.9848452079214015,0.9908288067285789,0.9830508474576272,0.9914841849148418,0.9917769932333039,0.9779179810725552,0.9853819889031157,0.9995655951346656,0.9851299060254284,0.9978043425225664,0.9875,0.9927536231884058,0.9953488372093023,0.9834313725490196,0.9821428571428571,0.9836065573770492,0.9985915492957746,0.9840156680339731
394671,255,"Hattiesburg, MS",msa,MS,0.9497206703910615,0.9776536312849162,0.9800384164155413,0.9747513547449114,0.9673115410273516,0.978660182987054,0.9817895434950812,0.969836937504374,0.9864188706218727,0.9852598913886734,0.9691760584188088,0.9831196581196581,0.972485137252377,0.9679777465143247,0.9767814251401121,0.9603340292275574,0.9792284866468842,0.9791521890201529,0.9833024118738405,0.984182776801406,0.9748352585760529,0.9761385199240986,0.9831359835295617,0.9772027453162678,0.9723320941608444,0.9830984574366788,0.9765811965811966,0.9857323129528617,0.9818910548369466,0.9795748228428511,0.9857090509344082,0.9819844639741944,0.9856908110550378,1.0,0.9927467902354679,0.9875280177325467,0.9736703528172722,0.9724942396313364,0.9894454344464245,1.0,1.0,0.9977494373593399,1.0,1.0,1.0,1.0,0.9956546543177427,0.9927536231884058,1.0,0.9900323482647075,1.0,1.0,1.0,1.0,1.0,0.9903093681917211,0.9955784475968175,0.986969439728353,0.9727492238703,0.9827586206896551,0.9865498508824548,0.9849411231884058,0.9896722325293754,0.9936889735651346,0.9847288046340179,0.987012987012987,0.9873546685844421,0.9882352941176471,0.9790470115912051,0.9864972200158856,0.9707701800461981,0.9820392628205128,0.9723889555822329,0.9782857142857143,0.9824561403508771,0.9807880920786938,0.9802777777777778,0.9797456671110656,0.9830361026533275,0.9727290413255297,0.9839357429718876,0.9745454545454545,0.9777799153520585,0.969309262166405,0.9789702683103698,0.9773469387755102,0.9857929834734706,0.9850746268656716,0.9799584174028964,0.9774469321773247,0.9761904761904762,0.9830508474576272,0.9708509996932931,0.98,0.9830508474576272,0.9787556904400607,0.9817351598173516
753869,255,"Bloomington, IL",msa,IL,,,,,,,,,,,,,0.9640745793542519,0.9606986899563319,0.9718875502008032,0.9724828017510945,0.975447409733124,0.9727585047366791,0.9764370841908774,0.9723889555822329,0.9714780410047821,0.9752300613496933,0.9709302325581395,0.9673202614379085,0.9693558474046279,0.967741935483871,0.9725158562367865,0.9792709077912795,0.9745222929936306,0.977610693400167,0.9832635983263598,0.981445354524981,0.9816339455351488,0.9834474885844748,0.9829787234042553,0.984984984984985,0.9852202402621041,0.9801370083557388,0.9899888765294772,1.0,1.0,1.0007423096118915,1.0025062656641603,1.0004085002070857,1.0009829391830745,1.0,1.0,1.0,1.0,1.0,1.0006064281382656,1.0329588080609087,1.0425,1.0542372881355933,1.0333333333333334,1.0,1.0,1.0,1.0,1.0,0.9853520795340902,0.9856115107913669,1.0,1.0,1.0333839918946301,1.0160642570281124,1.0129067541700847,1.0006462511384493,1.0,1.0,1.0,0.9883720930232558,0.9867016193879428,1.0,1.0001136621959537,1.006142456982793,1.0,1.0067532467532467,1.0006563445998644,1.0,1.0,1.0,1.0,1.0,0.9923112659698026,0.9936312273783952,1.0,1.0002567724358058,1.0003153712374924,1.0006671114076051,1.0004001600640255,1.0,0.9897304066969876,1.0,1.0,0.99,0.9886335614166244
394651,259,"Greenville, NC",msa,NC,0.9768336314847943,0.9843260188087775,0.9841534612176814,0.9894385769872152,0.9871244635193133,0.9898305084745763,0.9891891891891892,0.9865846841811068,0.9861044238584058,0.97888294164645,0.9817351598173516,0.9874476987447699,0.9867936594062476,0.9861111111111112,0.9822979785539517,0.9979187381655457,0.9925373134328358,1.0,0.9943060805849973,0.9946517946517947,1.0,0.988590593126746,0.9899468619847767,0.9829311359623308,0.989055683859379,0.9991932230738201,0.9962562177019183,0.9969617603001282,1.0,1.0,1.0,1.000312597686777,1.0,1.0,1.0,1.0,1.0,1.0,1.0003031221582297,1.0024769302617034,1.0094260604714616,1.0185185185185186,1.0125786163522013,1.0009471039405264,1.0165339865278629,1.0015540844823856,1.0002571526389867,1.0003847633705272,1.0,1.000339147303397,1.018181818181818,1.0196078431372548,1.030304766582085,1.018181818181818,1.015912647275405,1.000421416828321,1.0004066693777958,1.0,1.0,1.0,1.0,1.0,1.0,1.0,1.0038329310218712,1.004133597883598,1.0040816326530613,1.0,1.0,1.0,1.0,0.9796999117387467,0.9835277077611828,0.9869567178106713,1.0,1.0,1.0,1.0,0.9937684486716957,0.9908602150537635,1.0,0.9842931937172775,0.9837837837837838,1.0,0.9895900755124056,0.9926894959599846,0.9813852813852814,0.9956331877729258,0.9975335708413264,0.9994333110092216,0.9949748743718593,0.9838110838110838,0.9948051948051948,0.9894736842105263,0.9776755585550385,0.9891812865497076,0.9807050092764378
394428,260,"Burlington, NC",msa,NC,,,,,,,,,,,,,,,,,,,,,,,,,,,,,,,,,,,,,,,,,,,,,,,,,,,,,,,,,,,,,,,,,,,,,,,,,,,,,,,,,,,,,,,,,0.990366593675772,0.9863851069741595,0.9904761904761905,0.9810615425097131,0.9883472809851253,0.9863851069741595,0.9896667003310998,0.975609756097561,0.9852907594396291
395210,261,"Waterloo, IA",msa,IA,,,,,,,,,,,0.9726027397260274,0.970873786407767,0.9721443260422509,0.9691706245355562,0.9675040824017083,0.9732360097323601,0.9771863117870723,0.9768522510315945,0.9789702683103698,0.9794628751974723,0.978865406006674,0.9792709077912795,0.9687097585974959,0.9727035114070465,0.966183574879227,0.9639304029268252,0.9735746181529314,0.9858514129727621,0.9763958680817459,0.9852941176470589,0.9806052661575287,0.9792050539615689,0.9828009828009828,0.9803921568627451,0.9803921568627451,0.9789316875931049,0.9792709077912795,0.9791703790936771,0.9826601258060688,0.9916741167988464,1.0,1.0,1.0,1.0,0.9971866208190059,0.9846153846153847,0.9828448892065761,0.9812782440284055,0.9743429954603455,0.9762202753441802,0.9925326939982104,1.0,1.0,1.000555864369094,1.0,1.0,0.9854457246816253,0.9857142857142858,0.9857536345938782,0.9779889944972486,0.9731309173325364,0.9799599198396793,0.981100611450806,1.0,1.0,1.0,1.0,1.0,1.0,1.0,0.990909090909091,0.9953482190324295,0.9691538140892039,0.9790358735964673,0.995260663507109,0.9903961584633854,1.0,1.0,1.0,1.0,0.989010989010989,0.9849130112489282,0.9729483973630371,0.9838843511370899,0.9754877438719359,0.9721931437867652,0.9821364773133262,0.9811681422981586,1.0,0.9911176857330704,0.9855400696864112,0.9947027663331371,0.9809523809523809,0.9782647058823529,0.9822782205665771,0.9807767752059631,0.9785828168602355
394480,262,"Coeur d'Alene, ID",msa,ID,,,,,,,,,,,,,,,,,,,1.0,0.9924242424242424,0.9895822029300054,0.9893733140957279,0.985663082437276,0.991304347826087,0.9826009133862412,0.9961832061068703,1.0,1.0,0.994413407821229,1.0,1.0,1.0,1.0,1.0,1.0,1.0,1.0294117647058822,1.0007704160246533,1.0465943339361061,1.0115114931226774,1.000280078421958,1.0040602024331542,1.0,1.0,1.0,0.9994520547945205,1.0,1.0,0.9924943238323982,1.0,1.0,1.0,1.0,1.0,0.9867384665806247,0.9826086956521739,0.9718403343268907,0.9724133811815532,0.9733520200611322,0.9684684684684685,0.9772727272727273,0.9755703810046588,0.9786276715410573,0.9850993562582033,0.9907611459569419,0.99000198000396,0.98709932155321,0.984,0.9860350057781202,0.9719438877755511,0.9727272727272728,0.9732142857142857,0.9751998360319738,0.981891501118344,0.9897184246018289,0.9899497487437185,0.9848138504664451,0.9866666666666667,0.98989898989899,0.9849749582637729,0.9846741045214328,0.976708440566644,0.9855330281229562,0.9815723762287941,0.9867099216004326,0.9891666666666667,0.9921875,0.9965644820295982,0.9953272727272727,0.9916515936735725,0.9915026833631485,0.9862009897221165,0.9888888888888889,0.9847198641765704,0.9853228026087477,0.9858386689826016,0.9773913043478261
394553,263,"East Stroudsburg, PA",msa,PA,,,,,,,,,,,,,,,,,,,,,,,,,,,,,,,,,1.0,1.0,1.007722122838402,1.005586592178771,1.0,1.0,1.0,1.009221419265038,1.0,1.000208420175073,1.0037560177911686,1.0,1.0,1.0,1.0,1.0,1.0,1.0,1.0,1.0005002501250626,1.0036371902705161,1.0,1.0,0.9966152688980819,1.0,0.9849184364419822,0.9974293059125964,0.9990818750356486,0.9701940388077616,0.9824937477670597,0.9886221555388848,1.0,1.0,1.0,0.9855072463768116,1.0,0.9853687667960586,0.9895606785558939,0.9784735812133072,0.984,0.9747256637168141,0.985691573926868,1.0,0.9956878444164381,1.0,1.0,0.998635950287966,1.0,0.9834123222748815,0.9866666666666667,0.9844395046046364,0.9789006097332884,0.9769713886950454,0.9691629955947136,0.9815950920245399,0.9761232408463103,0.9803921568627451,0.9851894282371462,0.9883531685484691,0.9850136851079105,0.9814814814814815,0.9787234042553191,0.9820207647505698,0.9765625,0.9783390678761339
395007,264,"Pueblo, CO",msa,CO,,,,,,,,,,,,,,,,,,,,,,,,,,,,,,,0.9878419452887538,1.0,1.0,1.0,1.0,1.0,1.0,1.0,1.0,1.0036678892964321,1.0,1.012095694052606,1.0001471020888497,1.0,1.0,1.0,1.0,1.0,1.0,1.0,1.0,1.0,1.0,1.0,1.0,1.0,1.0,0.9935483870967742,0.9816666666666667,0.9850154252974879,0.9873417721518988,0.9907473925074499,1.0,0.9999617239531501,1.0,1.0,1.0,0.9903272564395271,0.9807692307692307,0.9895542857142857,0.9901188303662734,1.0,0.9858585858585859,0.9885259471686241,1.0,1.0,0.989247311827957,1.0,1.0,0.9913892884765609,0.9882829245058348,0.9921184480461631,1.0,0.9830742336632737,0.9800939363046149,0.9883546688735891,0.9871018689128718,1.0,0.9956378986866792,0.9981444059512539,0.9891252955082743,0.9863220668368708,1.0,0.9846827133479212,0.9902912621359223,0.9848484848484849,0.9734112028730619
394392,265,"Blacksburg, VA",msa,VA,0.975609756097561,0.9811664663515847,0.9791459434061293,0.9856541195051329,0.996309963099631,0.9862068965517241,0.9860085939365004,0.9831578947368421,0.9813137246575795,0.9855257556406982,0.9843158464034614,0.9825279537399711,0.9811649808161842,0.987575853441086,0.9918367346938776,0.9832402234636871,0.9899908570190293,0.9879558149228845,0.9915960451977401,0.9915254237288136,0.9845559845559846,0.9850746268656716,0.9939959973315544,0.9930715250452902,0.9943788645306352,0.9897099430378176,0.9916209572473214,0.9966257067374107,0.9956740271866322,1.0,1.0,1.0,1.0,0.9945421467556095,0.9900808936825887,1.0,1.0,1.0,1.0,1.0,1.005234742939661,1.0044766444232602,1.0,1.0,1.0,1.0,1.0,1.0,1.0,1.0,1.0002703433360367,1.0055403260712739,1.017865452100354,1.0099639855942377,1.0,1.0,1.0,1.0,0.9842305600870038,0.9807767752059631,1.0,0.9877057720358408,1.0,1.0,1.0,1.0,1.0,1.0,1.0,0.9898734933460785,0.9851859127784722,0.989417693169093,0.9866954784200048,0.9906881313131313,0.9865651602617485,1.0,1.0,1.0,0.9968884851415153,1.0,0.988,0.9878676470588236,0.984251968503937,0.985239852398524,0.9851470142467414,1.0,0.9912854030501089,1.0,1.0,1.0,0.9984365228267668,0.9859959988568162,0.9880590717299578,0.9925960611859874,0.9839378048333272,0.9838103732533312,0.9776678923122437
394731,267,"Kahului, HI",msa,HI,0.9698324022346368,0.9643913789654337,0.9715994020926756,0.9690244120244351,0.975609756097561,0.9705088015432843,0.9746794871794872,0.9785330948121646,0.9758386642008247,0.9738889155559822,0.9686724386724387,0.9677637961536267,0.9742120343839542,0.9646328326051828,0.9695087128145663,0.971830985915493,0.9790938228438228,0.9791666666666666,0.9708741030658838,0.9779759765156961,0.9801960784313726,0.9779411764705882,0.9741104064968837,0.9770114942528736,0.9679696995129169,0.9757575757575757,0.9694415173867229,0.9670079635949943,0.9656837385756165,0.970625858533379,0.9651115618661258,0.9662921348314607,0.9728246204536094,0.9658421672555948,0.9770114942528736,0.972971739031183,0.9661277906081601,0.9744680851063829,0.9803921568627451,0.9856115107913669,0.9888888888888889,0.9894458368142578,1.0,1.0,1.0,1.0,1.0,1.0,1.0,1.0,1.0,1.0,1.0,1.0,1.0,0.9789473684210527,0.9847668872134174,0.9698795180722891,0.976271186440678,0.9785158329291805,0.9767441860465116,0.9846153846153847,0.9803921568627451,0.9844271412680756,0.9833746088956208,0.9935379644588045,0.9802105263157894,0.9818181818181818,0.9780671756289627,0.9838998211091234,0.9730848861283644,0.9798657718120806,0.9839301469797069,0.9773371891266628,0.976611028595723,0.98,0.977904501216545,0.9812685400784664,0.9710494968903574,0.9646584185045723,0.95,0.969191752848956,0.9610027855153204,0.9606986899563319,0.962278675904542,0.9545496065829171,0.9670391061452513,0.9622532882026553,0.9620253164556962,0.9539752362333007,0.967741935483871,0.9421129614386121,0.96024012006003,0.9568965517241379,0.9394473401902754,0.9620520239589301,0.9446146913023885
394720,268,"Janesville, WI",msa,WI,0.9823852958737334,0.9817121845044805,0.9861167704601586,1.0,1.0,1.0013748480160745,1.0,1.0003334444814937,0.9902515516975354,0.9798994974874372,0.9885330170027679,0.99528489639251,0.9849880857350151,0.9715750845730213,0.9799930986887508,0.9914204003813155,1.0,1.0,1.0001724732666437,1.0,1.0,0.9833366111220371,0.9910441295103029,0.9819785874258637,0.9821753364859949,0.9712460063897763,0.9847676280192116,1.0,1.0,1.0,1.0,1.0,1.0003847633705272,1.0,1.0003031221582297,1.0,1.0,1.0,1.0122584541062802,1.0136657761815882,1.047246665649868,1.0476751030017657,1.0212765957446808,1.015567086730912,1.0196229318968835,1.0000952562392835,1.0,1.0,1.0,1.0,1.0058148111380887,1.011011011011011,1.0664131583414096,1.027027027027027,1.027443576977158,1.0200155475810948,1.0,1.001926782273603,1.0,1.0,1.0,1.0029612247178457,1.0,1.026513487391266,1.0217113665389528,1.0185424945307027,1.000417014178482,1.0496622255102652,1.0113636363636365,1.0029991421165572,1.0,1.0,0.986159169550173,1.0,1.0,1.0,1.010628970399178,1.0180988184747584,1.0008898777738926,1.0,1.0058390612093082,1.0,1.0167594931572168,1.0,0.992222622612672,1.0,1.0024611666609997,1.0,1.0182481751824817,1.01024,1.0001857832972134,1.0022697442200617,1.0,1.0,1.0,1.0,0.9778892733564013
394710,272,"Jackson, MI",msa,MI,0.9780727477330711,0.9662980516061085,0.9794696826098861,0.9928935653581545,0.9850525348939683,0.9966654316413487,0.995995995995996,0.9841269841269841,0.9849977495476132,0.9835217051895597,0.9860732912198564,0.9761240926462667,0.9775733179988499,0.97581317764804,0.9771986970684039,0.9939367741759813,0.9945421467556095,1.0,1.0,0.9876275510204082,1.0,0.9838122953801383,0.9858256185982884,0.9821046899953682,0.9795748228428511,0.9733036707452726,0.9782608695652174,1.0,0.9782514136581122,1.0,1.0,1.0,1.0,1.0,1.0,1.0,1.0,1.0,1.0,1.0005717552887363,1.0169491525423728,1.0193871169480926,1.0094732911333253,1.0004764173415912,1.0,1.0,1.0,1.0,1.0,0.9878527621246068,1.0,1.0073799667782846,1.0229528927319211,1.0243432152325862,1.0,1.0,1.0,1.0,0.9772725182323737,0.9868842677897692,0.9981992797118848,0.9984011627906977,0.9872504935004935,0.9948491092540378,1.0,1.0,1.0,1.0,1.0,1.0,1.0,1.0,0.9884678747940692,1.0,1.0,0.9871018689128718,1.0,1.0,1.0,1.0,1.0,1.0,0.9817351598173516,0.990909090909091,0.9835792349741963,0.9879518072289156,0.9896236559139785,0.9917119176907688,1.0,1.0,1.0,1.0,0.9954895971188622,0.9802210587550901,0.9958333333333333,0.9876543209876543,0.9754716981132076
395125,273,"State College, PA",msa,PA,,,,,,,,,,,,,,0.9801303178391483,1.0,1.0,0.9933035714285714,1.0,0.9843260188087775,0.9901815335562529,0.9777171441564347,0.9846827133479212,0.9823397637649498,0.9736785486666748,0.9822646657571623,1.0,1.0,0.9927073837739289,1.0,0.9926470588235294,1.0,0.9892450361705403,0.9795918367346939,0.9864363636363637,0.9874429223744292,0.9838188610086446,0.9769713886950454,1.0,0.9873028377252533,1.0,1.0,1.0,1.0,1.0,1.0,1.0,1.0,1.0,1.0,1.0,1.010315789473684,1.0301130776794492,1.0194587548621978,1.013986013986014,1.0,1.0,1.0,0.989345509893455,1.0,0.9910913140311804,0.9891901087385511,1.0,1.0013675354897411,1.0,1.0,1.0,1.0,1.0,1.0,1.0,0.9963160937197406,0.9861811606747841,0.9888059701492538,0.9783368273934312,1.0,1.0,1.0,1.0,1.0,1.0,0.9910913140311804,0.9815519100155654,0.996661101836394,0.9832580896252641,1.0,0.9883938412210681,0.9971139971139971,0.9965034965034965,1.0,1.0,0.9959175341906511,1.0,1.0,1.0,1.0,0.9845890410958904,0.9884749096564659
395079,274,"Sebastian, FL",msa,FL,0.9689922480620154,0.9629629629629629,0.9627329192546584,0.966183574879227,0.9634695579649708,0.9615384615384616,0.9598930481283422,0.9628610729023384,0.9631209900497789,0.9682355112587671,0.9593023255813954,0.9617311546169262,0.9612691355296308,0.9629665295056649,0.9597441364605543,0.96579476861167,0.967741935483871,0.9591130717436731,0.9693513564254201,0.9633197480548351,0.9586308949366275,0.9551020408163265,0.9665871121718377,0.96956278704869,0.96,0.9616737430960463,0.96,0.9581564584596726,0.9707112970711297,0.967741935483871,0.9552837547721587,0.9684014869888475,0.972972972972973,0.9705882352941176,0.9769813960452509,0.9720468597461764,0.9714285714285714,0.9748690823925686,0.9834710743801653,0.9886792452830189,0.9965814182053909,1.0,1.0,1.0,1.0,0.9932875931686652,1.0,1.0,1.0,1.0,1.0,1.0,1.0,1.0,0.9964459233678442,0.9854475412927661,0.9782608695652174,0.9779755109240486,0.9727250185965783,0.9689014145045327,0.9727272727272728,0.9659822939951754,0.9748427672955975,0.9748743718592965,0.9726703113167423,0.9704030361848801,0.9722575578667318,0.9783783783783784,0.9742120343839542,0.9719101123595506,0.970917225950783,0.9685234976891459,0.9658536585365853,0.9678571428571429,0.9695817490494296,0.9686565618865596,0.96566826936752,0.9716938993870274,0.9660728414894382,0.9634146341463414,0.9578748690101935,0.9673659673659674,0.9712230215827338,0.9669091197630131,0.9655172413793104,0.9719719438877755,0.9692307692307692,0.97,0.9652173913043478,0.9612903225806452,0.9622641509433962,0.9658502932045533,0.96,0.9630868326520501,0.9657392504023914,0.9649329076239376,0.9604965124128104
394814,275,"Madera, CA",msa,CA,0.9850746268656716,0.9935449166218397,0.9825747468944049,0.9860724233983287,0.9836065573770492,1.0,0.9908883826879271,0.9846385612981459,0.9824561403508771,0.9837305326877511,0.9789336883479143,0.97868638538495,0.9822432007192627,0.974025974025974,0.9776536312849162,0.978319783197832,0.9833024118738405,0.9819639278557114,0.9840181102034011,0.9818520241973011,0.9899749373433584,0.9941642350979575,1.0,0.9784735812133072,0.9719927586449754,0.9883953581432573,0.9941719254873896,0.9804002809759524,0.9826086956521739,0.9903301100366789,1.0,0.9973899994627138,1.0,0.9851991018650048,0.9972114327404256,1.0,1.0,1.0,1.0,1.0,1.000258237896807,1.0038119440914866,1.0000008333347221,1.0001470804530077,1.0,1.0003899921382378,1.0,1.0,1.0,1.0,1.0,1.000002409650167,1.0009537396842412,1.008695652173913,1.0,1.0,1.0,0.9910420485490093,0.9841137123745819,0.9822372725227271,0.9893030562696372,0.9962664305024704,0.9866666666666667,1.0,1.0,0.9978021978021978,0.991766061263215,1.0,0.9903379416282643,1.0,0.9789552353262678,0.9876950102129771,0.9853414558166903,1.0,0.9932799167354803,1.0,0.9979955943767341,0.9905149051490515,1.0,0.9861111111111112,0.9914712153518124,0.9919278584810289,0.9895908689012137,0.9926901795460534,0.9847314006033815,1.0,1.0,1.0,1.0,1.0,0.9973521624007061,0.9918630897662055,0.9867936594062476,0.9910731983449971,1.0,0.9877419893190922,1.0
394523,276,"Decatur, AL",msa,AL,,,,,,,,,,,,,,,,,,,,,,,,,,,,,,1.0,1.0,0.997229916897507,0.9785956300372154,0.9960852544584602,0.9981923508620971,1.0,1.0,1.0,1.0,1.0,1.0,1.0,1.000158780565259,1.0,1.0,1.0,1.0,1.0,1.0,1.0,1.0,1.0,1.0,1.0,1.0,1.0,0.9946120689655172,1.0,0.9834581347855684,0.9773838062369546,0.9767441860465116,0.980909090909091,0.982532751091703,0.9972491536405994,0.9912663755458515,1.0,0.996734693877551,1.0,1.0,0.9867099216004326,0.9795748228428511,1.0,0.9901658115496828,0.9838651951183921,0.994712860739128,0.981485116611543,0.9879396274766584,0.9882352941176471,0.9859764089121887,0.9802739244040415,0.9872340425531915,0.9738241365972775,0.9633197480548351,0.9717301190310778,0.9809609250398724,0.9669642994986889,0.9803921568627451,0.9773812324666812,0.9870130166080251,0.9815988515787407,0.9855839952927331,0.977242943778323,0.9776536312849162,0.9789429632679283,0.988820830102481,0.9823312189692033,0.9622641509433962
394453,277,"Chambersburg, PA",msa,PA,0.9804880821554436,0.9797874114214256,0.9821753364859949,0.9885096316323082,0.9939959973315544,0.9951219512195122,0.9792709077912795,1.0,0.9801894073172965,0.9789317319275744,0.9835527805022912,0.9836495149614597,0.9837467921300257,0.9877340219496449,0.9856371583753489,0.9827531741159614,0.9799959167006942,0.9940801510260683,0.9886782517114271,0.9844961240310077,0.9891891891891892,0.980653769179453,0.9807846277021617,1.0,1.0,1.0,0.9951707485339772,1.0,1.0,1.0,1.0,1.0,1.0,0.9989900824846067,1.0,1.0,1.0,1.0,1.0,1.0,1.0,1.0,1.0,1.0,1.0,1.0,1.0,1.0,1.0,1.0,1.0,1.0,1.0,1.0,1.0,1.0,1.0,1.0,1.0,1.0,1.0,1.0,1.0,1.0,1.0,1.0,1.0,1.0,1.0,1.0,1.0,0.9994337485843714,1.0,1.0,1.0,1.0,1.0,1.0,1.0,1.0,1.0,1.0,1.0,1.0,1.0,1.0,0.993329989573343,1.0,1.0,1.0,1.0,1.0,1.0,1.0,1.0,0.9896391568417292,1.0
395193,278,"Vineland, NJ",msa,NJ,,,,,,,,,,,,,,,0.9800437645849502,0.997051939321784,1.0,0.9967845659163987,0.9758620689655172,0.9821768563570975,0.9911791001883921,0.9787234042553191,0.9782125389061805,0.9764309764309764,0.97868638538495,1.0,0.9888169511477339,0.9850913902555567,0.9821428571428571,0.9870550161812298,0.9965831435079726,1.0,1.0,1.0008347245409015,1.0,1.0,1.0,1.0,1.0,1.0,1.0,1.0050251256281406,1.0270348833562823,1.017038759333452,1.007874989692422,1.0,1.0005575872310974,1.0,1.0,1.0,1.0,1.0076821524064172,1.0231660231660231,1.0284113645458184,1.0005885815185402,1.0,1.0,1.0,1.0,1.0,1.0,1.0,1.0,1.0,1.0,1.0071942446043165,1.0004168403501459,1.0,1.0,1.0017338847071215,1.0004839178963525,1.0,1.0,1.0,1.0,1.0,1.0002128112364332,1.0,1.0005185440008129,1.0,1.0,1.000002000008,1.0,1.0,1.0,1.0,1.0,1.0,1.0,1.0,1.0,1.0,1.0,1.0,1.0,1.0,1.0
394703,279,"Idaho Falls, ID",msa,ID,,,,,,,,,,,,,,,,,,,,,,,,,,,,,,,,,,,,,,,,,,,,,,,,,,,,,,,,,,,,,,,,,,,,,0.9895833333333334,0.9911504424778761,0.9834990927257276,0.9959349593495935,0.9774134790528233,0.9913786696395392,0.9914712153518124,1.0,0.9961804292469989,0.9993506493506494,1.0,1.0,0.9926829268292683,0.990049504950495,0.9907692307692307,0.9906926406926407,0.9821428571428571,0.9910913140311804,1.0,1.0,1.0,0.9908612201080922,0.9932088285229203,0.9893991609229847,0.987387223598391,0.9931170108161259,0.9902427637721756,0.9838709677419355,0.9848771266540642
394639,280,"Grand Junction, CO",msa,CO,0.9831791302379538,0.9890650122230391,0.9946121973801207,0.9949972206781545,1.0,0.9968401785072415,0.9901959950299419,0.992912311660106,0.987941901890929,0.9859731103459584,0.9849231002348662,0.9845040086155319,0.9835338066618412,0.9807238186208177,0.990048504750455,0.9957446808510638,0.9975510204081632,0.9888372093023255,0.9903301100366789,0.9899979999846154,0.9905660377358491,0.9907757757757758,0.9842202081951761,0.9870550161812298,0.9836159557683035,0.9830381716365878,0.9874624946420917,0.9946666666666667,0.9945054945054945,1.0,0.9976309555146091,1.0,1.0,1.0,0.9962302790304041,0.9978601382749632,0.9935483870967742,1.0,1.0,1.0,1.008754909573912,1.006822516864387,1.0024609379085165,1.0,1.0,1.0,0.9923664122137404,1.0,0.9957122439256789,1.0,1.0,1.0,1.0002020610224287,1.0,1.0,0.9909410206230846,0.9919974391805377,0.987460815047022,0.9807984729922528,0.9838709677419355,0.9852941176470589,0.9817407263971443,0.9886975013290803,0.9947984395318595,0.9933035714285714,1.0,0.9927184466019418,0.9942157753014076,0.993517017828201,0.9878234116687672,0.9976723759332455,0.9863632857807321,0.9878241511659756,0.9845192829983704,0.9924603785197723,1.0,0.9935183758049049,1.0,0.9945504087193461,0.9943237298138312,0.990798773169756,0.9870466321243523,0.9866666666666667,0.9904870230665356,0.9792284866468842,0.990108229832938,0.9885931558935361,0.9881899252832008,0.9951470588235294,0.9892933618843683,0.9932684749557648,0.9882506527415144,0.9832483845714884,0.9882511229449883,0.9811320754716981,0.9854470588235295,0.9832985386221295
394563,281,"Elizabethtown, KY",msa,KY,,,,,,,,,,,,,,,,,,,,,,,,,,,,0.9793137217714544,0.9877300613496932,0.9948542024013722,0.9915300701416065,0.9985250737463127,0.9959977129788451,0.9973913043478261,1.0,1.0,1.0,0.9877469367341836,1.0,0.9987648453705216,1.0,1.0,1.0,1.0,0.9971687426192803,0.9858757062146892,1.0,1.0,0.980653769179453,0.9870051444254428,1.0,1.0,1.0,1.0,1.0,0.9764035801464606,0.986764705882353,0.972492358988608,0.9789473684210527,0.9734581576502537,0.9756124672091059,0.9829860559760523,0.9720919483045609,0.9841523602303182,0.9812273573083203,1.0,0.991044776119403,0.9852155679811654,0.9903976956295477,0.9736842105263158,0.98125,0.9752438109527382,0.9757465650067508,1.0,0.9863851069741595,0.9947487426762738,1.0,0.9889249965510369,1.0,0.9825023665060462,0.994579945799458,0.983754512635379,0.975609756097561,0.9954740352548832,0.9824561403508771,0.9739130434782609,0.9755291122621118,0.987716211903447,0.9967845659163987,0.987385819921705,0.9848024316109423,0.979381443298969,0.9863441983043684,0.9865470852017937,0.9779980657640233,0.9802940980352933,0.9772337224645538
394917,282,"Niles, MI",msa,MI,,,,,,,,,,,,,,,,,,,,,,,,,,,,,,0.9876543209876543,1.0,0.9692307692307692,0.9895564205261278,0.9938536953242836,0.9844877344877345,0.9764423076923077,0.9851301115241635,0.9670079635949943,0.975609756097561,1.0008340283569641,1.0,1.0,1.0073918178303045,1.000277932184547,1.0,0.993963763145862,1.0,0.9883441933620081,0.9779285980137491,0.9736842105263158,1.0,1.0,1.0,1.025861462481854,1.0,1.0,0.9888579387186629,0.9885262975830589,0.9818181818181818,0.9770332341234487,0.980522778065492,0.9827259720585759,0.9818405663281009,0.9789473684210527,1.0,0.9966555183946488,1.0,0.9911709911709912,0.9774948852011821,0.9847288046340179,0.9731031816617094,0.9785421994884911,0.9840697674418605,0.9714285714285714,0.973980303030303,0.9841269841269841,0.9967741935483871,0.9935650396115512,0.9885714285714285,1.0,0.9762985048828969,0.9791044776119403,0.9758278060897846,0.9673654659079909,0.9723529310374546,0.9803921568627451,0.9791887268375892,0.992866852471203,0.9876530324400564,0.992,0.9838709677419355,0.9797297297297297,0.9787703202961533,0.9750048750243752,0.9803830583027484,0.9641285504733964,0.9683805535232233
394873,283,"Monroe, MI",msa,MI,0.9741507674631424,0.9754877438719359,0.9776844070961718,0.9826086956521739,0.9829311359623308,0.9979536152796726,0.9969989996665555,0.9940928986012194,0.9875,0.9778695610892063,0.9792607514493994,0.9739826551034023,0.9836254501800721,0.9732926739296166,0.9846458498353274,0.9784796314038092,0.9855908948567416,0.989995282833531,0.9843454232017307,0.9889068560808559,0.9918062946008988,0.9829311359623308,0.9777274443186108,0.9755063199486956,0.969752459989481,0.9781314469869831,0.9841090972612945,0.9883666821777571,0.9881380027482468,1.0,1.0,1.0,1.0,1.0,1.0,0.997015457051699,0.9949320742623474,1.0,1.0,1.0004001600640255,1.004531145956415,1.0123602118893467,1.0,1.0,1.0005132537244046,1.0,1.0,1.0,1.0,1.0,1.0,1.0227904391328515,1.0211151127117515,1.013164823591364,1.0,1.0003847633705272,1.0,1.0,1.0,0.987544679403574,1.0,0.9767441860465116,0.9934460158675406,1.0004257130693912,1.0,1.0004579861039191,1.001001001001001,1.0003853338297155,1.0,1.0,1.0,0.9873375206546735,0.9880455990876054,0.985630203347148,1.0,1.0,1.0004764173415912,1.0,1.0004001600640255,1.0,0.9971428571428571,1.0,0.9926382086666892,1.0,0.9951230164406026,1.0,1.0,1.0,1.007097941862369,1.0,1.0,1.0,1.0,1.0,1.0,0.9890700172620128,1.0
395066,284,"Santa Fe, NM",msa,NM,0.9694117647058823,0.9752956937799043,0.9732977303070761,0.9786724478445439,0.9803921568627451,0.9833564173591874,0.9833055091819699,0.98,0.9753086419753086,0.98,0.9761913348101592,0.9785566536428407,0.9743260167424692,0.9724238026124818,0.9717868338557993,0.986159169550173,0.9880431675242995,0.9844630937481376,0.9851023691949176,0.9837843137254902,0.9822222222222222,0.9766859494506348,0.9795918367346939,0.9731236546280795,0.9746835443037974,0.9799426934097422,0.9861960267704866,0.9791665253806245,0.9809666809666809,0.987012987012987,0.9830508474576272,0.9834425739670112,0.9925815207423981,0.98946009894601,0.9891747052518757,1.0,0.9859154929577465,0.9901081916537867,0.9885714285714285,1.0,1.0,1.0,1.0,1.0,1.0,1.0,1.0,1.0,1.0,1.0,1.0,1.0224494332073795,1.0054054054054054,1.005586592178771,1.0,0.993465795439392,0.9922077922077922,1.0,0.9873417721518988,0.9863829787234043,0.9851301115241635,0.9807692307692307,0.9782608695652174,0.9905396994754156,0.9986187845303867,0.9989041095890411,1.0,1.0,0.9872665534804754,0.9838709677419355,0.986046511627907,0.9807692307692307,0.9794285714285714,0.9809523809523809,0.9828463387430588,1.0,0.9936714920868828,0.9962406015037594,0.9935483870967742,0.9789702683103698,0.9858956276445698,0.9873284216975532,0.9693593314763231,0.9726336638596841,0.9694656488549618,0.9746835443037974,0.9813084112149533,0.985285710903119,0.9832701030927835,0.9845559845559846,0.9815950920245399,0.9815242494226328,0.9780104712041885,0.9727157894736842,0.9753048780487805,0.9766536964980544,0.9732558139534884
394493,285,"Concord, NH",msa,NH,,,,,,,,,,,,,,,,,,,,,,,,,,,1.0,1.0,1.0196229318968835,1.0002667377967458,1.000118067978533,1.0154449556391651,1.000312597686777,1.0048979829244011,1.0002451968428754,1.0022541252201371,1.0005211156097196,1.0080714639890913,1.0115682766845557,1.0335570469798658,1.0505923220806983,1.0534493827863702,1.0447447447447447,1.028131868131868,1.0213513513513512,1.0175438596491229,1.0125,1.0181105413784879,1.0046828437633035,1.0367892976588629,1.0446542726679713,1.0692637818230164,1.053658536585366,1.0619469026548674,1.0296010296010296,1.023076923076923,1.0063636363636363,1.0021124367590426,1.0001196838029076,1.0000908622325366,0.9870171824523619,1.0,1.0025062656641603,1.0216216216216216,1.0321344967014259,1.0273104937370712,1.0350192771084337,1.0094488462909972,1.0167130919220055,1.0112640722110864,1.0000600545950864,1.0,1.0,1.001760782570031,1.0179735931602165,1.000250062515629,1.0326442687747035,1.0265859436693867,1.0212588578574406,1.001333511134818,1.0002493035890654,1.0,1.000026638524436,1.0,1.0,1.0,1.0081866783281526,1.0002350998206904,1.003584229390681,1.0024301930403863,1.0103009920257207,1.0,1.0,1.0,1.0,1.0,0.9910892889616294
394314,286,"Alexandria, LA",msa,LA,,,,,,,,,,,,,,,,,,,,,,,,,,,,,,,,,,,,,,,,,,1.0,1.0,0.9827437446074202,0.9907291206363235,0.9936652190393238,1.0,0.9803918169209431,0.9782608695652174,0.9894736842105263,0.9800608313619465,1.0,1.0,1.0,0.9849514163372859,0.9795918367346939,0.9761812376665706,0.9781400518710633,0.975,0.9749910682386567,0.9666666666666667,0.9808379343942839,0.9701440453367727,0.9801960784313726,0.9921064960204282,0.9849184364419822,0.9803921568627451,0.9876594098051752,0.9780193236714976,0.9754518072289157,0.971689723320158,0.9713436101721067,0.9714285714285714,0.990763728171681,0.9803921568627451,0.9763779253140955,0.9749670619235836,0.9749785407196325,0.9719839908519153,0.9655172413793104,0.9945255474452555,0.9823137744486059,0.9782608695652174,0.9859030888030889,0.9809929629583172,0.9896541686073591,0.986268875521916,0.975909090909091,0.9832167832167833,0.9772727272727273,0.9807692307692307,0.9737386507298011,0.9954337899543378,1.0,0.9828080229226361,0.9882473627830128,0.9723570866502106
395163,287,"Traverse City, MI",msa,MI,0.9709971338895206,0.9713410483321987,0.9653966752266729,0.9785784184172744,0.9955665249782897,0.9777171441564347,0.9728230301170936,0.9830996833475936,0.9848821698532682,0.9692307692307692,0.9681250978216018,0.9697487191998049,0.9774326898326899,0.9818035835023664,0.9826286551824901,0.9723889555822329,0.9729583558680368,0.9904534606205251,0.9956653043070374,0.9822222222222222,0.9811465948441709,0.9770114942528736,0.9710872053101396,0.9727431857964491,0.9707241910631741,0.979419007310504,0.9760689062798245,0.9767414269481929,1.0,0.9901433691756273,0.9959349593495935,0.9888847721378288,1.0,0.9964606139850607,1.0,0.9926077717061323,0.9922480620155039,1.0,1.0,1.0,1.027681660899654,1.014573160616298,1.0007147962830594,1.0,1.0,1.0,1.0,1.0,1.0,1.0,1.0,1.008,1.0434782608695652,1.018181818181818,1.0,1.0,1.0,0.9886233777178494,0.9874015748031496,0.9706209719318497,0.9754010695187165,0.9956063268892794,0.9974874371859297,1.0,1.0,1.0,1.0,0.9941176470588236,0.9845867838431638,0.983739837398374,0.9851851851851852,0.9798582995951417,0.9766621284320399,0.9851984995311035,1.0,0.9849184364419822,1.0,1.0,0.991578947368421,0.9914623734601781,0.9881013967925505,0.9829596036487027,0.975162527087848,0.97165991902834,0.9717062017719348,0.9830976198689203,0.9795612341051236,0.9921734858551476,1.0,0.9927721776524172,0.9896825396825397,0.9901711539525193,0.9733333333333334,0.9780821917808219,0.9741924741924741,0.9747578980790602,0.9687297112078294
394359,288,"Bangor, ME",msa,ME,,,,,,,,,,,,0.9642203127201014,0.9523809523809523,0.9658502932045533,0.9910638297872341,0.9784172661870504,0.985663082437276,0.9851205746536685,0.9939083139083139,0.975609756097561,0.9780262675933263,0.9892647430390622,0.9777171441564347,0.9750565620779768,0.9855839952927331,0.9988826815642458,1.0,0.9800485744816038,0.9857280329553733,0.9808612440191388,1.0,1.0,1.0,1.0,0.9926000798982095,0.9781818181818182,0.9967666149554377,0.9755487499847484,0.9978354978354979,1.0,1.0001250312578145,1.0,1.0,1.0,1.0,1.0,1.0,0.991304347826087,0.9878527637475945,1.0,1.0,1.0169491525423728,1.0,1.01364522417154,1.0,1.0,0.9877006288609189,0.9997534549622187,0.9801458271750911,0.987624140565317,0.9849415421044843,0.9830361026533275,0.9819238323666317,0.986159169550173,1.0,1.0,1.0,0.9972214504028897,1.0,0.9867781155015198,0.9851470142467414,0.9818181818181818,0.9847198641765704,1.0,0.9866220735785953,1.0,1.0,1.0,1.0,0.991304347826087,0.9769121978909361,0.9774322151795612,0.9777777777777777,0.9778027872228341,0.9701940388077616,0.9770114942528736,0.9818451278251205,0.9878030714532615,1.0,1.0,0.9881887933038829,0.9936406995230525,0.9811320754716981,0.9736805565306387,0.9849497906896754,0.9748601390416891,0.9806351952545724
394685,289,"Homosassa Springs, FL",msa,FL,0.9615919100354898,0.9618543790344116,0.9608654060629473,0.9660258953366754,0.9652173913043478,0.9706070167530614,0.963855421686747,0.9669199125306962,0.9629355077835434,0.9639869043288468,0.9678582032780434,0.9621842063450029,0.950950950950951,0.9546771579220197,0.9650023415829101,0.9691767172425843,0.9675267382556113,0.9620935511111783,0.9681093394077449,0.9655172413793104,0.9649749821300929,0.9652736904061212,0.9688482423549586,0.9671509161447438,0.9628374136848713,0.9642404628446811,0.969743987587277,0.9733155436957972,0.9605145625986236,0.96875,0.975609756097561,0.9791368645014487,0.9778432335133366,0.9795748228428511,0.9779403128779167,0.9798994974874372,0.9803571428571428,0.9771986970684039,0.9797874114214256,0.9957932160933411,1.0,1.0,1.0,1.0,1.0,1.0,0.9966152688980819,1.0,0.9821364773133262,0.9989577905158937,1.0,1.0,1.0,1.0,0.9905882352941177,0.9825132494293813,0.980552322029211,0.9733149104426126,0.9693053369157385,0.9698996655518395,0.96810988278144,0.9720385070538646,0.973592958122166,0.9719438877755511,0.9771343803813357,0.9810449759932063,0.9795064879098493,0.9779867084528017,0.9787611821104645,0.9813649345355896,0.9659969088098919,0.9726313576580956,0.9733923303834808,0.9719438877755511,0.9733531034390633,0.9638658838201015,0.98,0.9755291005291006,0.9734513274336283,0.975609756097561,0.9733036707452726,0.97629232954989,0.9696558738769283,0.9714285714285714,0.9607791524085285,0.9664429530201343,0.9684426899334935,0.9717363426519621,0.9744135297326786,0.9741969457609269,0.9690528290090653,0.9656646035956381,0.9714285714285714,0.9679925893635571,0.9622294380635057,0.9619238476953907,0.9698678764072219
394662,290,"Hanford, CA",msa,CA,,,,,,,,,,,,,,,,,,,,,,,,,,,,,,,,,,,,1.0003077870113881,1.0,1.0,1.0001786352268667,1.0,1.0188679245283019,1.0068920187793426,1.0281913837601748,1.0018634727046014,1.0263157894736843,1.005586592178771,1.0,1.0,1.0001163061177016,1.009375,1.0048329409634191,1.0003751563203458,1.0131750209701211,1.0046367851622875,1.0,1.0,1.0,1.0,0.9931776556776557,1.0,0.9868747695710951,1.0,1.0,1.0,1.0,1.0,1.000100020004001,1.0,1.0,1.0,1.0,0.9899749373433584,1.0,1.0,1.0,1.0,1.0,1.0,1.0,1.0,1.0,1.0,1.0002481832940746,1.0,1.0,1.0,1.0,1.0,1.0,1.0,1.0,1.0,1.0,1.0,1.0,1.0,1.0
394723,291,"Jefferson City, MO",msa,MO,,,,,,,,,,,,,,,,,,,,,,,,,,,,,,,,,,,,,,1.0,1.0,1.0,1.0,1.0,0.9786529628450589,0.9982685648326279,1.0,1.0,1.0,1.0,0.9926401885494834,1.0,1.0,1.0001923816852636,1.0,1.0004764173415912,1.0,1.0,1.0,0.9882352941176471,0.9869565217391304,0.9755993446015867,0.9666080843585237,0.9873248832555037,0.9944966090048545,1.0,1.0,1.0,1.0,1.0,1.0,1.0,1.0,1.0,0.9963942307692308,0.9933283914010378,1.0,1.0147319330465274,1.0,1.0,1.0002780696388671,1.0,1.0,1.0,1.0,1.0,0.9836065573770492,0.9874245672391038,1.0,1.0,1.0,1.0,1.0,1.0,1.0,1.0,0.9924230944082437,1.0,1.0
394598,292,"Florence, AL",msa,AL,,,,,,,,,,,,,,,,,,,,,,,,,,,,,,,,,,,,,,,,,,,,,,,,,,,,,,,,,,,0.9682165979988229,0.9649749821300929,0.9801883802019653,0.9658421316738581,0.9776709678234898,0.9716981132075471,0.9982905982905983,1.0,0.9941350682246815,0.994269072043582,0.9729737907865358,1.0,0.976482617586912,0.9776751347190146,0.9805031368747097,0.9893800473477673,0.9765028328053318,0.9705156036503388,0.9798947264217581,0.9772776966336356,0.9746835443037974,0.9864583333333333,0.973779689229034,0.9802215705441512,0.9847964951833545,0.9617871688552722,0.9702282538787166,0.9752438109527382,0.9742855043714642,0.9732514779445203,0.9797917942437232,0.9736088500942945,0.9636363636363636,0.9831145436199038,0.9676016525331593,0.9666666666666667,0.9774906210921217,0.9698996655518395,0.9647163532520338
394537,293,"Dothan, AL",msa,AL,,,,,,,,,,,,,,,,,,,,,,,,,,,,,,,,,,,,,,0.9813829787234043,0.9868421052631579,1.0,0.9854014598540146,1.0,0.991354601290837,0.998927805575411,0.9754877438719359,0.9626274065685164,0.9930200093066542,0.992462311557789,0.9874476987447699,1.0,1.0,0.993920972644377,0.9912804038549794,0.9924812030075187,0.9695817490494296,0.9673469387755103,0.9853520017993702,0.9686221009549796,0.9720044089689382,0.9765886287625418,0.9895833333333334,0.9961198973792745,0.9755136986301369,0.9675444371296906,0.9657401151754978,1.0,0.9902912621359223,0.9830976198689203,0.9964858320990556,0.9799834898527982,0.9736041621024718,0.9731788645690834,0.9777777777777777,0.9735219565896951,0.9714285714285714,0.9803921568627451,0.9745796606519298,0.9791740343431962,0.9836734693877551,0.9835164835164835,0.9686938775510203,0.9628252788104089,0.9745132541313367,0.9664429530201343,0.974638145254259,0.9733036707452726,0.976349302607641,0.9699525566684238,0.9788359788359788,0.9764544242075319,0.9685019841269842,0.9756674269740495,0.9789014510816345,0.9730517241379311,0.9596146721007781,0.9752240379546653,0.9743305190744215
394802,294,"London, KY",msa,KY,,,0.9462219196732471,0.9656652360515021,0.9629629629629629,0.9631221719457014,0.962278675904542,0.9545454545454546,0.9571212336218722,0.9554317548746518,0.9515274698201528,0.9432112970711297,0.9759979808793714,0.9424460431654677,0.9748603351955307,0.9593664026677782,0.962278675904542,0.9500546792976347,0.9838799332962757,0.96,0.963855421686747,0.995260663507109,0.9590163934426229,0.9692307692307692,0.9608649274446216,0.9546853625170999,0.9580645161290322,0.9663865546218487,0.96441520190842,0.96,0.9696558251233327,0.975609756097561,0.9705310245882813,0.9876859928168291,0.9742120343839542,0.9661016949152542,0.9652587661871931,0.9752627370643477,0.9684200446584151,0.9805194805194806,0.9767441860465116,0.9952488122030507,0.9899598393574297,0.9701492537313433,0.9675387672674005,0.9595959595959596,0.9628314221445724,0.9620318111852232,0.9797979797979798,0.981124952812382,0.9821300929235168,0.9873391375495149,0.9798541373898593,0.9610317715019255,0.9632643884892087,0.9641662922135141,0.9645061728395061,0.9537210756722951,0.9206137424949966,0.9553183101190701,0.9375,0.9623430962343096,0.9520367291542743,0.962273229023558,0.9665453456236824,0.9741785115632631,0.9803921568627451,0.9557344064386318,0.9707187793680152,0.9600577478344562,0.9550023875059688,0.9504320145520692,0.9611451942740287,0.9809819639278556,0.9827237964506323,0.9717062017719348,0.9606060606060606,0.9629629629629629,0.9529214038556599,0.9558139534883721,0.9540060279744242,0.9774479895979196,0.961038961038961,0.9575506221029519,0.9535020600353149,0.9681427069510707,0.9669218151995627,0.9620867208672087,0.9636363636363636,0.9648763350473063,0.96,0.9652402591424696,0.9511744084136722,0.9672040022234575,0.9533594259621656,0.9552931936297856,0.9425852593723669
394306,295,"Albany, GA",msa,GA,,,,,,,,,,,,,,,,,,,,,,,,,,,,,,,,,,,,,,,,,,,,,,,,,,,,,,,,,,,,,,,,,,,,,,,,,,,,,,0.97192646161889,1.0,1.0,0.9913005654632449,0.9796238244514106,0.9738589615976277,0.9863664790494059,0.9701492537313433,0.9949972206781545,0.9811437713638,0.9897610921501706,0.9935897435897436,0.9882005899705014,0.996783416726233,0.9803921568627451,0.9924801778436458,0.9942843534174803,0.980327868852459,0.9732536764705882,0.9787108680726324
845167,296,"Ottawa, IL",msa,IL,0.9386733416770964,0.9387755102040817,0.9323289260993908,0.9623630300142926,0.956289050829404,0.9581564584596726,0.9619377162629758,0.9584664536741214,0.96,0.9428571428571428,0.9548008171603677,0.9433962264150944,0.9459459459459459,0.9333333333333333,0.9458823529411765,0.9590519090519091,0.958904109589041,0.9685534591194969,0.9475404196766426,0.9552675458541762,0.9579331906453457,0.9600537092984223,0.9474580170232344,0.9642601858470335,0.9449694274596998,0.9386281588447654,0.9530100334448162,0.9606299212598425,0.9557637571157496,0.9699095022624434,0.9687836383207751,0.972850122850123,0.9697280656747049,0.9838709677419355,0.9603841536614646,0.9665453456236824,0.9544008483563097,0.9660414766161893,0.9669811320754716,0.9899497487437185,0.9884688413777389,1.0,1.0,0.9955681084085753,0.9799998666657778,0.9814814814814815,0.9803921568627451,0.9741318477251626,0.9849221435793731,0.9496835443037974,0.9659090909090909,0.9769956291695422,1.0,1.0,0.9743894001981059,0.986923076923077,0.9696010413702043,0.9688581314878892,0.9666666666666667,0.9601344188186346,0.9746835443037974,0.9407407407407408,0.9676184235161955,0.9851815398075241,0.9635416666666666,0.9884615384615385,0.9973684210526316,0.9783783783783784,0.9889005368658471,0.9801507924296046,0.9929500194572467,0.9771796655783282,0.9689922480620154,0.9764705882352941,0.9790746302912112,0.9897610921501706,0.9932530225108309,1.0,1.0,0.9879966527258623,0.9926829268292683,0.9754877438719359,0.9883720930232558,0.9742120343839542,0.9821753364859949,0.9702850212249848,0.9808034163584725,0.9910522929469971,0.9906976744186047,0.998676081200353,0.9837898267188373,0.9924528301886792,0.9941897998708844,0.9829260106409428,0.9795748228428511,0.9738955823293173,0.9734162610420047
395102,297,"Sioux City, IA",msa,IA,,,,,,,,,,,,,,,,,,,,,,,,,,,,,0.9973521624007061,0.9833372442383168,0.9841426054381816,0.9916317991631799,0.9889601554907678,0.9992307692307693,1.0,1.0,0.9796610169491525,0.9815242494226328,0.9903678929765887,0.9888888888888889,1.0,1.0,1.0,0.9987212276214834,0.994392523364486,0.9863074941274532,0.9794180269694819,1.0,0.9774399195021262,0.9823529411764705,1.0,1.0002222716159146,1.0,1.0,1.0,1.0,1.0,0.9794246098140664,1.0,0.9823563571770171,0.9714285714285714,0.9723809523809523,0.9915966386554622,0.9756783262504086,0.9978260869565218,0.9894736842105263,1.0,1.0,0.9894459102902374,0.9983256592716618,0.9850713012477719,0.9920519806095954,1.0,0.9692929292929293,0.9655508514495543,0.983996686786299,0.9847943667721196,1.0,0.9928198814610296,0.9816498316498317,0.9872611464968153,0.9823008849557522,0.9915417450073682,0.982532751091703,0.9756888606602792,0.9770825036915389,0.9823182711198428,0.988817570639162,0.9808627450980392,1.0,0.987805295618581,0.9811021865238733,0.989247311827957,0.9831279351156227,0.972492358988608,0.9842431761786601,0.9775252525252525
395223,298,"Wichita Falls, TX",msa,TX,,,,,,,,,,,,,,,,,,,,,,,,,,,,,,,,,,,,,,1.0,1.0,1.0,1.0,1.0,1.0,1.0,1.0,1.0,1.0,0.9952573859585648,0.96875,1.0,1.0,1.0,1.0,1.0,1.0,1.0,0.9745762711864406,0.9705609793289287,0.9691119691119691,0.9638438431442213,0.9699921031850487,0.9615384615384616,0.9748652168765047,1.0,0.9946666666666667,1.0,0.9997574875712381,1.0,0.9818685810900762,0.9849392712550608,0.9859720649301623,0.9758246951066247,0.9776393646838991,0.9922077922077922,0.9899749373433584,1.0,1.0,1.0,1.0,0.9821559647926208,0.9865659109991604,0.995,0.9741914358542947,0.9717607973421927,0.9817975300819684,0.9920868491459147,0.9864367816091955,0.9978298649702968,0.9840034587116299,0.9852463115778944,0.985373364126251,0.987012987012987,0.9888888888888889,0.9911164721261989,0.9799899949974987,0.976880598534202,0.9803594662273045
395182,300,"Valdosta, GA",msa,GA,,,,,,,,,,,,,,,,,,,,,,,,,,,,,,,,,,,,,,,,,,,,,,,,,,,,,,,,,,,,,,,,,,,,,,,,,,,,,,,,,,,,,1.0,0.9688394404367408,0.9919839679358717,0.9926703898196771,0.9988503104161877,0.9964896884598509,0.9897895394873932,0.9834546433811018,0.9846153846153847,0.9886792452830189,0.9907120743034056,0.9780907668231612,0.9834190966266438
394800,301,"Logan, UT",msa,UT,,,,,,,,,,,,,,,,,,,,,,,,,,,,,,,,,,,,,1.0,1.0,1.0,1.0147868947521022,1.0146699266503667,1.004430337355814,1.0254486367470301,1.0138888888888888,1.000100010001,1.0,1.0,1.0,1.0,1.0,1.0075566750629723,1.01437721684631,1.0098581973581973,1.0,1.0,0.9902470741222367,0.9848692059353786,0.9858597956268542,0.9733276992987935,0.9776196606551046,0.9810300076886781,0.981675392670157,0.9910892889616294,0.9859959988568162,0.9884813981199523,0.9902754476899565,0.9882352941176471,0.9847669105286834,0.9791568445295309,0.9847687693209304,0.9829325332039006,0.9800060309194946,0.9793856411462725,0.9909561780140395,0.987012987012987,0.9932785660941,0.9883305548940224,0.9980952380952381,0.9910913140311804,0.9912280701754386,0.9873873682796555,0.9911053179802336,0.9869298479594558,0.99,0.9984449778709368,0.984649048981653,0.9864573783395842,1.0,0.9904761904761905,0.9888173639449543,0.9923799369693287,0.9888953316187359,0.9900595193993726,0.9866468842729971,0.9993548387096773,0.9788418708240535,0.987810825711418
394595,302,"Flagstaff, AZ",msa,AZ,0.9731460950973146,0.9782500000000001,0.9815024537561344,0.9868995633187773,0.9866666666666667,0.9866920152091255,0.9821430231266297,0.9799713876967096,0.9805789167944484,0.9797959183673469,0.9748497517637836,0.9696969696969697,0.9817073170731707,0.9770107281682917,0.9838447297746874,0.9798550724637681,0.9865716634694437,0.9842861855197267,0.9847319347319348,0.984182776801406,0.9856115107913669,0.978733827408617,0.9817767653758542,0.9836065573770492,0.9799599198396793,0.9769435215946843,0.9879565772669221,0.9924050632911392,0.9859154929577465,0.9916596270858584,0.9883696359594627,0.9972394755003451,1.0,1.0,1.0,1.0,1.0,1.0,1.0,1.0041666666666667,1.01514116575592,1.0127720154565791,1.010197197716658,1.0,1.0,1.0,1.0,0.9987343656938654,1.0,1.0080106809078773,1.030284301606922,1.0027655207215596,1.0250569476082005,1.0,0.9908891080159414,0.98681218735789,0.9785877167141284,0.9772492244053774,0.9768115942028985,0.9736842105263158,0.9669478908188586,0.9767441860465116,0.9834972495415902,1.0,0.9866810548722801,0.9927753956279279,0.9889463184313831,0.9817467872441694,0.9818181818181818,0.9864892498537887,0.9818181818181818,0.9749149030634897,0.9743555526786556,0.9765625,0.9904522613065326,0.9817749896212925,0.9854100482409696,0.9849683553241115,0.9848588994539276,0.9773328901023424,0.9858551221603086,0.9850107066381156,0.9799966661110185,0.9709090909090909,0.9777777777777777,0.9847185768445611,0.984897245521121,0.9947826086956522,0.9872601334683597,0.9864864864864865,0.980980980980981,0.9715800100959111,0.9771428571428571,0.9703418914680978,0.9692307692307692,0.971042471042471,0.975975975975976
395036,303,"Rocky Mount, NC",msa,NC,0.9731382410188905,0.9668637761555303,0.978921043229725,0.9750566893424036,0.9732700228832951,0.9812144421369229,0.9734513274336283,0.9825659542532801,0.9750060937880862,0.963855421686747,0.9711595055915244,0.9826589595375722,0.9683715542691937,0.9726041537635741,0.9779587791435508,0.9658249932635281,0.9841477034761972,0.980544747081712,0.9763786412814853,0.9885714285714285,0.9740217773094486,0.9742120343839542,0.9874756930833852,0.9428571428571428,0.9831387657754218,0.9748589020010262,1.0,0.9773812324666812,0.9804528463608009,0.9779889944972486,0.9803921568627451,0.9823604030540197,0.9906493780307822,0.9973118279569892,1.0,1.0,1.0001219809709685,0.9991539763113367,0.9957264957264957,1.0,1.0,1.0003638890245696,1.0004349717268377,1.0002866174304637,1.0,1.0,1.0,1.0,1.0,1.0,1.0005324994300657,1.0,1.0057418040377848,1.0,1.0,1.0,1.0,0.9878787878787879,0.9799918334013883,0.9850364790760888,0.9897895394873932,0.9847425724794318,0.9766548110014197,0.9931509871203924,0.9883575988141733,0.9887819423011535,1.0,1.0,1.0,0.9952370249736557,0.9801458271750911,0.9787234042553191,0.98,0.9763617677286742,0.9760239520958084,0.9851301115241635,0.9928031763862395,0.9895634377144844,0.9803921568627451,0.9789303079416531,0.9871383715168001,0.9909449825257817,0.9895514738143865,0.9788510600101455,0.9792098919418093,0.9660798626019751,0.9717062017719348,0.9821157926644438,0.9922879177377892,0.9878933505845386,0.9794585951899802,0.9710206876863927,0.9873329255633041,0.975609756097561,0.9759358288770054,0.980187969924812,0.9766277128547579
395000,304,"Pottsville, PA",msa,PA,,,,,,,,,,,,,,,,,,,,,,,,,,,,,,1.0,1.0,1.0,1.0,0.9919289325816347,1.0,1.0,0.9892023615056342,1.0,0.9973544973544973,1.0,1.0,1.0,1.0,1.0,1.0,1.0,1.0,1.0,0.9908728715203797,1.0,1.0,1.0,1.0,1.0,1.0,1.0,1.0,0.9783666846944294,0.995268817204301,0.9804924534383452,1.0,1.0,1.0,1.0,1.0,1.0,1.0,1.0,1.0,1.0,1.0,1.0,0.9731232622798888,0.9764705882352941,0.9872357723577236,1.0,1.0,1.0,1.0,1.0,0.9940552385572692,1.0,0.9890524726311816,0.9844546371088255,0.9645100873401637,0.9776751347190146,1.0,1.0,0.9949989793835476,1.0,1.0,1.0,0.9725490196078431,1.0,0.9853687667960586,0.9851872165958189,0.9686153846153847
394515,305,"Dalton, GA",msa,GA,0.9795779441797141,0.9603841536614646,0.9764406171510585,0.9861017592928298,0.9666666666666667,1.0,0.9668010752688172,0.9742427707785613,0.9932118613790639,0.9946414674819344,0.9669523426365148,0.9952324195470799,0.9584295612009238,1.0,0.9658119658119658,0.9727071101148486,0.9781632493205188,0.9777171441564347,0.9900670622520277,0.993102104808577,0.979706088173548,0.9743589743589743,0.9774590934737634,0.9682539682539683,0.9667475579532894,0.9712577373979079,0.978604118993135,0.9787084462113764,0.9673366834170855,0.9784096893101633,0.9820956500841144,0.9809579128067007,0.9837301369109803,0.989468141126909,0.9838295845624385,1.0,0.9891833423472147,0.9943977591036415,1.0,0.9929292929292929,1.0,1.0,1.0,0.9878165312947922,1.0,1.0,1.0,1.0,0.9923076923076923,0.9983322214809873,0.9879939969984992,1.0,1.0,1.0,0.9963629750863794,0.9925093632958801,0.9836011807149885,0.9874326750448833,0.9746818689028832,0.9878857142857143,0.9705606757640262,0.9693799046007078,0.9967373151434455,0.9809638820096609,0.9769242663590849,1.0,0.9895562770562771,0.9934215475162802,0.9843937575030012,0.9871722408032417,0.9843405921213604,0.9883953581432573,0.9607686148919136,0.9851701814803804,0.9773923042079466,1.0,1.0,0.9879116298457691,0.9942857142857143,0.9894385769872152,0.9811320754716981,0.9698996655518395,0.9894949494949495,0.9782125389061805,0.9761140819964349,0.96875,0.9787123905156301,0.9858324500169624,0.9818226554494958,0.9773283316001138,0.9834841849148419,0.9899497487437185,0.9838709677419355,0.9740285039701402,0.9782608695652174,0.9735797827903091,0.9733333333333334
394783,306,"Lebanon, PA",msa,PA,0.9802494802494802,0.9931343528034626,0.9766370294000033,1.0,0.985734856446088,1.0,0.9927298448298415,0.982825246887076,0.9951320261437908,1.0,0.9952506552059526,0.9966644429619747,0.9909810957978616,0.9846124643325128,1.0,0.9992854590925331,0.9913835265043511,1.0,1.0,1.0,0.992,1.0,0.9830508474576272,1.0,0.9823612742726833,0.9884615384615385,1.0,1.0,1.0,1.0,1.0,1.0,1.0,1.0,1.0,1.0,1.0,1.0,1.0,1.0,1.0,1.0,1.0,1.0,1.0,1.0,1.0,1.0,1.0,1.0,1.0151545913775497,1.0020408163265306,1.023833501174891,1.0105062465505996,1.0,1.0,1.0,1.0,1.0,1.0,1.0,1.0,1.000290753026107,1.0,1.0078627591136526,1.0056022408963585,1.0141823391429263,1.0005002501250626,1.0007147962830594,1.0,1.0,1.0,1.0,1.0,1.0,1.0,1.0,1.0,1.0,1.0,1.0,1.0,1.0,1.0,1.0,1.0,1.0,1.0,1.0,1.0,1.0,1.0,1.0,1.0,1.0,1.0,1.0
394880,307,"Morristown, TN",msa,TN,0.96826688364524,0.9717812340054274,0.9801960784313726,0.980653769179453,0.9758812615955473,0.9847878302642114,0.9830138961394088,0.9722381749202617,0.980961685025067,0.9675267382556113,0.9652509652509652,0.988,0.9747606614447345,0.9809069212410502,0.9872653939322025,0.9716014065200549,0.97868638538495,0.9803921568627451,0.9774266365688488,0.9819639278557114,0.9815024537561344,0.9808067419194652,0.9721130348273128,0.9786276715410573,0.9840713937175799,0.9755207100591716,0.9788166544923301,0.9888579387186629,0.9821428571428571,0.9865005192107996,0.9890300230946882,0.9814126394052045,1.0,0.9927982367006757,0.9935253404777852,0.991304347826087,0.97868638538495,0.989468141126909,0.9934234396725334,1.0,1.0,1.0,1.0,1.0,1.0,1.0,1.0,0.9845611089762788,0.996907673412178,0.9974424552429667,1.0,1.0,1.0,1.0,1.0,0.9723260834144282,0.9705882352941176,0.9766158343032831,0.9717062017719348,0.9814566262596447,0.9714341224806999,0.9819383929009762,0.9943619835895454,0.9918803418803419,0.9989653983216462,0.9948205036613681,0.9867531765341985,0.9830086426510437,0.9782608695652174,1.0,0.9723322905804658,0.9803921568627451,0.9696325627864222,0.9864392831474458,0.9776872595609867,0.986453629732546,0.98989898989899,0.9851851851851852,0.9854927463731866,0.9885363184458831,0.9688581314878892,0.977622202775347,0.975,0.973366564350707,0.9722222222222222,0.9741223027353673,0.9724307270681107,0.9886020004652245,0.9739405106607002,0.9769713886950454,0.971830985915493,0.97,0.9696969696969697,0.976221254010571,0.971304347826087,0.9811058002581478,0.9698484848484848
395232,308,"Winchester, VA",msa,VA,0.9925460965084347,0.9774436090225563,0.9951831541504681,1.0,0.9926367271941202,0.9969984930054643,0.9950609756097561,0.9885714285714285,0.9859154929577465,0.9841580279265739,0.9900990099009901,0.9857142857142858,0.9801902520349122,0.9803921568627451,0.9820730147534377,1.0,0.9960408418420504,1.0,0.9911504424778761,0.9991392091967592,0.9849712708578165,0.9903865199740769,0.9802614204769786,0.996875,0.987612989621694,0.9941360970953225,0.9942857142857143,0.9947077058380915,0.9935952916738792,1.0,1.0,1.0,1.0,1.0,1.0,1.0,1.0,1.0,1.0,1.000555864369094,1.0210753173395548,1.000196116885664,1.0094891167476163,1.0000043478449907,1.0,1.0,1.0,1.0,1.0,1.0,1.0,1.0003847633705272,1.0093907186904998,1.0,1.0,1.0,0.9924523744793575,0.9918327283023289,1.0,0.9901980396079216,1.0,1.0,1.0,1.0,1.0,1.0,1.0,1.0,1.0,1.0,0.9934408602150537,0.9836522661029197,0.9915068493150685,1.0,1.0,1.0,1.0,1.0,1.0,1.0,1.0,1.0,1.0,0.9898454076993028,0.9966939890710382,1.0,1.0,1.0,1.0,1.0,1.0,1.0,1.0,1.0,0.998330550918197,0.9900654664484452,0.9852631578947368
395221,309,"Wheeling, WV",msa,OH,0.9418682795698925,0.9695526809803473,0.950950950950951,0.9447943682845499,0.9505941213258287,0.9549052928254653,0.9560867148415787,0.9570957095709571,0.9479317010470824,0.957818352059925,0.9504752376188094,0.9193548387096774,0.95,0.9318367225303688,0.95,0.95,0.9395018877116064,0.9537433155080214,0.9569377990430622,0.9697525505679856,0.9464575446187128,0.9433962264150944,0.9392850562004791,0.965382256297919,0.9338498646511051,0.9525925925925925,0.9637561089974763,0.954181786385695,0.9660973663208301,0.9820699209319064,0.9682823129251701,0.968968968968969,0.9561998951075148,0.9609554551323434,0.9699769053117783,0.9571122230164403,0.9614672100778066,0.9505941213258287,0.9624593398389591,0.9501583861287095,0.9734811957569913,0.9615919100354898,0.9835294117647059,0.9949423456899349,0.981863664790494,0.970970970970971,0.9508620265627159,0.9568736730360934,0.950950950950951,0.9696969696969697,0.9660919540229885,0.983698707138842,0.9736144463338327,0.9622507122507122,0.9737331541690173,0.9696969696969697,0.9531772575250836,0.9687750200160128,0.9740740740740741,0.9375,0.9509623621044856,0.9649659863945579,0.9873893922534838,0.9724924340683095,0.9621621621621622,0.9558823529411765,0.9583152409900131,0.9744245524296675,0.9539693128752502,0.9601920768307323,0.9668639053254438,0.9463499157922011,0.933982683982684,0.9547738693467337,0.9571428571428572,0.960960960960961,0.9682535885167465,0.9612040133779265,0.9586206896551724,0.9682459677419355,0.9761904761904762,0.9598853868194842,0.9831460674157303,0.9487494175690167,0.9555555555555556,0.9748427672955975,0.965818759936407,0.9663271080928126,0.9777777777777777,0.9646228607918264,0.9538024164889836,0.961038961038961,0.9644866071428572,0.9573809523809524,0.9712940385100479,0.9626530295986362,0.95
394879,310,"Morgantown, WV",msa,WV,,,,,,,,,,,,,,,,,,,,,,,,,,,,,,,,,,,,,,,,,,,,,,,,,,,,,,,,,,,,,0.9765886287625418,0.9706641184902054,0.976,0.9769230769230769,0.9769713247529007,0.9910913140311804,0.9896193771626297,0.9789473684210527,0.978921043229725,0.984251968503937,0.9650166852057842,0.968421052631579,0.9564102564102565,0.9775700934579439,0.9829527371923371,0.9787738207678205,0.9914814814814814,0.9772727272727273,0.9860000997135636,0.979381443298969,0.9807692307692307,0.978021978021978,0.9588638195004029,0.9791666666666666,0.9649749821300929,0.9744349759170063,0.9807730029730883,0.9792367906066536,0.9867531765341985,0.9886178861788618,0.9781659388646288,0.9795918367346939,0.9782720426663489,0.9751904407662265,0.9745454545454545,0.9682539682539683,0.9648842278281998
394756,311,"La Crosse, WI",msa,WI,,,,,,,,,,,,,,,,,,,,,,,,,,,,,,,,,,,,,,,1.0114632501685772,1.0124454496420516,1.0075732244587723,1.0305127463062889,1.0306897275798392,1.01875,1.005749761166042,1.0,1.0004653327128896,1.0007709651783694,1.0,1.000534474000863,1.0160908146711636,1.026533275337103,1.0404217926186292,1.0593220338983051,1.0381679389312977,1.0133630289532294,1.0002326122354035,1.0001299038711353,1.0,0.9877469367341836,0.9763432204701699,1.0,1.0,1.016025641025641,1.0138056702263234,1.0222222222222221,1.0377358490566038,1.0334711294839312,1.0288653901114604,1.0169261843554902,1.0000943574259296,1.0,0.991269552564569,1.0,1.0002857959416975,1.0177164590367525,1.0140689018408446,1.0185388527737547,1.0020762219228985,1.0,1.000185253797703,1.0,1.0,1.0,1.0,1.0015828473650603,1.0,1.004215525574749,1.0130718954248366,1.014494854326714,1.0112910649499516,1.0,1.002821236214414,1.0,1.0,0.985663082437276,1.0
394900,312,"Napa, CA",msa,CA,0.9866078996440074,0.9921875,1.0,0.9898477157360406,0.9916576665030273,1.0,0.9967801633212978,0.9893805309734514,0.9899698340874812,0.985373364126251,0.9839357429718876,0.9810487463408426,0.9780521262002744,0.980182727296526,0.9837434409760836,0.9905482041587902,1.0,0.9934221828028291,0.9899749373433584,0.9840296822068075,0.9824459696626658,0.9846035320611592,0.9837202518185326,0.97555810982716,0.9799554565701559,0.989952169840288,0.9905211141060197,0.9984101748807631,0.9919839679358717,0.9815303430079155,0.9899749373433584,0.9837029323361655,0.9883585564610011,0.9947229551451188,1.0,1.0,1.0,0.9917718137856268,1.0,1.017267909044281,1.016,1.021103564734918,1.0048780487804878,1.0001251553267,1.0,1.0008340283569641,1.0,1.0,1.0,1.0,1.017924831352393,1.0280277063696086,1.0174031476997578,1.0,1.0,1.0,1.0,0.994927536231884,0.9809523809523809,0.9778971897607123,0.9801242236024845,1.0,1.0,0.9948652118100129,1.0,1.0,1.0087591240875913,1.0,1.0,1.0,0.9872080088987765,0.9852254837636449,0.9850157201150579,0.9947994297802378,0.9757575757575757,1.0,1.0,0.9910913140311804,0.9859154929577465,0.9902912621359223,0.9884503411338534,0.9780766973870423,0.9710982658959537,0.9807728627507258,0.9851807621322333,0.9801096230999604,1.0,0.9928785832590139,0.9897980232058444,0.9776207302709069,0.9833953424280006,0.9849246231155779,0.9777777777777777,0.9776536312849162,0.9728183118741058,0.9610321221695629,0.9640922320735847
395013,313,"Rapid City, SD",msa,SD,0.983807161210364,0.9834108389846811,0.9825783972125435,0.983756469094815,0.9877469367341836,0.9837837837837838,0.9865877430181518,0.9877405290084715,0.9828118113706479,0.984230783284411,0.9811222845325043,0.9836829836829837,0.9811859966658728,0.9830686294012334,0.9903961584633854,0.9836065573770492,0.9876318661331394,0.9913597089586176,0.993207543252604,0.988956788713863,0.990562476406191,0.9880952380952381,0.9955223880597015,0.9863851069741595,0.9795265891989057,0.9871794871794872,0.98610284058904,0.988651756960958,1.0,0.9948542024013722,0.99307883896925,0.9924551638837353,1.0,1.0,1.0,1.0,1.0,1.0,1.0,1.0,1.0,1.009090909090909,1.0121556283714184,1.0023085802231628,1.0,1.0,1.0,1.0,1.0002703433360367,1.0023866348448687,1.0022492746687406,1.0,1.0226735581791273,1.0166666666666666,1.0001111358079573,1.0,1.0,0.9877469367341836,0.9932773109243698,0.9853333333333333,0.980326775591864,0.9861932938856016,0.9979995554567682,1.0,1.0,1.0,1.0,0.9991273996509599,0.9914410208527855,0.9967637540453075,0.9929603556872916,0.9818451278251205,0.9829516973193552,0.9896625114016419,0.9851662433321238,0.9895613971389151,1.0,1.0,0.9886512827184879,0.9923612003233169,0.9843260188087775,0.9866156089112348,0.9814814814814815,0.9830508474576272,0.9786218453257503,0.9856989937298754,0.9852352533878466,0.9888504464010686,0.9890552720213253,0.9912854030501089,0.9840991064819427,0.9848101265822785,0.9824479876413739,0.980980980980981,0.9856801909307876,0.9803594662273045,0.9844740593243948
395139,314,"Sumter, SC",msa,SC,0.9739826551034023,0.9834876335527512,0.9829406631762652,0.9866592551417455,0.9777777777777777,0.9846153846153847,0.9882280392999183,0.9831460674157303,0.9803921568627451,0.9875715136434208,0.9781383961573817,0.9892594686263426,0.9845280764635603,0.9684323167469235,0.9834627361933475,0.9861932938856016,0.9906976744186047,0.9810883927139086,0.9902989522554739,0.9881584320130665,0.9961787159240462,0.9828213459611472,0.9864621109740355,0.9789075175770687,0.9884778653729533,0.9970958373668926,0.9915571143215497,0.9821428571428571,0.9882352941176471,0.9920077586090978,0.9930700300121008,0.9943001899936669,1.0,1.0,1.0,0.9926289926289926,1.0,0.9923664122137404,1.0,1.0,1.0,1.0,1.0,1.0,1.0,1.0,1.0,0.9948867062979236,1.0,1.0,1.0,1.0,1.0,1.0,1.0,1.0,1.0,1.0,1.0,0.9846446897838594,0.9735901860578305,0.989010989010989,1.0,0.9938747231347036,0.9928909952606635,0.9830976198689203,1.0,0.986159169550173,0.9897959183673469,0.9795811627422379,0.9934663865546218,0.9832635983263598,0.9893716124661247,0.9875243794032187,0.9932885906040269,0.9888169511477339,1.0,1.0,1.0,0.9851301115241635,0.988063597532036,0.9842509920634921,0.9819878237688677,0.9790347232493826,1.0,0.9818129116193789,0.9811616490211155,0.988798764001545,0.9791304347826086,1.0,0.986046511627907,0.9951219512195122,0.9865663307123493,1.0,0.9809523809523809,0.9870064967516242,0.9981992797118848
394577,315,"Eureka, CA",msa,CA,,,,,,,,,,,,,,,,,,,,,,,,,,,,,,,,,,,,,,,,,,,,,,,,,,,,,,,,,,,,,,,,,,,,,,,,,,,,,,,,,,,,,,,,,,,,0.9777227722772277,0.9759887005649718,0.9799498746867168,0.968421052631579,0.9729536976080755,0.9792458370464454
395117,316,"Springfield, OH",msa,OH,0.976374805137386,0.9741969457609269,0.9811465948441709,0.9854559327942443,0.9883826583592938,0.9928861617302474,0.9866666666666667,0.9865470852017937,0.9818181818181818,0.9914526388665936,0.9850979087979349,0.9786485640140017,0.9830508474576272,0.9704375795650569,0.9872881355932204,1.0,1.0,1.0,0.9988066825775657,0.9957562270505669,1.0,0.9701869631126832,0.9791216702663786,1.0,0.985373364126251,0.9766916611491484,0.9906356703431234,0.9895833333333334,0.9876077940117569,0.9883919426425402,1.0,1.0,1.0,1.0,1.0,1.0,1.0,0.9860908780583961,1.0,1.0,1.0007147962830594,1.0,1.0,1.0,1.0,0.9951453353076585,1.0,1.0,1.0,1.0,1.0,1.0015517004291783,1.0004653327128896,1.0136042446872646,1.0,1.0,1.0,1.0,1.0,0.9817959183673469,1.0,1.0,1.0,1.0,1.0,1.0005002501250626,1.0,1.0,1.0,1.0,0.9881175734834271,1.0,0.9886349273687614,1.0,0.9908287094196633,1.0,1.0,1.0,1.0,1.0,1.0,0.9944568144659849,0.9852103806384952,0.992473534491106,0.9744839242146244,1.0,0.9903225806451613,0.9958120055839925,1.0,1.0,1.0,1.0,0.9872878254702016,0.9940936224172109,0.9824561403508771,0.988090909758029,0.9897351173725968
394668,317,"Harrisonburg, VA",msa,VA,0.9711595055915244,0.9749894022891056,0.9857142857142858,0.986578687068832,0.9870340015971084,0.9863164849517934,0.9793707022296312,0.9858599320317185,0.9820958399157451,0.9870660313138189,0.9847288046340179,0.9702850212249848,0.9703932480756192,0.9776751347190146,0.9904481318123513,0.9839731558371405,0.9854927275733738,0.9979975177407646,0.9899521531100478,0.9856158428823898,0.9874476987447699,0.9870924445715392,0.9854443273954705,0.9906604402935291,0.9847319347319348,0.9783185020393029,0.9914255091103966,0.99155915698191,1.0,1.0,1.0,0.99071305489168,0.9983076344490409,1.0,1.0,1.0,0.9947648077136444,1.0,1.0,1.0004547521600728,1.0117176336096028,1.0176218447372598,1.0062108810784784,1.0001261182166992,1.0,1.0,1.0,1.0,1.0,1.0,1.0,1.0023159543167368,1.0261481796614196,1.003143755358674,1.0003757225433525,1.0,1.0,1.0,0.986159169550173,0.9921501020272843,0.995260663507109,1.0,1.0,1.0,1.0,1.0,1.0,1.0,1.0,0.9876418079990015,1.0,1.0,0.9803921568627451,0.9863442629414949,0.9809173669467787,1.0,1.0,1.0,1.0,1.0,0.9927396651355757,1.0,0.9904341203351104,1.0,0.9865223131637315,1.0,0.9854014598540146,1.0,1.0,1.0,0.9915023734451336,1.0,0.991279815337266,0.9951965811965813,0.9952305246422893,1.0,0.9859931386795361
394368,318,"Battle Creek, MI",msa,MI,0.9585470085470086,0.9861057742198502,0.9738107739577115,0.9699720972694903,0.984976884469847,0.9864406779661017,1.0,0.9860458397534668,0.9738550922761449,0.9800857944233625,0.9739856746226173,0.9708276605400499,0.9611700433487242,0.9607469858535002,0.9725406804733727,0.9779736818363427,0.9781865890053488,0.9847328244274809,0.9937843805439623,0.9730011364435609,0.9745527578383606,0.9833366111220371,0.9670404869501061,0.9821064430057592,0.9555061179087876,0.9758064516129032,0.9842191911695712,1.0,0.9765266825600587,1.0,1.0,1.0,1.0,1.0,1.0,0.9999195979899498,1.0,1.0,1.0,1.0,1.0060747126436782,1.0254219851746766,1.0029411764705882,1.0,1.0,1.0,1.0,1.0,1.0,1.0,1.0,1.0063361434497524,1.0016977928692699,1.0002857959416975,1.0,1.0,1.0,0.9854399450059562,1.0,0.9892552797332346,0.9818076520012502,0.975728761922896,1.0,1.0,1.0,1.0,1.0,1.0,1.0,1.0,1.0,1.0,0.984735247439042,0.9857142857142858,0.9795918367346939,0.9891086908201823,1.0,1.0,1.0,1.0,0.9949289055625029,1.0,0.9883720930232558,0.9936908517350158,0.9721048182586645,0.9787928221859706,0.9918367346938776,0.9823621833726791,1.0,0.9957838245231041,1.0,0.996078431372549,1.0,0.9837432263443101,0.9846153846153847,0.9776630676382478,0.9762308998302207
395094,319,"Sherman, TX",msa,TX,,,,,,,0.9766555502620295,0.9810912130499759,0.9728561133797742,0.9785744105799992,0.975,0.9656084656084656,0.9688547633271252,0.9633564483854896,0.9767441860465116,0.97868638538495,0.9801289643374128,0.98,0.9782608695652174,0.9754766281420131,0.970873786407767,0.9791044776119403,0.9819639278557114,0.9689655172413794,0.9702248176785496,0.9698996655518395,0.9715097402597402,0.9833333333333333,0.9877469367341836,0.991424483869513,0.9782608695652174,0.9928896019353051,0.9917011019283747,0.9896907216494846,0.9844427158573175,0.9807068828062716,0.9846950710108604,0.9906421426266537,1.0,1.0,1.0,1.0,1.0,1.0,1.0,1.0,1.0,1.0,1.0,1.0,1.0005408328826393,1.0092592592592593,1.0048780487804878,1.0,1.0,0.9870967741935484,0.9876521214779082,0.9764982640991628,0.9938233814303858,0.96430845574512,0.9637908931703417,0.9795748228428511,0.9768716577540106,0.9777777777777777,0.9826170891388283,1.0,0.9859437184227611,0.9794749723025586,0.9743589743589743,0.9807776779474893,0.9690568255721878,0.9665514237507442,0.9749129369187778,0.9823768668492692,0.9871317829457364,0.9888611047965447,0.9841269841269841,0.9879221231354276,0.9787234042553191,0.9857497441252399,0.9766139657444005,0.9749396234418358,0.9837209302325581,0.9649122807017544,0.9820956500841144,0.9741967741935484,0.9754361796282757,0.9760705289672544,0.9860896445131375,0.9796084546084546,0.9798994974874372,0.9769506030144887,0.9734513274336283,0.9752650176678446,0.9772727272727273,0.9690169334958236,0.9762033531638724
394821,320,"Manhattan, KS",msa,KS,,,,,,,,,,,,,,,,,,,,,,,,,,,,,,,,,,,,,,,,,,,,,,,,,,,,,,,,,,,,,,,,0.9746057060323001,1.0,1.0,1.0,0.9967724954059294,1.0,1.0,0.989159891598916,1.0,0.9739393939393939,0.9821109123434705,0.9964841172848868,1.0,1.0,1.0,0.993322203672788,1.0,0.9914136922946766,1.0,0.9919670972302551,0.995,0.9872325556391786,1.0,0.9866220735785953,1.0,1.0,1.0,1.0,0.99375,0.9882352941176471,0.988388969521045,0.9950766032231935,0.9838709677419355,0.9798657718120806
394442,321,"Carbondale, IL",msa,IL,,,,,,,,,,,,,,,,,,,,,,,,,,,0.9609323369427075,0.972473604826546,0.9586705946699927,0.9575757575757575,0.970873786407767,0.967741935483871,0.9773183897751204,0.976887484984651,0.9759615384615384,0.9849012158054711,0.9671435345906509,0.9729256637168142,0.9631019387116948,0.9641557757671502,0.9695852534562213,0.9761101376720901,0.9792207792207792,0.9833841980332316,0.9657007405071407,0.9798822770520883,0.9774369158937093,0.9720313789463861,0.9733333333333334,0.9702131434781645,0.9814814814814815,0.97165991902834,0.9930715935334873,0.9861161524500908,0.9782125389061805,0.9817349698356563,0.9756533412367718,0.9650142798857609,0.9655172413793104,0.9550561797752809,0.9493589743589743,0.9617152158140918,0.9572368421052632,0.9675267382556113,0.9785202863961814,0.9836246734980911,0.9932279909706546,0.9868073878627969,0.9838754505191056,0.99581589958159,0.9856321248844613,0.9620880167650981,0.9803921568627451,0.9681405521258566,0.9790275761973875,0.9819137963231027,0.9832167832167833,0.9823785126533147,0.9940775681341719,0.9722779106524305,0.9773584905660377,0.9703820452346397,0.9671232876712329,0.9789473684210527,0.9662626024871523,0.9777777777777777,0.967741935483871,0.9751680006626837,0.9860133020344288,1.0,1.0,0.9772727272727273,0.9666666666666667,0.9694735512085939,0.97868638538495,0.9578270192994996,0.9637814610190301
394727,322,"Johnstown, PA",msa,PA,,,,,,,,,,,,,,,,,,,,,,,,,,,,,,,,,,,,,,0.9772609819121447,0.9920212765957447,0.9491525423728814,1.0,1.0,1.0,1.0,1.0,0.9782608695652174,1.0,0.9839357429718876,0.9860815355115963,0.9695939253879168,1.0,1.0107948969578018,1.0026385224274406,1.0,1.0,0.9940694980694981,1.0,1.0,1.0,0.9786543715846994,0.9618052769886944,0.9444758539458187,0.9962468723936614,1.0,1.0,1.0022271714922049,1.0,1.0,0.9898674980514419,0.9935483870967742,0.9772727272727273,0.9444878133402723,0.990909090909091,0.9653524492234169,1.0,0.9819859314907439,1.0,1.0079143899557348,1.0,1.0,1.0,1.0,0.9914019608995686,0.9662767602644187,0.9548387096774194,0.9757433074278921,0.9623202001250781,1.0,1.0,1.0,1.0,1.0,1.0,0.9785714285714285,0.9824561403508771,0.9915966386554622,0.963302752293578
394728,323,"Jonesboro, AR",msa,AR,0.9626345788473718,0.9698166561649941,0.976010101010101,0.9753736192332684,0.9744546973859431,0.9836612204068023,0.9789362822538178,0.9711595055915244,0.9734991887506761,0.9704090513489991,0.967741935483871,0.9736703528172722,0.976303317535545,0.9733920743095055,0.9930858594160097,0.9873248832555037,0.9799297086635583,0.981863664790494,0.9810326659641728,0.9797926206156792,0.9703703703703703,0.9744029099156006,0.9729993278233785,0.9733675992415181,0.9666555518506169,0.9833676963292957,0.9785714285714285,0.9758185766789175,0.9862458717910318,0.9819434698402897,0.984384422916533,0.9862821658747707,0.9777171441564347,0.9883364027010436,0.9717756341550554,0.9803921568627451,0.9803921568627451,0.9782608695652174,0.9904137140475198,1.0,1.0,1.0,1.0,1.0,1.0,1.0,1.0,0.9842931937172775,0.989738626620593,1.0,1.0,1.0,1.0,1.0,0.9900214238628873,1.0,0.9897278746143707,0.9781659388646288,0.9666854239613356,0.9777678968430413,0.9710144927536232,0.9709513330325936,0.9834190966266438,0.982532751091703,0.9921671018276762,0.9859649122807017,0.9861138503162509,0.989999334398296,0.9789473684210527,0.9756952781112445,0.9787626962142197,0.9719305019305019,0.9742251349588289,0.9743458183683941,0.9919469319568821,0.9866501166027233,0.9863851069741595,0.9804902451225613,0.9782761036067464,0.9811402592916271,0.9930559642205614,0.9838709677419355,0.9790376369699857,0.9734991887506761,0.9701492537313433,0.9834580179748016,0.9816894906908755,0.9954977488744372,0.9816371368386534,0.9818071558520315,0.9847288046340179,0.9833080088635644,0.9796347618960242,0.9768550159779817,0.9772543614464575,0.9843158464034614,0.9753966646761715
394390,324,"Bismarck, ND",msa,ND,,,,,,,,,,,,,,,,,,,,,,,,,,,,,,,,,,,,,,,0.9847288046340179,1.0,1.0,1.0,1.0,1.0,1.0,1.0,1.0,0.9930555555555556,0.9866990053874165,1.0,1.0,1.0,1.0,1.0,1.0,1.0,0.9968771260637289,1.0,0.9978036981968341,0.987618630822132,0.9803474903474904,0.9980426272292301,0.9944811397118343,1.0,1.0,0.997134670487106,0.9969989996665555,1.0,0.9943126103157481,0.9886529858803119,0.9941159164460135,0.9844395046046364,0.9830200591549489,0.986374371668898,0.9890805817256819,0.9952369611812336,1.0,1.0,1.0,1.0,0.9899367088607595,1.0,0.9813519813519813,0.9918200408997955,0.9840872925664924,0.9835677404343044,0.9851470142467414,1.0,1.0,1.0,0.9995,1.0,0.987903533306618,0.9948834565093804,0.9851470142467414,0.9801960392078416,0.9723572906054151
394661,325,"Hammond, LA",msa,LA,,,,,,,,,,,,,,0.9965166586256671,0.9852654387865656,0.9947340705634544,0.986406714222501,0.9885584116383216,0.9829311359623308,0.9771428571428571,0.9896193771626297,0.9807757885763,0.9908309455587393,0.9737519052067456,0.98,0.9914285714285714,0.9833024118738405,0.9814814814814815,0.9983922829581994,0.986784140969163,0.9894893388717396,1.0,0.9959349593495935,0.9926108374384236,0.9974247763621578,1.0,0.988,1.0,0.9906976744186047,1.0,1.0,1.0,1.0,1.0,1.0,1.0,0.9890681936491411,1.0,1.0,0.9961208656594529,1.0,1.0,1.0,1.0,1.0,0.9906376462867768,0.9888320148906468,0.9906016688625385,0.9926829268292683,0.9871411483253589,0.9848239667614258,0.9807692307692307,0.9950109368522471,0.9887640449438202,0.9966618979494516,0.9857142857142858,0.9873408706489807,0.9842762650445801,0.9832478445923825,0.9918367346938776,0.9795748228428511,0.973742746615087,1.0,0.9816188067867431,0.9836697046792544,0.9822850942662535,0.9866666666666667,0.9907335907335908,0.9905384663045016,0.9981996399279855,1.0,0.9871604938271605,0.9827626570807153,0.9896825396825397,0.9826227562932692,0.984609465178915,0.9832904884318766,0.9899949974987494,0.9879518072289156,0.9907120743034056,1.0,0.9916363636363636,0.9842620943049603,0.9962999862962455,0.9693147952106937,0.9833374305726273,0.9814751286449399
394983,326,"Pittsfield, MA",msa,MA,0.9446719904812027,0.9393877551020409,0.9578391890015275,0.9534883720930233,0.962151996180119,0.9630670487956445,0.9665053747353116,0.9649005534962811,0.9661199807915379,0.9626208194337524,0.9561728395061728,0.9487179487179487,0.9595918367346938,0.9631728478885153,0.9564078044730887,0.96,0.9631578947368421,0.9712842047732895,0.9690074539034915,0.9719101123595506,0.9563588811680241,0.9626168224299065,0.9608843537414966,0.9653407769248662,0.9586890984579735,0.9552204467199745,0.9748532989838271,0.9676347318889268,0.9538411194277497,0.9799713876967096,0.9792284543865295,0.9875,0.9836065573770492,0.9782608695652174,1.0,0.9834752048950635,0.9981868636790229,0.9760760600367205,0.9785014482384573,0.9957062037438922,1.0,1.00728675525075,1.0014619883040936,1.0,1.0,1.0,1.0,1.0,0.9888229633165868,0.9745636539389593,0.979252022271247,1.0,1.0000799229296022,1.0004001600640255,1.004224402666467,1.0001667222407469,1.0,0.9927140255009107,0.9824243402706432,0.982938952938953,0.9728692792545903,0.9528346831824679,0.9852941176470589,0.9946238560395846,1.0,1.0,1.0,1.0,1.0,0.9853046594982079,0.9846153846153847,0.9882943143812709,0.975609756097561,0.9717867091126144,0.9796391855674227,0.9807150383999352,0.9907692307692307,0.9973614775725594,1.0,1.0,0.9872727272727273,0.9833621584226911,0.9877469367341836,0.9863851069741595,0.9803921568627451,0.9737596897099874,0.9798657718120806,0.9846153846153847,0.9899665551839465,0.9930617812203684,0.996661101836394,0.9888708354023735,0.9886363636363636,0.9902255639097745,0.9799869188514173,0.9657142857142857,0.9773869346733668
394890,327,"Mount Vernon, WA",msa,WA,0.9886196234600877,1.0,1.0,1.0,1.0,1.0,1.0,1.0,1.0,0.9922879177377892,0.9892239708504535,0.9948717948717949,0.9860455811908203,0.9922837263678,1.0,1.0,1.0,1.0,1.0,1.0,1.0,1.0,0.999997749994875,1.0,0.9919224555735057,1.0,1.0,1.0002703433360367,1.0,1.0,1.0,1.0,1.0,1.0,1.0,1.00021510002151,1.0,1.0105171448765562,1.0185185185185186,1.0323404255319149,1.0338670226586508,1.0285714285714285,1.0226882827243093,1.028888888888889,1.0189843641898437,1.0,1.0000926011667748,1.0,1.0,1.0136501516683518,1.0295631067961164,1.0434782608695652,1.021505376344086,1.009534538711173,1.0,1.0,1.0,0.9936062160377838,0.9886856335205303,0.9755006274894964,0.9931273904089437,0.9915506532244086,1.0,1.0,1.0,1.0,1.0,1.0,1.0,1.0,1.0,0.9897959183673469,0.9982475904368506,1.0,0.9881586737714624,1.0,1.0,1.0,0.9951234955842119,0.9885473176612417,0.9927797833935018,1.0,0.9936842105263158,0.9916205164074909,0.9805084745762712,0.9961538461538462,1.0,1.0,1.0,1.0,0.9927007299270073,1.0,0.9913810196224476,0.9878466714624654,0.9956063268892794,0.99425,0.9864235143009304
394719,328,"Jamestown, NY",msa,NY,0.9230769230769231,0.9494949494949495,0.9319917276487433,0.956892914530912,0.9504752376188094,0.9507606465781371,0.9548305436959232,0.9479384909629012,0.9734991887506761,0.9575757575757575,0.9575124246424106,0.95,0.9444444444444444,0.9217391304347826,0.9459825631617236,0.9651833016297096,0.962882096069869,0.9698740781618422,1.0,0.9742460507419818,0.9658421672555948,0.9575684585720716,0.9523809523809523,0.9615963312862115,0.9330143540669856,0.9590914710609513,0.958904109589041,0.9674620558947351,0.9685115630831739,0.9554140127388535,0.9591326105087573,0.9838799332962757,0.9764646970455684,0.96999993999988,0.9799919967987194,0.9795918367346939,0.9788359788359788,0.9678620948098182,1.0,0.9895833333333334,1.0,1.0,1.0,1.0,1.0000005000005001,1.0,1.0,0.9972719005759321,0.9977703455964325,1.0,0.9698463314976017,0.9836612204068023,1.0004874492094966,1.0,1.0076923076923077,1.0,1.0,0.9961009174311927,0.9906976744186047,0.9679572763684913,0.9713547551818307,0.9608412204931234,0.9607791524085285,0.984950540503705,1.0,1.0,1.0,1.0,1.0,0.9676596886741814,0.9652509652509652,1.0,0.9453551912568307,0.9819639278557114,0.990906335253107,0.9772395165719598,0.9887179487179487,1.0,0.9939254573092567,0.9941046482287182,1.0,1.0,0.9711560828099558,0.9773758058245863,0.9612004139358399,0.9724770642201835,0.9607686148919136,0.9591836734693877,0.9887475118664829,0.9752438109527382,1.0,0.981839672967937,0.9821753364859949,0.9818148754318967,0.9814598161744101,0.9925280975772968,0.9677949741509063
395153,329,"The Villages, FL",msa,FL,0.9741969457609269,0.9818522381096139,0.9763002853723649,0.9765765305728435,0.9704178234669896,0.9762532981530343,0.9639846541013322,0.97024256064016,0.9695264085507989,0.973592958122166,0.9723952564820287,0.9779136179803032,0.9549849949983328,0.9759375825042527,0.9786459834996429,0.9731543624161074,0.9713271070021754,0.9756082456400782,0.97209392604809,0.9721902570003835,0.9769230769230769,0.9780701754385965,0.9788359788359788,0.9759072888075633,0.9717062017719348,0.9797101449275363,0.9803186090640307,0.9761904761904762,0.9739130434782609,0.975609756097561,0.97722210302522,0.9801113867163029,0.9761904761904762,0.9780775716694773,0.9803921568627451,0.9748244089837064,0.9728311874558434,0.9769713886950454,0.9817095931317655,0.986148684359915,0.9924170002946948,1.0,1.0,1.0,1.0,1.0,1.0,1.0,1.0,1.0,1.0,1.0,0.9896373056994818,0.9931208570535024,0.998162890385793,0.9859959988568162,0.979050437211158,0.9880327123736423,0.9736263736263736,0.9663865546218487,0.9660107334525939,0.972972972972973,0.9699712882329212,0.9699421965317919,0.9773137252941706,0.9745712315836352,0.9785742400037045,0.977438880403499,0.9791631443374943,0.9730295167045085,0.9700746268656717,0.9783950617283951,0.9699909063352531,0.9733333333333334,0.9726054170514005,0.9742120343839542,0.9720670391061452,0.979381443298969,0.9727520435967303,0.9721464378700437,0.9736578859619873,0.9748949579831933,0.9697908969549012,0.9730790359133844,0.9733696340382424,0.972614553908457,0.9733333333333334,0.9681133131059143,0.9721922697036338,0.9734863694241651,0.9729406779661016,0.9666666666666667,0.9681093394077449,0.9717062017719348,0.9711997711997712,0.9709617918313571,0.9665871121718377
394307,330,"Albany, OR",msa,OR,1.0,1.0,1.0002025800445127,1.0,1.0164502326309908,1.0,1.0,1.0,1.0,1.0,1.0,1.0,0.9880302023346551,0.9888014575834845,1.0,1.0,1.0000192393962446,1.0,1.0,1.0,1.0,1.0,1.0,1.0,0.9968,0.997289972899729,1.0,1.0,1.0,0.9967627842146529,1.0,1.0,1.0,1.0153846153846153,1.0287769784172662,1.0018181818181817,1.00778065950352,1.0143910143910144,1.0225468402667512,1.0436363636363637,1.0210084033613445,1.0496376811594204,1.0360566427182154,1.023770218320597,1.0280633509308141,1.011378002528445,1.0,1.0002745115533704,1.0021158564773658,1.0112201963534362,1.0303030303030303,1.0282776349614395,1.0294181267575166,1.0147186147186147,1.000759594771242,1.0,1.0,1.0,1.0,0.9944444444444445,0.9993937556835405,1.0,1.0,1.0,1.0,1.0,1.0,1.0,1.0,1.0,1.0,0.9955005624296963,1.0,1.0,1.0,1.0,1.0,1.0,1.0,1.0,1.0,1.0,1.0,1.0,1.0,1.0,1.0,1.0,1.0,1.0,1.0,0.9990814451928964,1.0,1.0,1.0,1.0,1.0
394633,331,"Glens Falls, NY",msa,NY,0.9710140280561123,0.9962825278810409,0.9699570815450643,0.978921043229725,0.9762218871717552,0.9764428739693758,0.9792463094645221,0.9734991887506761,0.9723250980576,0.9718252347897101,0.9666039779674084,0.9851701835761416,0.9815123075023038,0.9737651562752401,0.9641194916652913,0.9776743992855808,0.9771986970684039,1.0,0.9767611504793664,0.9733333333333334,0.9738126323304337,0.9708349513915856,0.9694259012016021,0.9720670391061452,0.9652461117547017,0.9839893262174784,0.9729468599033816,0.9726651094635228,0.9724137880383612,0.9810426685735506,0.9777728994017891,0.9888418622547134,0.9933110367892977,0.9990999099909991,0.988,0.9934141051577537,0.976897689768977,0.9810554803788903,0.985490979957526,1.0,1.0,1.0,1.0,1.0000971062342203,1.0,1.0,1.0,1.0,1.0,0.9849203897672067,1.0,1.0087384541178892,1.0000017241438763,1.0000035714540818,1.004566210045662,1.0001428979708487,1.0,1.0,0.9953487831253852,0.9795918367346939,0.9774671875039659,0.9940677966101694,0.9842222222222222,1.0,1.0,1.0003347352487955,1.0,1.0,1.0,0.9812537168189437,1.0,1.0,1.0,0.9772209567198178,1.0,0.9866220735785953,1.0,1.0,1.0,1.0,1.0,0.9889154109091155,0.9810678558668913,0.9847288046340179,0.9833305550925154,0.9777777777777777,0.9870550161812298,0.9878419452887538,0.9923413566739606,1.0,1.0,1.0,0.9919839679358717,0.9922779922779923,1.0,0.9806949806949807,0.9810876682429974
394780,332,"Lawton, OK",msa,OK,,,,,,,,,,,,,,,,,,,,,,,,,,,,,,,,,,,,,,,,,,,,,,,,,,,,,1.0,1.0,1.0,1.0,1.0,1.0,1.0,1.0,1.0,1.0,1.0,1.0,1.0,1.0,1.0,1.0,1.0,1.0,1.0,1.0,1.0,1.0,1.0,1.0,1.0,1.0,1.0,1.0,1.0,1.0,0.9834434125319752,0.9893048128342246,0.9896983075791023,0.9814126394052045,1.0,1.0,1.0,1.0,1.0,1.0,1.0,1.0,0.9919774077548468,1.0,1.0
394474,334,"Cleveland, TN",msa,TN,,,,,,,,,,,,,,,,,,,,,,,,,,,,0.9846153846153847,0.9839743589743589,1.0,1.0,1.0,1.0,1.0,0.9914680788467196,1.0,0.9992857142857143,0.9960660361228668,1.0,1.0,1.0,1.0,1.0,1.0,1.0,1.0,0.983944658944659,1.0,1.0,1.0,1.0,1.0,1.0,1.0,1.0,0.9836612204068023,0.9902370502485909,0.9771854128656509,0.9821428571428571,0.9789473684210527,0.9784736274750837,0.9764229578471064,0.9853862212943633,0.97868638538495,0.994273127753304,0.986562049062049,0.9828856698701519,0.9868131868131869,0.9838772565992124,0.9870507205974122,0.9869030015301314,0.9803921568627451,0.986115483648744,0.9762202753441802,0.9816917535364138,0.9882352941176471,0.9912838759414102,0.9782296118967426,0.980980980980981,0.9850746268656716,0.9806542056074766,0.9893869252424148,0.9763090229079009,0.9830508474576272,0.980565371024735,0.9895722494147691,0.9848194830544879,0.9843223314606742,0.9803921568627451,0.9857561003883383,0.98,0.9799635701275046,0.9832282995238318,0.9811320754716981,0.986159169550173,0.9738562091503268,0.9759036144578314
395098,335,"Sierra Vista, AZ",msa,AZ,,,,,,,,,,,,,,0.9531199572876035,0.9640152467135114,0.9897917380150818,0.9824818138474393,0.9844307318418644,0.9788888888888889,0.9818014705882352,0.9797297297297297,0.9803921568627451,0.9808952376424461,0.9789915966386554,0.9861111111111112,0.9790732436472347,0.9846957153145044,0.9812451445577215,0.9775781908093977,0.9952380952380953,0.9921568627450981,0.9856617027048826,0.9883058470764617,0.9977029096477794,0.9931968986031376,1.0,0.9856115107913669,1.0,0.9977272727272728,1.0,1.0,1.0,1.0,1.0,1.0,1.0,1.0,0.9971428571428571,0.9937304075235109,1.0,1.0,1.0,1.0,1.0,0.9912536443148688,0.9881919451585262,0.9882352941176471,0.9781279897948336,0.9907663896583564,0.9729368932038835,0.9767441860465116,1.0,0.9677633477633478,0.9957246686618213,0.9940136530719412,0.9891086908201823,0.9770114942528736,0.9869159295988564,1.0,0.9885057471264368,0.9921435173362854,0.987460815047022,0.9727626459143969,0.9850715666901158,0.9828233020135038,0.9793064078778364,0.993421052631579,0.9832985386221295,0.9843482132917734,0.9841269841269841,0.9870550161812298,0.9849942285494421,0.9767410412440838,0.9971125910634278,0.9855532786885246,0.9878787878787879,0.9783845278725825,0.9846153846153847,1.0,0.9861538461538462,0.9853687667960586,0.9879274554790778,0.9979536152796726,0.9869521579123453,0.9960497204335999,0.9861351403306421,0.9773617021276595
394325,336,"Ames, IA",msa,IA,,,0.9608620879156403,0.9765625,0.9853998038535544,0.984,0.9815131129447627,0.975,0.9521739130434783,0.9734991887506761,0.9711595055915244,0.9736465568530033,0.9799925898480919,0.9743609685017376,0.9670451378192433,0.979706088173548,0.9840665797168365,0.9767441860465116,0.9824937477670597,0.9802392367460953,0.9761904761904762,0.9835133598635588,0.9792905880647106,0.9747174879585032,0.9668918918918918,0.9801433272220004,0.9779648415313076,0.9821976672805403,0.9852447140852085,0.9831932773109243,0.9898477157360406,0.9872727272727273,0.9855383135352183,0.9867770637666832,0.9897435897435898,0.9816590245935807,0.9906246570104411,0.9777388551970634,1.0,1.0,1.0,1.0,1.0,1.0,0.9928949911876741,0.9948128936643201,0.9906542056074766,0.9976456739258387,0.9840446053431282,0.9832775919732442,1.0,1.0,1.0218002617145086,1.0147872052046625,1.0,1.0,1.0,0.9873417721518988,0.9746478873239437,0.9860662097504203,0.9951194172914836,0.982532751091703,0.9962229400391326,0.9907770097286226,1.0,1.0,1.0,0.9948541206286167,0.9928274820687052,0.9899749373433584,0.9769541206457095,0.97868638538495,0.9803913192071088,0.9773123909249564,0.9871863316140841,0.9981314308334748,1.0,1.0,0.989159891598916,1.0,0.9799472229203317,0.9818181818181818,0.9818181818181818,0.982,0.9803921568627451,0.9890049385405886,0.9815024537561344,0.9821428571428571,0.9827725748641462,0.9914040114613181,0.9876543209876543,0.9847328244274809,0.9858823529411764,0.9825698211774161,0.9832672364354953,0.9905660377358491,0.9770588235294118
394824,337,"Mansfield, OH",msa,OH,,,,,,,,,,,,,,,,,,,,,,,,,,,,,,,,,,,,,,,,,,,,,,,,,,,,,,,,,,,,,0.9731689135847452,0.9870967741935484,0.99121285589954,1.0012853470437018,1.0000071429081636,1.0,1.0,1.0,1.0,1.0,0.9818181818181818,0.9866363078003992,0.9883031793674615,0.9696969696969697,0.9998468740429627,0.9981654436290861,1.0,1.0,1.0,1.0,0.9925,0.9688888888888889,0.9779176014660942,0.9745454545454545,0.9882186616399623,1.0,1.0,1.0,1.0,0.9857904085257548,0.9956076134699854,0.9868421052631579,1.0,0.996,1.0,0.9803921568627451,0.9716018097334385
395128,338,"Staunton, VA",msa,VA,,,,0.9848438920885116,0.989275281680345,0.9882809104426398,1.0,0.9866391361222973,0.9795918367346939,0.9840200678218052,0.9886901129310512,0.9884024827915545,0.9830717143736535,1.0,0.9970059880239521,1.0,1.0,1.0,1.0,0.9931281647062253,0.9936264288429618,0.9873248832555037,0.9869180454020777,1.0,0.9753744072553672,0.9887640449438202,1.0,1.0,1.0,1.0,1.0,1.0,1.0,1.0,1.0,1.0,1.0,1.0,1.0,1.0,1.001890359168242,1.0144893666744565,1.00798782807151,1.0018247522272712,1.0003077870113881,1.0,1.0,1.0,1.0,1.0,1.0024093005272139,1.0114816839803171,1.0228192664144615,1.0016004267804748,1.0083948394562707,1.0,1.0,1.0,1.0,1.0,1.0,1.0,1.0,1.0,1.0003096202115955,1.0,1.000250062515629,1.0,1.0,1.0,1.0,1.0,0.989010989010989,0.9888557213930349,1.0,1.0,1.0,1.0,1.0,1.0,1.0,1.0,0.9917119176907688,1.0,0.9962025316455696,1.0,1.0,1.0,1.0,1.0,1.0,1.0,1.0,0.9990623046468015,0.996200549588971,1.0,1.0
394353,339,"Augusta, ME",msa,ME,,,,,,,,,,,,,,,,,,,,,,,,,,,,,,,,,1.0,0.9952267303102625,1.0,1.0,0.9805856636572936,0.9847288046340179,0.9959053685168335,1.0,1.0063655653228252,1.0265137369965325,1.0212810047095762,1.0005885815185402,1.0,1.0,1.0,1.0,1.003274763211472,1.0,1.0,1.0273972602739727,1.0265762443753272,1.0329686568014171,1.0259040779687099,1.0,1.0,1.0,1.0,1.0,0.99375,1.0,0.9922562088611095,1.0083949866558561,1.0125488917861798,1.0121212121212122,1.0018542597462696,1.0043142724314271,1.0,0.9991109135363414,0.9931350114416476,0.978865406006674,0.9825935860538632,0.9873417721518988,1.0,0.9962484368486869,1.0,1.0,1.0,1.0,1.0,0.9933251466775822,1.0,0.992,0.9866666666666667,0.984079391891892,1.0,0.995702005730659,1.0,1.0,0.9897172236503856,1.0,1.0,1.0,1.0,0.978921043229725,0.9858139973589888
394321,340,"Altoona, PA",msa,PA,,,,,,,,,,,,,,,,,,,,,,,,,,,,,,,,,,,,,,,,,,,,,,,,,,,,,,,,,,,,,,,,,,,,,,,,,,,,,,,,,,,,,,,,,,,,,0.9776536312849162,0.9775493333333334,0.9727626459143969,0.9693558474046279,0.9727728085867621
394905,341,"New Bern, NC",msa,NC,0.9745581154248355,0.9746478873239437,0.9787234042553191,0.9782608695652174,0.9743223443223443,0.9804902451225613,0.9799554565701559,0.9780193236714976,0.9744739565367369,0.9807063197026022,0.9803921568627451,0.9767814251401121,0.9720062208398134,0.9751466502006791,0.9736842105263158,0.98,0.979381443298969,0.9870197139809069,0.9866666666666667,0.9783783783783784,0.9794117647058823,0.9772727272727273,0.9793103448275862,0.9762140383120096,0.9753846153846154,0.9803738683875012,0.97868638538495,0.9818181818181818,0.9768778401496926,0.9824561403508771,0.9814723729357875,0.9862385321100917,0.9833333333333333,0.9915277422578017,0.990909090909091,0.9869565217391304,0.9951206140350877,0.9859550561797753,1.0,1.0,1.0,1.0026666666666666,1.0,1.0,1.0,1.0,1.0,1.0,1.0,1.0,1.0004493573864406,1.0064550793915474,1.0058670665811889,1.0107971375503624,1.0,1.0,1.0,0.9933110367892977,1.0,0.9974811083123425,1.0,0.9958824638004624,1.0,1.0,1.0,1.0,1.0,1.0,1.0,0.9888579387186629,0.992,0.9789473684210527,0.982465063281192,0.9836065573770492,0.9857142857142858,0.9852941176470589,1.0,0.9857142857142858,0.9909163760504296,0.9898436360920759,1.0,0.9873417721518988,0.9865634186646189,0.9826319283106538,0.9873417721518988,0.9872340425531915,0.9824561403508771,0.9884444444444445,0.9822478991596638,0.9982425307557118,0.9867724867724867,0.9842755637936361,0.9830508474576272,0.9811465948441709,0.9868421052631579,0.9830508474576272,0.9784189411104414
394588,342,"Farmington, NM",msa,NM,,,,,,,,,,,,,,,,,,,,,,,,,,,,,,,,,,,,,,,,,,,,,,,,,,,,,,,,1.0,1.0,1.0,1.0,1.0,1.0,1.0,1.0,1.0,1.0,1.0,1.0,1.0,0.9966407637737982,1.0,1.0,0.9948717948717949,0.9764987420997729,0.9918060200668897,0.9843793386023013,0.9886462808807733,1.0,1.0,1.0,1.0,1.0,0.996669988899963,1.0,0.9784489358444342,0.9838624338624338,0.9799919967987195,0.9765793049656626,0.9988458579122852,0.9892263056092844,0.9987484355444305,1.0,0.9986318029796291,0.9833841980332316,1.0,0.9870577000467102,1.0,0.9853333333333333
395120,343,"St. Joseph, MO",msa,MO,0.9660032102728733,0.9684944485950528,0.9725824379399778,0.9681636282792352,0.97868638538495,0.9863013698630136,0.9760325814536341,0.9777304632810058,0.9797979797979798,0.9738717963017028,0.9732548313104203,0.9638463692933426,0.973923564753004,0.9666555518506169,0.9702850212249848,0.9784283513097073,0.9823580541396106,0.9772989611388996,0.9801877381478029,0.9843260188087775,0.9836065573770492,0.96996996996997,0.98,0.9791554990375331,0.9600221189096196,0.975,0.9853507513403308,0.982078853046595,0.9813726696514748,0.9841348010814986,0.9883476805513818,0.9929411764705882,0.9929500819331327,0.9921489457155676,0.9860664523043944,0.9827115559599636,0.977494935714581,0.9782608695652174,0.9976062919507539,1.0,1.0,1.0,1.0,1.0,1.0,1.0,0.9878466875006445,0.98432810936979,0.9932727793363489,0.985410284465853,1.0,1.0,1.0,1.0,0.9935902886665964,1.0,0.9829135405501965,0.9792070674423615,0.9763667573184982,0.9873248832555037,0.9778998778998779,0.9833263859941642,0.9856586559857587,1.0,1.0,1.0,1.0,1.0,0.993484107579462,0.9970023980815348,0.9809205635124802,1.0,0.9763779527559056,0.9922413793103448,0.9975609756097561,0.9978936282253817,1.0,1.0,1.0,1.0,1.0,0.9949703630331903,0.9861904761904763,0.9844729732690966,0.9977011494252874,0.9941176470588236,1.0,1.0,1.0,1.0,1.0,1.0,0.9884726224783862,0.9990769230769231,0.9858740435550324,0.990625,0.9873949579831933
395218,345,"Wenatchee, WA",msa,WA,1.0,0.9933774834437086,0.9985714285714286,1.0,1.0,1.0,1.0,1.0,1.0,0.992637807669821,0.9896476293185867,0.9870998910790204,0.985663082437276,0.989581162742238,0.9959243939882856,0.9831205559146735,0.998019801980198,1.0,1.0,0.9918863763536421,1.0,0.9928581836727259,0.9901176997541477,0.9838877114062027,0.9901152944241793,0.9863636363636363,1.0,1.0,0.9872203168381513,1.0,1.0,1.0,1.0,1.0,1.0,1.0,1.0,1.0,1.0101010101010102,1.0142857142857142,1.0139134222179205,1.0200445434298442,1.0131971051511282,1.0183669758137843,1.0,1.0,1.0,1.0,1.0,1.0,1.0,1.0051520355591474,1.011642073913632,1.001536529040171,1.0,0.9928057553956835,0.98989898989899,0.9874299471150052,0.9834932952147574,0.980976786252638,0.9743589743589743,0.989136649514008,0.994,1.0,0.9899749373433584,1.0,1.0,1.0,0.9949238578680203,0.9754361626732211,0.9862068965517241,0.9824253075571178,0.98796992481203,0.9818181818181818,0.9821870753695363,0.9923076923076923,1.0,0.9942288225752175,1.0,0.9876543209876543,0.9912830188679245,0.9854862119013063,0.9864079136147399,0.9836647373137748,0.985985985985986,0.9887856374595378,0.9908800337932977,1.0,0.9972718516454334,0.9959996676504941,0.986586569008011,0.985141474857059,0.9848461888164873,0.9864434787482834,0.9842661272195999,0.9804561503960301,0.9764705882352941
394949,346,"Owensboro, KY",msa,KY,,,,,,,,,,,,,,,,,,,,,,,,,,,,,,,,,,,,,,,,,,,,1.0,1.0,1.0,1.0,0.9925341961264875,0.9923490730872683,1.0,1.0,1.0,1.0,1.0,1.0,0.9873939308648505,0.9941642350979575,0.9818451278251205,0.975443383356071,0.9755842357950315,0.9721139321002084,0.9671733000412697,0.9820102321555577,0.9754419536707469,1.0,0.9958539971877751,0.9955555555555555,0.9855951478392722,0.9752376188094047,0.9725453699395068,0.9709664545997396,0.9681936387277456,0.9748589020010262,0.9714234684765136,0.986094586294639,0.9824937477670597,0.9889073161864821,0.9828448892065761,0.9861908605752419,0.9868199842844874,0.9916642713423397,0.9814850403187512,0.9748423448164314,0.9788434414668548,0.9707865168539326,0.990404943893316,0.9803921568627451,0.9839676200082204,0.9842476589558302,0.9907761189005403,0.9880952380952381,0.9886309784848006,0.9903301100366789,0.9727431857964491,0.9832542808723548,0.9813703638386676,0.9805191168376669
753890,347,"Holland, MI",msa,MI,0.9759036144578314,0.9823743149868953,0.9807395307395308,1.0,0.9864407024973171,1.0,1.0,0.9803921568627451,0.9803921568627451,0.9786624203821656,0.9627507163323782,0.9607513048592222,0.9727081875437369,0.9818316548216511,0.9699909954609773,0.9713537324217665,0.991636798088411,0.9870549328572982,0.9951768657941596,0.9795748228428511,0.9806434540389972,0.9768637532133676,0.9784202441528134,0.9715226061975288,0.975975975975976,0.9632996632996633,0.9746835443037974,0.9793707022296312,0.9889418377321604,0.9913597089586176,0.9869646182495344,1.0,1.0,1.0,0.9932160216487568,0.9956521739130435,1.0,1.0,1.0,1.0,1.0172143974960877,1.0340498855965339,1.0148416603754646,1.0133725595078897,1.0006881255394946,1.0,1.0,1.0,1.0,1.0,1.0010020040080159,1.0367892976588629,1.0397368421052633,1.0250653243686665,1.0,1.0,1.0,0.9896432681242808,1.0,0.9948083436672899,0.9772727272727273,1.0,0.986433662911014,0.9976076067435398,1.0,1.0,1.0,1.0,1.0,1.0,0.9849812265331664,0.9809523809523809,0.9651162790697675,0.9895972259269138,0.9906103286384976,1.0,1.0,1.0,1.0,0.9837108679053195,0.988883379986082,0.993483709273183,1.0,0.9838441640799078,0.9760993446015868,0.9929577464788732,1.0,0.9988235294117647,1.0,1.0,1.0,1.0,0.992602625546989,0.9854546970075853,0.9915611814345991,0.9786266225115146,0.9838271604938271
394778,349,"Lawrence, KS",msa,KS,0.9922178988326849,0.99,1.0,1.0,1.0,1.0,0.9906958629046219,0.982953995157385,0.9808612440191388,0.9830976198689203,0.9805102040816327,0.9819010794910065,0.9852445437792012,0.9801960392078416,0.9943714821763602,1.0,1.0,1.0,0.997319911914854,0.9809544253388306,0.9894385769872152,0.986013986013986,0.9777171441564347,0.9861838970938542,0.9892224788298691,1.0,0.9878714372346877,1.0,1.0,1.0,1.0,1.0,1.0,1.0,1.0,1.0,1.0,1.0,1.008695652173913,1.023994130631777,1.0212588578574406,1.02731700895208,1.0215827338129497,1.0084033613445378,1.0,1.0,1.0,1.0,1.0,1.0,1.0247249388753055,1.0217252484868677,1.0361090033074174,1.0273972602739727,1.0140845070422535,1.0,0.981520683536485,0.9908880530367724,1.0,0.9931506849315068,0.9836612204068023,0.9933333333333334,1.0,1.0022988505747126,1.0163333333333333,1.007462686567164,1.0,1.0,1.0,1.0,0.9954977488744372,0.990167182064167,0.9793650793650793,0.9952941176470589,0.9914767785701861,1.0,1.0,1.0,1.0,0.9913883547779421,0.9864864864864865,0.9980948440204034,1.0,0.9865044929349016,0.9870967741935484,0.9970501474926254,1.0,1.0,1.0,1.0,1.0,0.9875,0.9874326750448833,0.9916299349266657,0.991869918699187,0.9857490127698856,0.9929210763758836
394635,350,"Goldsboro, NC",msa,NC,,,,,0.9808786588539349,0.9864840052861479,0.9878831851986214,0.9912713958956734,0.9884331227225621,0.9832775919732442,0.9892820571168506,0.9811220905300231,0.9770453207769276,0.9786196524792414,0.9968253968253968,1.0,0.9947731958529569,0.9928282904012098,1.0,0.9799275160301086,1.0,0.9948541206286167,0.9839870193778346,0.9941137998691956,0.9752403033376805,0.994551562956471,1.0,1.0,1.0,1.0,1.0000071429081636,1.0,1.000488333733327,1.0,1.0005783689994217,1.0004168403501459,1.0,1.0003077870113881,1.0056439199589533,1.0137119368871192,1.0014306151645207,1.015098899313594,1.0281260949689086,1.0161956176563989,1.0118290718678065,1.0090015965370618,1.0005491741161956,1.0005801684036384,1.0004307412066424,1.018181818181818,1.0172413793103448,1.0215219189412736,1.0318181818181817,1.0265859436693867,1.0017410402939286,1.0005265929436546,1.0,1.0004764173415912,1.0,1.0,0.9901768172888016,0.9971857410881801,1.0,1.0,1.000160172918081,1.0,0.9971419498253413,1.0,1.0,1.0,1.0,0.9945945945945946,0.9862068965517241,0.9968617309281582,0.989777565192148,1.0,1.0,1.0,1.0,1.0,1.0,0.9907334525939178,0.9933289386233022,0.977217969899741,0.9857857330876546,0.9907478797224364,0.9830859263488438,0.9866563258163306,0.995621715921841,1.0,1.0,1.0,0.9878182384064738,1.0,0.9779951100244498,1.0,0.9841145403220758
395213,351,"Watertown, NY",msa,NY,0.9626493533605915,0.9582985821517932,0.9444444444444444,0.9610027855153204,0.963121261851147,0.9733201581027668,0.9610747004933051,0.9727832512315271,0.9865053513261982,0.9603240535063706,0.9586318445287391,0.9622986622986622,0.9562305258327093,0.9811998527788002,0.9866403356437012,0.9723889555822329,0.9783691163582175,0.9825060043839868,0.9832272990167727,0.9688195991091314,0.9803588964029755,0.9738260200153964,0.9711092052601487,0.9666666666666667,0.9659573744858765,0.9748261275962041,0.9724137931034482,0.9753450585647039,0.975754716981132,0.9797794117647058,0.9929435758729189,0.989724175229854,0.9837435602591578,0.9948586118251928,0.9776536312849162,1.0,0.9825237870676025,0.9942806410236222,0.9948320413436692,0.9836036036036035,0.9882952413413255,1.0,1.0,1.0,0.9975617725614443,1.0,0.9776894772586744,0.9963603275705186,0.9727554384888681,0.9845049200492004,0.9792122693752275,0.9946724172704284,1.0,1.0005717552887363,1.0,1.0,0.9993331110370123,1.0,0.9754877438719359,0.9782125389061805,0.9714285714285714,0.9725463035469102,0.9908249158249158,0.9949152542372881,1.0,1.0,1.0,0.9925814826631629,1.0,0.9933283914010378,0.9916317991631799,0.9855072463768116,0.9804902451225613,0.9860941366248042,0.9890909090909091,0.9983630411058566,1.0,0.9785164835164835,0.9954977488744372,0.9847494553376906,0.994413407821229,1.0,0.9768969693138334,0.9724648382559775,0.9699449810634295,0.9848679148499615,0.9729515737664308,0.9876641743706,1.0,0.9858740435550324,1.0,0.9902475618904726,1.0,0.978495782232106,0.9823655001516242,0.9853658536585366,0.9619084263178146
395217,353,"Weirton, WV",msa,OH,,,,,,,,,,,,,,,,,,,,,,,,,,,0.9671328671328672,0.9096385542168675,0.9279423538831065,0.9927007299270073,0.9969230769230769,0.9746835443037974,1.0,1.0,0.9717563552982866,0.9788359788359788,0.9568480300187617,0.9722222222222222,0.9647058823529412,0.983739837398374,0.9937444483246801,0.9897204385037492,0.997588908981314,0.9950595859488334,0.9679378567283423,0.9683666881859264,0.9764309764309764,0.9774907867315443,0.9708567963267781,0.976984126984127,0.957988859571973,0.9848484848484849,1.0,0.9945088468578401,0.9755999150562752,0.9907621247113164,0.9654827413706853,0.9673534418717338,0.9636363636363636,0.9425124957543577,0.9497316162789387,0.9660643165136105,0.9705709240729841,0.9694323144104804,0.9873248832555037,0.9720255149790302,0.9559804357492219,0.9754877438719359,0.9743142621520515,0.9835722819593787,0.9497907949790795,0.9513888888888888,0.9648275862068966,0.9702850212249848,0.9777171441564347,0.9666666666666667,0.9781965066711956,0.9600107258686097,0.9669889963321107,0.962268928842745,0.9479169343853606,0.9754966345651295,0.9750145636937191,0.9504752376188094,0.9636471861471861,0.9473684210526315,0.9693558474046279,0.9901376877355146,0.9615384615384616,0.9653979238754326,0.9558844138008352,0.9698795180722891,0.9731543624161074,0.9608187134502923,0.9603340292275574,0.9796371714179933,0.9489177489177489
394407,356,"Bozeman, MT",msa,MT,0.9790816706728659,0.9774436090225563,0.9931258051671235,0.9929603556872916,0.9984121943474118,0.9919967987194878,0.9937849835939008,0.9890566092259487,0.9823391812865496,0.9803921568627451,0.9883991481557812,0.9790583856804573,0.9816648179363552,0.9773332779906454,0.9865470852017937,0.9882352941176471,0.9896907216494846,0.993481291854781,0.991997332444148,0.988219329226709,0.9896999552171966,0.9833024118738405,0.9851626821643993,0.980722891566265,0.9791730753570109,0.9787234042553191,0.9924988279418658,0.9847668872134174,0.9919227152879602,0.9856115107913669,0.9960159362549801,1.0,1.0,1.0,1.0,0.9930580068243323,1.0,1.0,1.0007843137254901,1.0015873015873016,1.018362485745937,1.0240384615384615,1.0087252606937647,1.0040960582252372,1.0,1.0,1.0,1.0,0.9935603417283441,1.0,1.0125,1.00427552456998,1.006896551724138,1.0,0.9956514145609655,0.9851851851851852,0.9748069375870363,0.9773988009355928,0.9723400191021967,0.9796010838064597,0.9714285714285714,0.9807692307692307,0.9902845714285714,0.9941089837997055,1.0,1.0,0.9915502672874633,0.9898150548785758,0.9846153846153847,0.9752120026092629,0.9757224659708408,0.9714285714285714,0.9777327935222672,0.9841059602649007,0.9819232115766134,0.9864585545529763,0.9891483516483517,0.9880965014680392,0.9895145919260093,0.98,0.9836453839516826,0.9794657727742289,0.9753024375112569,0.9771930576591509,0.9697056356287653,0.9730154717362727,0.9744739565367369,0.9820682264690124,0.9866159574268039,0.9857142857142858,0.9833778237627178,0.9806949806949807,0.9777424483306836,0.9705882352941176,0.9771090332888086,0.9766984009991195,0.9784283513097073
394333,357,"Anniston, AL",msa,AL,,,,,,,,,,,,,,0.9456943366951125,0.9666123384272782,1.0,0.9800474862648739,0.9861542443064182,0.964059935663879,0.9776751347190146,0.9760479041916168,0.9819054975600543,0.9774802535783329,0.9785025945144552,0.9633959348585495,0.9765355417529331,0.9625983045176205,0.9837874114214256,0.9878154917319408,0.9781677663734115,0.9810122465189689,0.9848396097697466,0.9861325115562404,0.9923948306730004,0.9953810623556582,1.0,0.9775833333333332,0.9969979986657772,0.984984984984985,0.9996333319753036,1.0,1.0,0.9949072389959985,1.0,1.0,1.0,1.0,1.0,1.0,0.9990925589836661,1.0,1.0,1.0,1.0,0.9966654316413487,0.9987496526813003,0.9760765550239234,0.9944633353045536,0.9702127659574468,0.9235505387378142,0.9492697674487696,0.9822351457264342,0.9830610843058949,0.97911227154047,0.9901601067378252,0.9909327314555708,0.9722222222222222,1.0,0.9934426229508196,0.9864864864864865,0.9998794544158156,0.9964234620886981,0.9796917445649052,0.9736842105263158,0.9811320754716981,0.981532147742818,1.0,0.9848951208390333,0.99000198000396,0.9742307692307692,0.9845384265575261,0.9783212896053363,1.0,0.9803921568627451,0.98,0.9928520371694067,0.9960852544584602,0.9990172526752565,1.0,0.9954977488744372,0.9899965505346672,0.9832635983263598,1.0,0.9788291383044271,0.9754877438719359,0.993195193512042,1.0
394374,358,"Beckley, WV",msa,WV,,,,,,,,,,,,,,,,,,,,,,,,,,,,,,,,,,,,,,,,,0.9827720017121647,0.9813849526209504,0.974463781551557,0.9727878563495003,0.9845579106728275,0.9734753340701296,0.9827586206896551,0.9668028905514354,0.9611715481171548,0.958904109589041,0.9800522090331478,0.9959459459459459,0.9869179400987835,0.9802018633540373,0.9788359788359788,0.9555555555555556,0.985663082437276,0.9629629629629629,0.9503167722574192,0.9442226890756302,0.9559939301972686,0.9536082474226805,0.9721229449606862,0.9389529724933452,0.9797609586749205,0.9777171441564347,0.9707241910631741,0.9573168966993195,0.9734513274336283,0.956,0.9685488914442495,0.9727626459143969,0.9622204190333521,0.9714285714285714,0.9685336689741976,0.9655052741223802,0.9731696225557072,0.9764170569915206,0.9765809324427608,0.9603841536614646,0.9686307110787299,0.9613893858079905,0.9591836734693877,0.950950950950951,0.9615384615384616,0.9411764705882353,0.9622641509433962,0.9631776168609443,0.9647825133835044,0.9738668172088538,0.9795918367346939,0.958139534883721,0.965034965034965,0.9819639278557114,0.9608938547486033,0.9505944931163954,0.978004315964573
395225,359,"Williamsport, PA",msa,PA,,,,,,,,,,,,,,,,,,,,,,,,,,,,,,,,,,,,,,,,,,,,,,,,,,,,,,,,,,,,,,,,,,,,,,,,,,,,,,,,,,0.9949973670352817,0.9789473684210527,0.9692997585374267,0.9777777777777777,0.9620862886306054,0.9611626298429576,0.9927195175761141,1.0,0.9818373256120032,1.0,0.9795748228428511,0.9846288720046756,0.98009828009828,0.9966654316413487,0.9821753364859949,0.9771986970684039
394423,360,"Brunswick, GA",msa,GA,,,0.9659090909090909,0.9649749821300929,0.9664429530201343,0.9753020104185901,0.9620689655172414,0.9763313609467456,0.9661277906081601,0.9705954112402349,0.9710104399701716,0.971702157489741,0.9587020648967551,0.9600079744816588,0.9689310163243813,0.9668278314993887,0.9777369916047502,0.977859477124183,0.9647711948933893,0.9736578859619873,0.9778888888888888,0.9704741894285832,0.9655172413793104,0.9704353182614052,0.9680365296803652,0.9652736904061212,0.9750725360413455,0.9699633077084162,0.9695856297203511,0.9738717339667459,0.9699239260401684,0.9815242908087378,0.9733687943262412,0.9742499137831935,0.9782608695652174,0.9810126582278481,0.9859429139352354,0.9735954428115535,0.9830212565717658,1.0,0.9939103958242714,0.9929384874405486,1.0,1.0,0.9970758982573297,0.9912876443416067,0.9900850185481892,0.993322203672788,0.9852724594992637,1.0,0.9964,1.0,1.0,1.0,1.0,0.9872369010300045,0.9822294022617124,0.9749108952407576,0.975609756097561,0.9826388888888888,0.9666555518506169,0.9579545454545455,0.9709380333658902,0.9922680412371134,0.9846827133479212,0.9841269841269841,0.9883720930232558,0.9935948759007206,0.983132530120482,0.9833953605506898,0.9714285714285714,0.9698996655518395,0.9699756168548876,0.9772727272727273,0.9764548389636979,0.9810299683486066,0.9830508474576272,0.9777545535980889,0.974912098811322,0.9797101449275363,0.9732360097323601,0.9804206002490821,0.9676869598802684,0.9627221017916365,0.9655766405278061,0.9731517142587558,0.970873786407767,0.9723266499582288,0.9718659760972552,0.975162527087848,0.9795918367346939,0.9714285714285714,0.9733072916666666,0.9697935792433591,0.9730758226037196,0.9698996655518395,0.972589521723142
395173,361,"Twin Falls, ID",msa,ID,,,,,,,,,,,,,,,,,,,,,,,,,,,,,,,,,,,,,,,1.0,1.01100183363894,1.0064597469373422,1.0193054010629095,1.0105325712374502,1.0,1.0,0.9998848834532174,1.0,1.0,1.0,1.0,1.0,1.0,1.0,1.0,1.0,0.9974736842105263,0.988313856427379,0.9696969696969697,0.9799009798019596,0.9717062017719348,0.9801960392078416,0.9722891566265061,0.9823529411764705,0.9876044718600142,0.992831541218638,0.9912094574113368,0.99,0.9863432384185866,0.9866666666666667,0.9867038377859402,0.9886291850915983,0.9722233024703361,0.9890753180854722,0.9870875762006139,0.9923076923076923,1.0,0.996863025591632,0.9899497487437185,0.9866666666666667,0.9851470142467414,0.986923076923077,0.9850746268656716,0.9831168831168832,0.9853293110792023,0.986159169550173,0.9846875798076105,0.9966805200341007,0.9863658777120317,0.9912830188679245,0.9880952380952381,0.9856775957960617,0.991159810275815,0.9922962816455696,0.9869565217391304,0.9859154929577465,0.9870550161812298,0.9874639895242252
753872,361,"California, MD",msa,MD,0.9845883981790022,0.9995648389904265,0.9910913140311804,0.9961200957186849,0.9920674147750783,1.0,0.9964692036092585,0.9910913140311804,0.9894566098945661,0.9914450523195147,0.9867531765341985,0.9944101206237128,0.9982752673335633,0.9956500724987917,1.0,1.0,0.9975490196078431,1.0,1.0,0.996441042919612,0.990578147657777,0.9977494373593399,0.9959250237397299,1.0,0.9982827400502051,0.9884678747940692,1.0,1.0,1.0,1.0,1.0,1.0,1.0,1.0,1.0,1.0,1.0,1.0,1.0,1.0,1.0,1.0,1.0,1.0,1.0002632727695082,1.0,1.0,1.0,1.0,1.0000018867960128,1.0002667864579138,1.007286328372081,1.0016298710920137,1.0,1.0,1.0,1.0,1.0,1.0,1.0,1.0,1.0,1.0,1.0,1.0,1.0,1.0,1.0,1.0,1.0,1.0,1.0,1.0,1.0,1.0,1.0,1.0,1.0,1.0,1.0,1.0,1.0,1.0,1.0,1.0,1.0,1.0,1.0,1.0,1.0,1.0,1.0,1.0,1.0,1.0,1.0,1.0
394495,363,"Cookeville, TN",msa,TN,,,,,,,,,,,,,,,,,,,,,,,,,,,0.9764524534639477,1.0,0.9933076942701158,0.9823052382401881,0.9956924229658519,0.9888296098699566,0.9930404691691981,1.0,1.0,1.0,0.9788915269327794,1.0,0.9939959973315544,1.0,0.9954524783992724,1.0,1.0,1.0,0.9880476026215936,0.9838355813976368,0.9929078014184397,0.995,0.9808935860654934,1.0,1.0,0.9965633372884017,1.0,0.9860416249419159,1.0,0.9937731019203553,0.98,0.9834350778517045,0.9711595055915244,0.9770114942528736,0.9682051282051282,0.9535075292930506,0.9704389369961183,0.986380190865368,0.9670079635949943,0.9801036785644304,0.9754098360655737,0.984307873196762,0.9785353535353535,0.983739837398374,0.9710532213885203,0.9661538461538461,0.9722067815453029,0.9801458271750911,0.9742790335151987,0.9798165137614679,0.9713269615470105,0.9781420765027322,0.9822090437361009,0.9788359788359788,0.9814407046240956,0.9704408338926838,0.975,0.9710526315789474,0.9644184947170727,0.967591728396512,0.9759873524888409,0.98,0.9842795353880502,0.9775882216533518,0.9802836052836053,0.9806428498033217,0.9752658599698523,0.9839989759344598,0.9737694830302039,0.9752438109527382,0.9725824379399778
394893,364,"Muncie, IN",msa,IN,,,,,,,,,,,,,,,,,,,,,,,,,,0.9736123748862603,0.9943714821763602,0.962278675904542,0.9736703528172722,0.9830659664303586,0.9923076923076923,0.9938313913639479,1.0,1.0,0.9760858955588092,0.9886568798924904,0.9672040022234575,0.9806542056074766,1.0,0.9920302782695538,1.0,1.0,1.0,1.0,1.0,1.0,1.0,0.9874921826141339,0.9873617693522907,0.9803921568627451,1.0,1.0,1.0,1.0049221262908414,1.0,0.9914758878892853,0.9755796372485829,1.0,0.9809506531204644,0.972914604988749,0.9625642378177923,0.972972972972973,0.9724828017510945,1.0,1.0,1.0,1.0,1.0,1.0,0.9731696225557072,0.9778385359112938,0.9646303482079036,0.9749839640795381,0.9815020505809979,0.9845446950710108,0.9840042907622413,0.9920592146706797,1.0,1.0,0.9981549815498155,0.9743589743589743,0.9805945092178803,0.9860383944153578,0.9733901011176157,0.9773337327479701,0.9664795509222133,0.9777678968430413,0.9864896206704874,0.9848999256313253,0.9931155603218171,1.0,0.9716870048102106,0.9775251514134933,0.9833275710114355,0.9839357429718876,0.9726637982119393,0.9674365443919691
394857,365,"Michigan City, IN",msa,IN,0.9711595055915244,0.9640719013520074,0.9746514575411914,0.9799897383273474,0.9840946843853821,0.9908925318761385,0.988950276243094,0.9782125389061805,0.9682376318336985,0.9735349716446124,0.9786711343131577,0.9685708541009697,0.9545454545454546,0.966183574879227,0.9599818016378525,0.9733036707452726,0.9789915966386554,0.97868638538495,0.9792940132281633,0.9766937669376694,0.9738772505804232,0.9813067784765899,0.9727626459143969,0.9693558474046279,0.9571428571428572,0.9702061781220097,0.9743421052631579,0.9823008849557522,0.9722222222222222,0.9711595055915244,0.9811465948441709,0.9829311359623308,0.9952956989247312,1.0,0.9924385633270322,0.9818451278251205,0.9865859611216112,1.0,1.0,1.0,1.0,1.0,1.0,1.0,1.0,0.9841666666666666,1.0,0.993491124260355,0.9883720930232558,1.0,0.9858442871587462,0.989010989010989,1.0,1.0,1.0,0.9872779700115341,0.9759556703732823,0.9829429577300961,0.9824561403508771,0.9767314595061098,0.98,0.9782348024298417,0.9963636363636363,0.9791661516460158,0.9838310905247012,0.990455904435869,0.9776536312849162,0.9748427672955975,0.9816091954022989,0.9817152392872042,0.9655172413793104,0.972492358988608,0.9798722801304207,0.974025974025974,0.9806114308507607,0.9940621371665502,0.9818181818181818,0.9902701088038814,0.9794766521402896,0.9814814814814815,0.9680793888441015,0.9711598420286842,0.9692307692307692,0.973592958122166,0.9967105263157895,0.9623188405797102,0.9642857142857143,0.9859959988568162,0.9934132491195079,0.9908256880733946,1.0,0.9832775919732442,0.97856477166822,0.9891147723965061,0.9838398640341617,0.9744739565367369,0.9716412252761053
395039,366,"Roseburg, OR",msa,OR,0.9976689976689976,0.9798994974874372,0.9902456351627225,0.9874476987447699,0.9899665551839465,0.9874594285037857,0.983470839260313,0.9821753364859949,0.9739545197089506,0.9780193236714976,0.9857142857142858,0.9776536312849162,0.9806451612903225,0.9732848035017604,0.982367758186398,0.9818451278251205,0.9892845058849119,0.9920037926675095,1.0,0.9885171093920619,0.987450980392157,0.9941456193453415,1.0,0.9848821698532682,0.9835990888382687,0.9884270559566559,0.9854927463731866,0.9939696312899,0.9986072423398329,0.9938811513463324,1.0,1.0,1.0,1.0,1.0,1.0,1.0,1.0,1.0,1.0,1.0,1.0,1.0,1.0,1.0,1.0,1.0,0.9888579387186629,1.0,1.0,1.0,1.0,1.0,1.0,1.0,0.9871018689128718,0.9847898943026553,0.9829280910501811,0.9869298479594558,0.9747524368810923,0.9862068965517241,0.9764229578471064,0.9899749373433584,0.9786507953731636,0.9912280701754386,1.0,1.0,0.9971784331109141,1.0,0.9873335689878638,0.9718253968253968,0.9854578553811221,0.9831315669255367,0.9790849673202614,0.9792866941015089,0.990617681498829,0.9941398189092441,0.9855502037791775,0.9902200488997555,0.9869521579123453,0.9782608695652174,0.9968486944012114,0.9874826147426982,0.9855072463768116,0.9824937477670597,0.9831492150982499,0.9896060551880327,0.9883720930232558,0.9899749373433584,0.975162527087848,0.996551724137931,0.9828874204827256,0.9824561403508771,0.9752438109527382,0.9829795578391001,0.9848484848484849,0.9816498316498317
394788,367,"Lewiston, ME",msa,ME,,,,,,,,,,,,,,,,,,,,,,,,,,,,,,0.9988888888888889,1.012,1.0293719316065686,1.0,1.0004001600640255,1.0,1.0,1.0215903106898367,0.9912798628843262,1.0,1.0190695893943666,1.0606060606060606,1.0727695437372855,1.0577777777777777,1.056142301278488,1.0330947519603115,1.0251708618103017,1.0402080832332934,1.0303519684370488,1.042857142857143,1.0003751424158198,1.0617575013535623,1.1120234362105959,1.1046166609140067,1.1054883720930233,1.08,1.027027027027027,1.0204081632653061,1.0,1.0,1.003584229390681,1.0,1.0167084377610693,1.0289634146341464,1.0429970200085144,1.0473896119829136,1.0614525139664805,1.0541846419327006,1.0526315789473684,1.0353535353535352,1.0259040779687099,1.0,1.0,1.0,1.0,1.0,1.0,1.0272377532700692,1.03125,1.011764705882353,1.0153846153846153,1.0002942907592702,1.0033444816053512,1.0064190476190475,1.0098039215686274,0.9988568162332095,1.0,1.0139275766016713,1.039757798915029,1.0131996658312448,1.0140536596035439,1.0075949367088608,1.000277854959711,1.0,1.0,1.0,1.0,0.9942857142857143
394804,368,"Longview, WA",msa,WA,0.9905882352941177,0.9917808219178083,1.0,1.0,1.0,1.0005002501250626,1.0,1.0,1.0,1.0,1.0,1.0,1.0,1.0,1.0,1.0,1.0,1.0003291962231065,1.0,1.0,1.0,1.0,1.0,1.0,1.0,1.0,1.0,1.0,1.0,1.0,1.0022453561951419,1.0,1.002865329512894,1.0002857959416975,1.0,1.0028783994231434,1.0002857959416975,1.016465730092144,1.02068651966356,1.0252563140785196,1.0265209236900716,1.0257707392032294,1.0175682727430857,1.0112234692743638,1.0015384615384615,1.0015898251192368,1.0002860295687053,1.0,1.0,1.0,1.0188087774294672,1.02494699761897,1.0154083204930662,1.0004764173415912,1.0048192771084337,1.0,1.0,1.0,1.0,0.9819045278404159,0.9972719005759321,1.0,1.0,1.0,1.0,1.0,1.0003572704537336,1.0,1.0,1.0,1.0,0.997045006819215,0.9981203007518797,1.0,1.0002857959416975,1.0,1.0,1.0002353494939986,1.0,1.0,1.0,1.0,1.0,1.0,0.9957983193277311,0.9941941790114094,1.0,1.0,1.0,1.0,1.0,1.0,1.0,1.0,1.0,1.0,1.0
394734,370,"Kankakee, IL",msa,IL,0.9649996821764556,0.9705754667136316,0.9749294510005131,0.9804878048780488,0.985985985985986,0.9849397485576381,0.9741969457609269,0.9728183118741058,0.9836612204068023,0.9683666881859264,0.980980980980981,0.9732721704264256,0.9766555502620295,0.9719338465676306,0.9726443768996961,0.9752940928891601,0.9768522510315945,0.9849942285494421,0.9772209091408783,0.9764078990765171,0.9783839212523477,0.9712940385100479,0.973886893160306,0.9761568269948679,0.9656638168416243,0.9735897503462128,0.9845384265575261,0.9818032786885246,0.9836612204068023,0.9977220956719818,0.9843937575030012,0.9876844921063918,1.0,0.9974025974025974,0.9899974352398051,0.9852666177705524,0.9854837737413895,0.9940544901040378,1.0,0.9942857142857143,1.0004547521600728,1.0001099770722983,1.0,1.0,1.0,1.0,1.0,1.0,0.9873417721518988,1.0,1.0003239952677854,1.0,1.0005002501250626,1.0003449465332874,1.0000052631855958,1.0,0.983432640973672,0.9853468584573598,0.989384887041767,0.9772727272727273,0.9727559348923485,0.9712660615348343,1.0,1.0,0.9969989996665555,1.0,1.0,0.9951325040562466,1.0,1.0,1.0,0.9923115088904189,0.9813290590885462,0.9873113540658593,1.0,0.9961746915394303,1.0,1.0,1.0,1.0,1.0,1.0,1.0,1.0,0.9838565022421525,0.9842448447740577,1.0,1.0,1.0,1.0,1.0,1.0,0.987012987012987,0.9920819078948406,0.9866220735785953,0.9813817194296695,0.987082643440783
394396,371,"Bluefield, WV",msa,VA,,,,0.9422850412249706,0.9301900927053095,0.9497716894977168,0.9463158792427085,0.9454949944382648,0.9604726712856043,0.9137055837563451,0.9495305164319249,0.9453197405004634,0.9242135435845229,0.9354838709677419,0.9554140127388535,0.9401478873239436,0.9379189008042895,0.9484536082474226,0.9497084548104956,0.9517144856543037,0.948905109489051,0.9435022234065296,0.9331226961558715,0.9429569266589057,0.9672619047619048,0.9537210756722951,0.9792179463277787,0.9540636042402827,0.9276595744680851,0.9490600363856883,0.9532030416471992,0.9647209936031176,0.9621621621621622,0.9459459459459459,0.9517241379310345,0.9386877865092329,0.9351497684463472,0.9619238476953907,0.9538461538461539,0.9575757575757575,0.9787234042553191,0.9777777777777777,0.9893983609412187,0.9644099968364441,0.9692307692307692,0.9767441860465116,0.9510813058847993,0.9551639598835876,0.9914255091103966,0.9590506934481109,0.9964028776978417,0.9814814814814814,0.9553158705701078,0.9784526112185686,0.9739130434782609,0.9701585821700809,0.9636363636363636,0.9673115410273516,0.9545579459133025,0.95,0.9831538249102458,0.9546665164417988,0.9604802401200601,0.9965704486996285,0.9668771929824562,0.978921043229725,0.9719839908519153,0.9893048128342246,0.9574468085106383,0.9706238753401821,0.9366895499618613,0.9664795509222133,0.9202121311988306,0.92,0.9486086964782778,0.9726027397260274,0.9648351648351648,0.9596193362193363,0.9566102756892231,0.9732319106936219,0.9469129828356722,0.9636189743307866,0.9333333333333333,0.942714126807564,0.9373354397051079,0.9501547987616099,0.9721569340038159,0.9545454545454546,0.963171114599686,0.9486410326333969,0.9628278206544338,0.9543817527010804,0.9601551226551226,0.9624413145539906,0.9618503118503119,0.9595959595959596,0.9429121231558691
395095,372,"Show Low, AZ",msa,AZ,,,0.983275663206459,0.9763057223519045,0.9836216691140434,0.9753469257963427,0.970776386922402,0.9687341469251016,0.9714285714285714,0.9719398546215305,0.9770316513487451,0.9884778653729533,0.9595160116448327,0.9686936078281865,0.9739583333333334,0.98,0.9757843070182852,0.9717868338557993,0.978357376296777,0.9743391970377283,0.9788798653065267,0.9766555502620295,0.976390556222489,0.9772989611388996,0.9523809523809523,0.9779890068608261,0.988918598939433,0.9766806722689075,0.9772429609348051,0.9881422924901185,0.9903648365268783,0.9927022817723755,1.0,0.9990623046468015,1.0,1.0,1.0,0.9860708685206232,1.0,1.0,1.0,1.0,1.0,1.0,1.0,1.0,0.9917491602469941,1.0,0.9886454992918545,0.9850746268656716,1.0,1.0,1.0,1.0,0.9772924061258618,0.9783042841952326,0.9842008610842632,0.9899749373433584,0.9649723743837344,0.9636363636363636,0.9813333333333333,0.9733333333333334,0.9704450047518661,0.9687906371911573,0.9744990892531876,0.9739583333333334,0.975609756097561,0.9729597888484454,0.9841688654353562,0.9833972348494099,0.9701754385964912,0.971830985915493,0.9746088740702744,0.9669145934855091,0.9779951100244498,0.9725793071192195,0.9818181818181818,0.9798789823103029,0.9779016553932567,0.9754901960784313,0.9766277128547579,0.9769672855879752,0.9715293905842111,0.9696503317126635,0.9761904761904762,0.9793248679909479,0.9808219892177864,0.9744349759170063,0.9753846153846154,0.9690265486725663,0.9755281788282513,0.9745466248170453,0.9775859470502537,0.9745778060600128,0.9730983302411874,0.9627898926964347,0.9873417721518988
395023,373,"Richmond, KY",msa,KY,0.9764086462471699,0.975047121937074,0.9736555142503098,0.9783653578390421,0.9890741805635422,0.9842105263157894,0.9733635906820264,0.982610394685424,0.974389755902361,0.9804902451225613,0.9733036707452726,0.9734991887506761,0.9754877438719359,0.9767371090448014,0.9754877438719359,0.986013986013986,0.9782608695652174,0.9880239520958084,0.9822646657571623,0.9782662501320536,0.9815950920245399,0.976115519993004,0.9865470852017937,0.9838799332962757,0.9759101899827288,0.9823972408559656,0.9816314892681453,0.9807621161672215,0.9881944444444445,0.987207746571507,0.9916434540389972,1.0,0.9885931558935361,0.9990990990990991,1.0,0.9862473318743077,0.989253817343705,0.990906335253107,1.0,1.0,1.0,1.0,1.0,1.0,0.9816391877346107,0.9974984365228268,1.0,0.995260663507109,0.968503937007874,1.0,0.9814366680264727,1.0,1.0,1.0,1.0,1.0,0.9826086956521739,0.987012987012987,0.9744143583065578,0.9777171441564347,0.9880952380952381,0.9822143174744331,0.9818451278251205,0.9928838183591613,1.0,0.9964692036092585,0.993773772611694,0.9934640522875817,0.9869706840390879,1.0,0.9808988764044944,0.9806395782721224,0.9629629629629629,0.9875228906651627,0.9813140381628263,0.9940613595878197,0.9933333333333333,1.0,0.9818451278251205,0.9939973044244756,0.9794628751974723,0.983974358974359,0.9892849211636687,0.9864058219497195,0.9806700709926517,0.9846450944373792,0.9811465948441709,0.990436624307592,0.9844395046046364,0.9860103384338772,0.9904952476238119,0.9888595217576037,0.9818181818181818,0.9826377773975838,0.9847058823529412,0.979933110367893,0.9787048948201346
395168,374,"Tullahoma, TN",msa,TN,,,,,,,,,,,,,,,,,,,,,,,,,,,,,,,,,,,,,1.0,0.99311886432523,1.0,1.0,1.0,1.0,1.0,1.0,1.0,1.0,0.9936005389019872,1.0,0.9888169511477339,1.0,1.0,1.0005002501250626,1.0,1.0,1.0,1.0,0.9790475546195163,0.9831768071899651,0.98,0.9824937477670597,0.9767441860465116,0.9739581722665498,0.968054211035818,0.9824561403508771,0.986235057403243,1.0,0.9803921568627451,0.9787607475850162,0.9803921568627451,0.9810165620343454,0.9797460960791031,0.9841298872631327,0.9771688230788921,0.9922890068918766,0.9819939924839888,0.9793217852604286,0.9811856878469183,0.9821428571428571,0.9827692307692307,0.972982143144804,0.9890671420083186,0.9886889340964415,0.994081376945397,0.9797456671110656,0.9799554565701559,0.9818181818181818,0.9813821209514972,0.975177304964539,0.9869639563583177,0.9792349373347131,1.0,0.9816018633540373,0.9750904312497701,0.9827146911154769,0.9818036984352774,0.9695856297203511,0.9791400595998297
394709,376,"Ithaca, NY",msa,NY,,,,,,,,,,,,,,,,,,,,,,,,,,,,,,,,,,,,,,,,,,,,,,,,,,,,,,,,,,,,,,,,,,,,,,,,,,,0.9938775510204081,1.019642857142857,1.0389610389610389,1.0507692307692307,1.0,0.9928782187490559,1.0012147103785503,1.0,1.0,0.9781751402977811,1.0,0.9642806520198441,1.0,1.0001316135825218,1.0,1.0,1.0,1.0,1.0,0.9797297297297297,0.9761904761904762,0.9818181818181818,0.9715264533214975
394637,377,"Grand Forks, ND",msa,MN,,,,,,,,,,,,,,,,,,,,,,,,,,,0.9572742022714981,0.9822646883273705,0.9784396027864236,0.9811076662280017,0.9792727595951216,0.9912790697674418,0.9789880192179043,0.9769461220635107,0.98,0.9810971031310549,0.9835133622675787,0.9899693126365978,0.981203007518797,0.9807846277021617,1.0,1.0,1.0,0.9981996399279855,1.0,1.0,1.0,1.0,0.9873294006517597,0.9937888198757764,0.9971866208190059,1.0,1.0,1.0,1.0,1.0,0.9941608266274617,0.9989468141126909,0.9761904761904762,0.978448275862069,0.9775816348336248,0.961139337952271,0.9737093352192362,0.9760665895580487,0.9853872770827788,1.0,0.9888888888888889,1.0,0.986945747103665,0.9748294837897333,0.9761904761904762,0.9818181818181818,0.9787388560552941,0.9870205205684228,0.9931684243176179,0.99364892555036,1.0,1.0,1.0,0.9855072463768116,0.9838799332962757,1.0,0.9809947533607828,0.9783446719173357,0.9828448892065761,0.9778262718008075,0.9873546685844421,0.9939986663703044,1.0,1.0,1.0,1.0,0.9860724233983287,0.9934016772176497,0.9821428571428571,0.9753846153846154,0.9849699398797596
394524,378,"Decatur, IL",msa,IL,0.9407763105242097,0.9384720327421555,0.9564631645849919,0.962151996180119,0.9572742022714981,0.9671310282283242,0.9727626459143969,0.9616888193901486,0.960160053351117,0.9585121602288984,0.9630645484382945,0.948114190456345,0.9449694274596998,0.9354677338669335,0.9489748477381561,0.9694415173867229,0.9682539682539683,0.9718172983479106,0.9615384615384616,0.96895639529791,0.9671750099211973,0.9680365296803652,0.9591836734693877,0.9607476323862878,0.9545804464973057,0.9581564584596726,0.9566787003610109,0.9587328053355565,0.9652509652509652,0.9652736904061212,0.975609756097561,0.9643462059620596,0.9733306656098377,0.9739596421320506,0.9811279108266195,0.9727272727272728,0.9529481834425253,0.9622792461775513,0.966542750929368,0.9842863019333608,1.0,0.9943672977180019,1.0,1.0,1.0,0.9902758347734424,0.975,0.9731060171919771,0.9720662392822488,0.9683083390534919,1.0,1.0,1.0,1.0006012275302953,0.9954555556731471,0.9948717948717949,0.9790794979079498,0.9857142857142858,0.9718652282676673,0.9629967042008998,0.9634180641985726,0.9568913175470553,0.9702850212249848,1.0,1.0001667222407469,1.0,1.0,1.0,0.9925650557620818,1.0,0.966183574879227,0.9787234042553191,0.9705232139435624,0.9705069276485049,0.9854014598540146,1.0003847633705272,1.0,0.9871860289791115,1.0,0.9841534612176814,0.975609756097561,0.9781883767999954,0.9811760088430942,0.9782125389061805,0.9683336942159897,0.9739130434782609,0.9877340219496449,1.0,1.0,1.0,1.0,0.9872926392831676,0.9935897435897436,0.9727626459143969,0.9766998681542706,0.9787234042553191,0.9573286656293991
394762,379,"LaGrange, GA",msa,GA,0.9645131938125568,0.9803921568627451,0.9787234042553191,0.9843247926243446,0.9791400595998297,0.9949531362653208,0.9745441081181153,0.969238513078327,0.9877099044746104,0.9875024687561719,0.97911227154047,0.9716239442678538,0.9720772522702295,0.9888169511477339,0.9781021897810219,0.9833374305726273,0.993157962837959,0.9792709077912795,0.9858274280950396,0.9742441209406495,0.9774115492773527,0.9661016949152542,0.9711595055915244,0.976390556222489,0.9887514682876211,0.9585121602288984,0.991370716872382,0.9826589595375722,0.9880095636580992,1.0,1.0,0.9930178432893716,0.9962264150943396,1.0,0.9734991887506761,0.977765375523804,0.9932859704660482,0.984500143524208,1.0,1.0,0.9859863325649273,1.0,1.0,1.0,1.0,0.9905482041587902,0.9958327545492429,1.0,1.0,1.0,0.9875123439042988,1.0,1.0,1.0,0.9984126984126984,1.0,0.9846827133479212,0.9835889157923057,0.9901299371111036,0.9855630551904899,0.9799196787148594,1.0,1.0,0.9843158464034614,1.0,1.0,1.0,1.0,1.0,1.0,1.0,0.9777934527654077,1.0,0.9998333271602652,1.0,1.0,0.996625625240477,1.0,1.0,1.0,0.9801932367149758,0.9849315068493151,0.9865470852017937,0.9839357429718876,0.9855502037791775,0.9911111111111112,0.978100652769004,1.0,0.9887715770068711,1.0,0.9852654387865656,0.9879116298457691,0.9785183091627409,0.97868638538495,0.9793574412213404,0.9869044132005468,0.9787112444634948
394369,380,"Bay City, MI",msa,MI,0.9738260200153964,0.967741935483871,0.9866161616161616,0.9706303445477811,0.9870201756848902,0.9823911028730306,0.9732977303070761,0.9777777777777777,0.9768875364904207,0.9728183118741058,0.9677315229388368,0.9676557705136758,0.9682065456642894,0.9776751347190146,0.9659568653829984,0.98,0.9805018621951619,0.9836767049147654,0.9789178829426507,0.9938514536249283,0.9830969857492526,0.9860611947547353,0.9642857142857143,0.9827950477499515,0.968913006410933,0.9670770746121645,0.9761388286334056,0.982698335803032,0.9665527102988067,1.0,1.0,0.989468141126909,1.0,1.0,0.9904139323573953,1.0,0.9909619109102646,1.0,1.0,1.0,1.0,1.0,1.0,1.0,1.0,1.0,1.0,0.9941880439761795,0.9968167348794907,1.0,1.0,1.0,1.0,1.002004008016032,1.0,1.0,1.0,1.0,1.0,1.0,0.9820585457979226,0.9770733959070627,1.0,1.0003847633705272,1.0,1.0140093395597065,1.0,1.0109188570260037,1.0,1.0,1.0,1.0,0.980653769179453,0.9710982658959537,1.0,1.0,1.0000033333444445,1.0,1.0,1.0002703433360367,1.0,1.0,0.9959072305593452,0.9864931017123758,0.9930232558139535,0.98,1.0,1.0,1.0,0.996366157799152,1.0,1.0,1.0,1.0,0.979557069846678,1.0,0.9721645640736158
394630,382,"Gettysburg, PA",msa,PA,,,0.9876138826052294,0.9777171441564347,0.9828170554637643,0.9909628733472333,0.9851470142467414,0.9912663755458515,0.996779115104255,0.9901499233947009,0.9818451278251205,0.9810988336402702,0.9715870814345156,0.9802618001211223,0.9846924678458155,0.9815950920245399,0.9811465948441709,0.9973404255319149,0.997790183763666,0.9985915492957746,1.0,0.9811739727839098,0.9788361880226952,0.9790575916230366,0.9885931558935361,1.0,1.0,0.9843260188087775,0.9774941176470588,1.0,1.0,1.0,1.0,1.0,1.0,1.0,1.0,1.0,1.0,1.0,1.0,1.0,1.0,1.0,1.0,1.0,1.0,1.0,1.0,1.0,1.0,1.0150943396226415,1.0002887032117154,1.0,1.0,1.0,1.0,1.0,1.0,1.0,1.0,1.0,1.0,1.0,1.0,1.0,1.0,1.0,1.0001163061177016,1.0,1.0,1.0,1.0,1.0,1.0,1.0,1.0,1.0,1.0,1.0,1.0,1.0,1.0,1.0,1.0,1.0,1.0,1.0,1.0,1.0,1.0,1.0,1.0,1.0,1.0,1.0,0.9906110646599777
394620,383,"Gadsden, AL",msa,AL,,,,,,,,,,,,,,,,,,,,,,,,,,,,,,,,,,,,,0.9856762499679987,0.9689310163243813,0.9761392334775669,0.9756491218178229,1.0,1.0,0.9974993053626007,0.9911838943661118,1.0,0.9860009834654866,0.9719800785412751,0.9982685648326279,1.0,0.982772992497916,0.9960905048658659,1.0,1.0,1.0,0.9807767752059631,0.9632033513394922,0.9723186028926327,0.9704558382205833,0.9441888377675535,0.9823708249086883,0.9514619883040936,0.979229246083595,0.9672059335221974,0.9845505617977528,0.9931506849315068,0.9833112212492296,0.9708107588940744,0.9746088740702744,0.9754877438719359,0.9548347984237647,0.9608730369976044,0.9693558474046279,0.9637079436740836,0.9728678094436849,0.9824135839902971,0.9736857599923356,0.9712140175219024,0.9744475846694836,0.9753139610959516,0.9671979243884359,0.9695290858725761,0.9626345788473718,0.9746367683578556,0.9656372335798173,0.96,0.9696581196581197,0.9777777777777777,0.9793450809246593,0.9633197480548351,0.977352504222429,0.9766555502620295,0.9666265936088507,0.9710743801652892,0.9627406851712929,0.9771423709003342,0.9595663052543786,0.9663522012578616
394518,385,"Danville, VA",msa,VA,,,,,,,,,,,,,,0.9534883720930233,0.9714122355631789,0.9560267895672587,0.978275681341719,0.9819230769230769,0.9656335584807768,0.9585121602288984,0.9588864148339128,0.9783549783549783,0.9597350910257683,0.9624177691028699,0.9285164468620106,0.963225744696212,0.9640745793542519,0.9762202753441802,0.9661016949152542,0.9814223228857375,0.9678980480722698,0.9827586206896551,0.9820333512641205,0.9753339873793345,0.9771802054154994,0.9557889594528579,0.9880170601843041,0.978865406006674,0.9890859481582538,1.0,1.0,1.0,1.0,1.0,1.0,1.0,1.0,1.0,1.0,1.0,0.9954977488744372,0.9953402204013257,0.992,1.0,1.0,1.00140559160951,1.0,0.9693558474046279,1.0,0.9663865546218487,0.9683287865009599,0.9775764091537398,0.9893992932862191,0.9820388654032508,1.0,0.9861671817898097,1.0,1.0,1.0,0.9846938775510204,0.9787671498812259,0.9842473269484775,0.9753846153846154,0.9787234042553191,0.9850275137568785,1.0,0.9895050288080522,0.989982917929553,0.9963441416024268,0.9652509652509652,0.9727449593208348,0.9682539682539683,0.9547738693467337,0.9862528760233292,0.9747812489603087,0.9625447148769026,0.9846827133479212,0.9742806321134772,0.9774221206058874,0.9790356394129979,0.98498905184408,0.9816053511705686,0.9663179213196562,0.9747823058167886,0.9649122807017544,0.974846847160205,0.9840181102034011
394823,386,"Mankato, MN",msa,MN,,,,,,,,,,,,,,,,,,,,,,,,,,,,,,,,,,,,,,,,,,,,,,,,,,,,,,,,,,,,,,,,,,,,,,,,,,,,,,,,,,,,,,,0.9917808219178083,0.9818145454545455,1.005622781542433,1.0,0.9949974987493747,1.0,1.0,0.9883087710937103,1.0,0.9860724233983287,0.9860797065199267
394794,387,"Lima, OH",msa,OH,,,,,,,,,,,,,,,,,,,,,,,,,,,,0.996414417814682,0.975576981581276,0.9702850212249848,0.9846153846153847,1.0,0.9914797302065794,0.9973333333333333,0.9781420765027322,0.9841271735831427,0.9886167644015178,0.9691009589213182,0.9923076923076923,1.0,1.0,1.0,1.0,1.0,0.9899888765294772,0.9916317991631799,0.9775596789564938,0.9828069158697962,0.9767988880573077,0.9836612204068023,0.990932708994383,1.0,1.0222469410456063,1.0002440214738897,1.0,1.0,0.983949666153056,0.9871244635193133,0.985373364126251,0.969735182849937,0.9800566614478491,0.9773781736769399,0.9803921568627451,0.9877637249128317,1.0,1.0,1.0,0.9848484848484849,0.9974358974358974,0.9939271011145697,0.9792096610584491,0.9900325307028376,0.9690490630588602,0.9555555555555556,0.9899497487437185,0.987615341856587,0.9919933578802974,1.0,0.9850746268656716,1.0,0.9890698214375425,0.9922656960873522,0.9802681627995435,0.9739826551034023,0.9774504455355519,1.0,0.9824937477670597,0.9985933104095029,0.9775280898876404,1.0,0.9795221843003413,0.9725073313782991,0.9960852544584602,0.9751161510863698,0.9691244553376906,0.9748751973469514,0.9622641509433962
753915,388,"Salem, OH",msa,OH,0.9537701084613708,0.9750517598343685,0.9659090909090909,0.958904109589041,0.9607099748790546,0.9698461624961827,0.9699666295884316,0.9826086956521739,0.9733370049905552,0.9644444444444444,0.9588235294117647,0.9548311606486551,0.9585121602288984,0.96,0.9550561797752809,0.9611320754716981,0.968421052631579,0.9738260200153964,0.9528346831824679,0.9675166774262965,0.9603843074459568,0.955006191468379,0.9470899470899471,0.9536797513612542,0.957308743169399,0.9734797958376619,0.980449126561056,0.9797297297297297,0.9680365296803652,0.9743589743589743,0.9798994974874372,0.9928585131894485,0.9866030283080975,0.9871654234313295,0.9911660231660231,0.9784615384615385,0.9722297992794647,0.9923253226524255,0.9811904761904762,0.9819639278557114,1.0,1.0,1.0,0.991304347826087,1.0,0.9978813559322034,0.9953488372093023,1.0,0.9816566566566567,0.9658421672555948,0.9981985588470776,0.9949874686716792,1.0,1.0,1.0,1.0,0.9764229578471064,0.9874214050618545,0.982532751091703,0.9699672628037685,0.9543859649122807,0.9572520473157415,0.990139295416308,0.952523838891788,1.0,1.0,1.0,0.9855072463768116,1.0,0.9809133982627007,0.97868638538495,0.9733606557377049,0.9781363288464799,0.9727272727272728,0.9813557779799817,0.967741935483871,0.9804010966088563,0.9980430528375733,0.9614940160977521,1.0,0.9942084942084942,0.9574468085106383,0.9838529020130022,0.9774813116798841,0.9946415538074771,0.9892297441419586,0.9815242494226328,0.9868853820598007,0.9888965517241379,0.9864864864864865,1.0,0.9929824561403509,1.0,0.9881656804733728,0.968575,0.9745466534978685,1.0
395166,389,"Truckee, CA",msa,CA,0.9863013698630136,0.975609756097561,0.9826419535157399,0.9912242272110132,0.9882128824860102,0.9874121934472985,0.9807657107422889,0.9877899877899878,0.9910256410256411,0.9797297297297297,0.9837772247287333,0.984375,0.9864931059506532,0.9855072463768116,0.9803921568627451,0.9872495446265938,0.9893390191897654,0.9862475442043221,0.9891067538126361,0.9877340219496449,0.9855072463768116,0.98498427968384,0.9832011281508901,0.9852786377708979,0.9701231223234628,0.9854014598540146,0.9952765303648264,0.9863013698630136,0.9884533626686297,0.9924603785197723,0.9947247626664812,1.0,1.0001449485432672,1.000350048860735,1.0,1.0,1.0,1.0,1.0,1.003234638776598,1.023392612859097,1.0217864923747277,1.0089285714285714,1.0008741015952776,1.001669449081803,1.0002857959416975,1.0,1.0,1.0,1.0,1.0,1.005586592178771,1.0,1.0,0.9961681009672755,0.9824253075571178,0.9859350652371095,0.9766277128547579,0.9794520547945206,0.967741935483871,0.99,0.9824780976220275,0.9819967266775778,0.981081081081081,1.0,1.0,1.0,1.0,0.9849976558837319,0.9834287048021431,0.986524500907441,0.9740740740740741,0.9805825242718447,0.9869646182495344,0.9914386697432516,1.0,1.0,1.0,0.9911260350785682,0.9893992932862191,0.9847010497659243,0.9881553125876086,0.9834357077463038,0.9800802597966692,0.9776536312849162,0.9816810690588654,0.9920920201294033,0.9935827077195983,0.9941745632192864,1.0,0.9817850637522769,0.9763560500695411,0.9777777777777777,0.9769094138543517,0.9794094794094794,1.0,0.9868658874563201
395080,390,"Sebring, FL",msa,FL,0.9666666666666667,0.9723546234509056,0.9681619822772088,0.9624060150375939,0.9727626459143969,0.9702850212249848,0.9734826163818503,0.966183574879227,0.9714158106297455,0.9752308375251233,0.9704279726489844,0.9721229449606862,0.9642857142857143,0.964866345690597,0.9558728098637248,0.9624477491672243,0.9649749821300929,0.96691788411455,0.9713024282560706,0.9651789721828153,0.9695646420537251,0.9619109102646869,0.9626436781609196,0.9603841536614646,0.9647360117751056,0.9678964581927589,0.9730636676945402,0.9739130434782609,0.9649749821300929,0.9672075233189728,0.9727626459143969,0.9759705585221532,0.9777474609671062,0.9725166662409646,0.9706439937955995,0.9894239643543264,0.9709456064542987,0.9694989106753813,0.9828941394097368,1.0,0.9899067398049057,1.0,1.0,1.0,0.9959622750396262,1.0,0.9903961584633854,0.9891304347826086,0.9818572345114229,0.9937888198757764,1.0,1.0,1.0,1.0,0.9889810174894804,0.9798657718120806,0.97868638538495,0.9750048750243752,0.9741952470740118,0.9660641298716252,0.9692307692307692,0.9746835443037974,0.9775252525252525,0.9777627931370345,0.9765625,0.97868638538495,0.9784160931208694,0.9711981566820276,0.9750048750243752,0.97868638538495,0.9741838774150566,0.9741969457609269,0.9684019486262118,0.9717062017719348,0.9692832764505119,0.965932128026769,0.9761904761904762,0.9740248799528236,0.9698334698334699,0.9672897196261683,0.9592089307814433,0.9672963821065763,0.9633204633204633,0.9782309176081565,0.9595959595959596,0.9639869043288468,0.9672043010752689,0.9756838905775076,0.9594305464121132,0.9731953472459802,0.9714285714285714,0.967741935483871,0.9615384615384616,0.9652509652509652,0.9720263621643818,0.9666666666666667,0.962772785622593
394462,391,"Cheyenne, WY",msa,WY,0.9960629154127606,1.0,1.0,1.0,0.9962484368486869,1.0,0.9988535396961881,1.0,0.9988211013653503,0.9960852544584602,0.9934050771285824,0.9961992797118848,0.9958885335769758,0.9932659932659933,1.0,1.0,1.0,1.0,1.0,1.0,1.0,1.0,1.0,0.9906101216716628,0.9945912975853735,1.0,1.0,1.0,1.0,1.0,1.0,1.0,1.0,1.0,1.0,1.0,0.9960044138892317,1.0,1.0,1.0,1.0,1.0,1.0027328716027195,1.0,1.0,1.0,1.0,1.0,1.0,1.0,1.0,1.0,1.0,1.0,1.0,1.0,1.0,1.0,1.0,0.984569335948572,0.9824561403508771,0.987905875507266,0.992253065997815,0.9983865184653997,0.9878419452887538,1.0,1.0,0.9939785905441569,0.9937155905973183,0.9953150620754275,0.9857709176788124,0.9830508474576272,0.9900990099009901,0.9862227143309079,1.0,0.9952340019102197,1.0,1.0,1.0,0.9973243020997264,1.0,1.0,0.9936123213485891,0.99317195162303,0.9885446261957198,0.9954425521707844,1.0,0.9998714248978542,1.0,1.0,1.0,1.0,0.9946428571428572,1.0,1.0,0.9912298091751038,0.9984480082772892
394689,392,"Hot Springs, AR",msa,AR,,,,,,,,,,,,,,,,,,,,,,,,,,,,,,,,,,,,,,,,,,1.0,1.0,1.0,0.9862233436000015,0.9799189903687939,0.9899983330555092,0.9868455223182906,0.9954689254005511,1.0,1.0,1.0,1.0,1.0,1.0,1.0,0.9862385321100917,0.98,0.9831605122466741,0.9773207654955727,0.9597056416335055,0.9717233532197552,0.9834748531581412,0.9753086419753086,0.9770114942528736,0.978094781132354,0.9767441860465116,0.97868638538495,0.9787371320864144,0.9776536312849162,0.9763572554075347,0.9662358996824005,0.9673366834170855,0.9772727272727273,0.9847900215362526,0.972084443533511,0.978945646365116,0.9752438109527382,0.9819390084801043,0.9635554965480616,0.9709611342217059,0.9727626459143969,0.9810106163484262,0.9736796536796537,0.969322650504806,0.9692307692307692,0.9615384615384616,0.9742268041237113,0.9755770662695458,0.9762176271802876,0.9696969696969697,0.972972972972973,0.9744160177975528,0.9579034722815861,0.9697933227344993,0.9620253164556962,0.958944492824138
394302,393,"Adrian, MI",msa,MI,0.9607727651601259,0.9741969457609269,0.9722293607452619,0.989755788672189,0.9858139973589888,1.0,0.9894570257085732,0.9833194328607172,0.980980980980981,0.9782125389061805,0.9818508756673394,0.9730349499283787,0.9717742305868786,0.9763313609467456,0.9772392852452156,0.9866592551417455,0.9853816185804839,0.9921038479085902,0.9825195901145268,0.9821428571428571,0.9817351598173516,0.9877469367341836,0.9791400595998297,0.9805924412665986,0.980980980980981,0.962278675904542,0.9904231735553475,0.9694078300216408,0.9807621247113164,0.9896907216494846,1.0,0.9918367346938776,1.0,1.0,1.0,1.0,0.9863841813794421,1.0,1.0,1.0,1.0005885815185402,1.0056730273336771,1.0,1.0,1.0,0.9954977488744372,0.9874108787370292,0.9916943636137965,0.994725354674427,0.9856262833675564,0.9931969148449127,1.0,1.0,1.0,1.0,0.9898879391435933,1.0,0.9836612204068023,0.9920942239432076,0.9625,0.9963971176941553,0.9642857142857143,0.9653345535895872,0.9976917158245704,1.0,1.0,0.9948535936113576,1.0,1.0,0.9838187702265372,0.9866666666666667,1.0,0.9986762759229298,1.0,0.9891891891891892,0.9917129519363597,0.987315962378518,1.0,1.0,0.9824561403508771,0.9935483870967742,0.9742308258216399,1.0,0.9762139985015905,1.0,0.9810777277828688,0.9794520547945206,0.9893650793650794,1.0,0.9849977269283224,1.0,1.0,0.984897245521121,0.9820051413881749,0.9829059829059829,0.9905242571446596,0.9795563288386255
394542,396,"Dubuque, IA",msa,IA,,,,,,,,,,,,,,,,0.9770114942528736,0.9871244635193133,0.9815636736087402,0.984182776801406,0.9822090437361009,0.9857142857142858,0.9785803451611896,0.98,0.9791515122643013,0.9743589743589743,0.9839935974389756,0.9815058538899413,0.9768067226890755,0.9795748228428511,0.97884992606452,0.9927777437046867,0.9799918334013883,0.9892704970094744,0.9861456936729873,1.0,0.9806763285024155,0.9770773638968482,0.9782608695652174,1.0,0.9994114184814598,1.000400320256205,1.0,1.000741289844329,1.0,0.9864188706218727,0.9884053971403212,0.9971387696709585,0.9851063829787234,0.9824985562523051,0.9868537367716516,1.0,1.0,1.0,1.0,1.0017277877161597,1.0,0.9918475852902082,0.9919957425143973,0.9753013798111838,0.9771929824561404,0.9719986418109188,0.9777777777777777,0.982853157760547,0.9862905215888735,1.0,1.0,0.9935493774518165,0.993275553494396,0.9847288046340179,0.9878717948717949,0.9775554353704705,1.0,0.975,0.9818910548369466,0.981999927999712,1.0,0.9852525801195002,1.0,0.9971017497304917,1.0,0.980988936554527,0.981193009118541,0.9795837220962317,0.9810333551340745,0.975609756097561,0.9862359418380311,0.9892086330935251,0.9888169511477339,1.0,1.0,1.0,0.9863013698630136,0.9821428571428571,0.9830508474576272,0.9859043081199126,0.9764309764309764,0.975609756097561
394852,397,"Meridian, MS",msa,MS,,,,,,,,,,,,,,,,,,,,,,,,,,,,,,,,,,,,,,,,,,,,,,,,,,,,,,,,,,,,,,,,,,,,,,,,,,0.960172570390554,0.981404958677686,0.9807692307692307,0.97983789260385,0.976271186440678,0.981585652360941,0.9759822215126539,0.9710767029485411,0.9840497431738308,0.9655172413793104,0.9727099836718303,0.9734814593896013,0.9272727272727272,0.9648120854826824,0.9652509652509652,0.978716468758509,0.982683557563259,0.9852463115778944,0.9845238095238096,0.9827115559599636,0.9705367389577142,0.9725209563084554,0.967741935483871,0.9575625680087051
753912,398,"Pinehurst, NC",msa,NC,0.9700706873214017,0.9698492462311558,0.9773581681476418,0.980139266006832,0.9768227855184377,0.9745664739884393,0.9809369511234934,0.9731543624161074,0.9711595055915244,0.9708333333333333,0.9707724425887265,0.9685232295489168,0.9744186046511628,0.9713257965056525,0.9782505910165484,0.9851548389938769,0.9874005480487574,0.9811320754716981,0.9848865539820314,0.9776536312849162,0.9811320754716981,0.9813605253100789,0.9797822706065319,0.9767890337323435,0.9682804674457429,0.9850870711859536,0.9851301115241635,0.9861988508301324,0.9804377141191049,0.9916317991631799,0.9940606439512347,0.9909669925652878,0.9879518072289156,0.9974609918316769,0.9916762079230593,0.9973992197659298,0.9797590235310782,0.9954166099748404,1.0,1.0046464874269052,1.0064516129032257,1.0148698884758365,1.0117929482370593,1.0026385224274406,1.0,1.0,1.0,1.0001316135825218,1.0007704160246533,1.0,1.009588598824568,1.0226969696969697,1.0462497203488441,1.0217391304347827,1.0,1.0,1.0,0.9876328465479012,0.988496816531284,0.9888328193626764,0.9886578449905482,0.9761698391646274,0.9932218296156781,1.0,1.0,1.0,1.0,1.0,0.9889093137254903,0.9888888888888889,0.9896907216494846,0.9890909090909091,0.9896907216494846,0.9985038683665686,1.0,0.9962551006976439,1.0,1.0,1.0,0.9858332079634924,0.9828571428571429,0.9884079335298848,0.984251968503937,0.980980980980981,0.9845288326300985,0.9856028327959465,0.9830188679245283,0.994535519125683,0.991336032388664,0.9871794871794872,0.9896907216494846,0.9863013698630136,0.9803921568627451,0.9820842026427006,0.9767753327900026,0.976950106721099,0.9767441860465116
394953,399,"Paducah, KY",msa,KY,,,,,,,,,,,,,,,,,,,,,,,,,,,,,,,,,,,,,,,,,,,,,,,,,,,,,,,,,,,,,,,,0.9501015521175498,1.0,1.0,0.9642945391648134,0.9928571428571429,0.9641025641025641,1.0,0.9782125389061805,0.9538461538461539,0.9559478407797598,0.9708109200619165,0.9672617285295727,0.9933774834437086,0.9760765550239234,0.9880458648450842,0.9747101875783709,0.9782125389061805,0.9757566852776962,0.9903961584633854,0.9818181818181818,0.960448315980428,0.9777777777777777,0.9530434782608695,0.966496450367418,0.9888059701492538,0.9755120071840329,0.9794897253874228,0.9734927458775611,0.964404049482422,0.9782135076252724,0.9815384615384616,0.9895549994559896,0.9834558491511438,0.9695634095634096
395190,400,"Victoria, TX",msa,TX,0.9629738252928821,0.9748224661071659,0.9860682652655676,0.9780637515233506,0.9829311359623308,0.9748887048566299,0.9878903760356915,0.9838709677419355,0.9824881596434889,0.972972972972973,0.9906976744186047,0.9868229893884075,0.9741969457609269,0.98281757527549,0.98469672252621,0.9762532981530343,0.9868375576036866,0.9869956652217405,0.973683284158317,0.984188447886415,0.9744349759170063,0.9727272727272728,0.9753947197677645,0.9854108427255157,0.9777616307807897,0.9658502932045533,0.9961685823754789,0.9860104205953428,0.9863817578134398,0.9759267195200343,0.9825838481554203,0.9797752808988764,0.9824522921693354,0.9840560415874223,0.9813172296659747,0.9854932301740812,0.9804873405672949,0.9771573604060914,0.9864074296290983,0.9935314166083397,0.9846114388304693,0.988362831858407,1.0,1.0,1.0,0.9803536345776032,0.9931350114416476,0.989642196587787,0.9818181818181818,0.9773812515707464,0.9863462527676514,0.9924319727891157,1.0,1.0,0.9967974379503602,0.9920948616600791,0.9868949044585987,0.9819116616031783,0.9738049081148831,0.9799554565701559,0.9746238131318996,0.9760634356010078,0.9795610567921781,0.9805844283192783,0.9871259720424054,0.9855961589757268,0.9946844853502429,0.9784735812133072,0.9830508474576272,0.9741969457609269,0.9725815084868741,0.9824405423427428,0.9640406493130718,0.969811320754717,0.9826086956521739,0.9767610748002905,0.9775999491918326,0.9844961240310077,0.9855928689883914,0.9795748228428511,0.9724826624420939,0.9782715030667019,0.9833333333333333,0.9676110716275139,0.9863514892542296,0.9769402110199297,0.991107817710263,0.9903428571428572,0.9905214359217047,0.9818928504760127,0.9807355516637478,0.9810727178647201,0.972782318881928,0.9874326750448833,0.9673654659079909,0.9800744416873449,0.9805844660343541
395038,401,"Rome, GA",msa,GA,0.971401101026476,0.970873786407767,0.9719839908519153,0.9939597315436242,0.9743680976557689,0.9718913768461171,0.9740871613663133,0.9811320754716981,0.9749861033907726,0.9746346843121036,0.9630223171889838,0.9752899276409501,0.9765625,0.9643220234391472,0.96,0.9734848484848485,0.9741969457609269,0.9786729857819905,0.9795748228428511,0.9743366681165724,0.9853611618256901,0.9712960278341548,0.9691434318645046,0.9753372960766609,0.9707580001697649,0.9692316994460211,0.9758838573460428,0.9717062017719348,0.984609465178915,0.9833971902937421,0.9885931558935361,0.9982758620689656,0.979933110367893,1.0,0.991506674409294,0.9904831532104259,0.9708762721549894,0.990631103571175,0.9933184855233853,1.0,1.0,1.0,0.9889093701996927,1.0,0.9828571428571429,1.0,1.0,0.9791579824927052,0.9939103958242714,1.0,1.0,1.0,1.0,1.0,1.0,1.0,1.0,0.9883053247152971,0.976331071700917,0.9727626459143969,0.9720359302981365,0.9652173913043478,0.9760163569723337,1.0,0.9873015873015873,1.0,0.9830313488639632,0.9828009828009828,0.983770576851539,0.9903680492119838,0.9757343002741703,0.9891233920914722,0.9725870792350909,0.967741935483871,0.9868675799086758,0.9833349722249537,1.0,0.9971117673233283,0.9766304347826087,0.9858498214624554,0.9760858955588092,0.9791827108201772,0.96875,0.9690768169029038,1.0,0.9573895506396924,0.9801289643374128,0.9853819889031157,0.9818181818181818,0.9792761394101877,0.9712923271192636,0.9747899159663865,0.972972972972973,0.9940774580689842,0.969582100591716,0.9644234890698671,0.9736418700149987
395086,402,"Sevierville, TN",msa,TN,0.9681881051175657,0.9647969393761036,0.9723055889022276,0.9732272069464544,0.9688194444444445,0.972972972972973,0.9754877438719359,0.9755032533550223,0.9701309632683816,0.9781956391278256,0.9731663685152058,0.9770381396887422,0.9755487499847484,0.9711187571681785,0.9814746202297147,0.9818543963078072,0.9805281521621663,0.9799564270152505,0.9803921568627451,0.9775906151300947,0.9849845297510766,0.9724422988806217,0.9823828008360704,0.9863681753791134,0.9791400595998297,0.9799899949974987,0.9826589595375722,0.980172026806041,0.9727091494312168,0.9824561403508771,0.9842039800995024,0.9838798946418543,0.9857516226168139,0.992094335632774,0.989373746004379,0.9944757244185407,1.0,0.994986445445909,1.0,1.0,1.0,1.0,1.0,1.0,1.0,1.0,1.0,1.0,1.0,1.0,1.0,1.0,1.0,1.0,0.9859490354846392,0.9714285714285714,0.9767814821470348,0.9642412041031541,0.9629722268541678,0.9646246764452114,0.961686413294353,0.9632193578408561,0.9727492238703,0.9692605926336195,0.9806251338043246,0.9801112602072477,0.9731428571428572,0.9697815205627706,0.9693654171915042,0.9730758226037196,0.9616386416089681,0.9628492647058824,0.9680503336788686,0.9705847746793741,0.9615384615384616,0.9607729290225309,0.9766065967497699,0.9764705882352941,0.973981308411215,0.9611878093253451,0.9692105263157895,0.9689518649718691,0.974968671679198,0.96047067000768,0.9625240631015776,0.9627838076115676,0.9706751534439645,0.9751754261669922,0.9770114942528736,0.9626203275409426,0.9673023395772211,0.9653965900667161,0.9652958710879157,0.9650180940892642,0.9736706135629709,0.9685802091717587,0.9591598599766628
394882,403,"Moses Lake, WA",msa,WA,0.9929648074369191,0.9895188184849929,0.984375,0.9864450300864229,0.9877244828370084,0.9982363073079454,0.9880952380952381,0.9967845659163987,0.9904049700874367,0.9892086330935251,1.0,0.987465571134622,0.9815217855161524,0.9859116526823235,0.9800595238095238,1.0,1.0,0.9992856575918724,0.9972521673577082,1.0,0.9935897435897436,1.0,1.0,0.9804869570713055,0.9812996082271209,1.0,1.0,1.0,0.989028718941594,1.0,1.0,1.0,1.0,1.0,1.0,1.0,1.0,1.0,1.0,1.0,1.0,1.0021167514153155,1.006060606060606,1.0,1.0,1.0,1.0,1.0,1.0,1.0,1.0,1.0,1.0,1.0,1.0,1.0,0.9978165938864629,0.9976658886295432,0.9815946027221736,0.9866083772352288,0.993389957287827,0.9819672131147541,0.9931818181818182,0.9966442953020134,0.9863013698630136,0.9948844399586054,1.0,0.997191011235955,0.9936918075255854,0.9881264841894764,1.0,0.9934640522875817,1.0,0.9977494373593399,0.9977494373593399,1.0,1.0,1.0,1.0,0.9817977024863549,1.0,0.9929104099025974,0.9878546642171872,0.983751728152514,0.996413637761439,0.9772727272727273,0.9870637408568443,0.9833822260569456,1.0,1.0,0.9860672920151607,0.9927431059506531,0.9862468918438895,0.9844519103054926,0.9863013698630136,0.9835462819953444,0.9959349593495934
394340,404,"Ashtabula, OH",msa,OH,,,,,,,,,,,,,,,,,,,,,,,,,,0.9742120343839542,0.9745061374892332,0.95,0.9728183118741058,0.97581317764804,0.9857613001503677,0.9771164699846074,0.9897383273473577,0.9897260273972602,0.9806451612903225,0.9972972972972973,1.0,0.9771836789839897,0.9940529049768183,0.9877469367341836,1.0,1.0,1.0,1.0,1.0,1.0,1.0,1.0,0.9516837481698389,1.0,1.0,1.0,1.0,1.0,1.0,1.0,0.97024256064016,0.9947192884936076,0.9742484526967286,0.9921366553416383,0.9816590245935807,1.0,0.9686394323165624,1.0,1.0016722408026757,1.0,0.9722222222222222,1.0,1.0,1.0,1.0,0.9703612288074546,0.9578483940781952,0.9712993762148359,0.9682539682539683,1.0,0.9784720527183375,0.9829802014588399,0.98681218735789,0.9786714685874349,0.981805504250264,1.0,0.9836626846786498,0.9787234042553191,0.9836612204068023,0.9812524531311329,0.9912512316951965,0.991633548990768,0.9864864864864865,1.0,1.0,0.98989898989899,0.986159169550173,0.9827115559599636,1.0,0.9792011333049555,0.9918078857881573
394441,405,"Cape Girardeau, MO",msa,MO,0.9869888475836431,0.9703881552621049,0.978865406006674,0.979135372891745,0.9693558474046279,0.978865406006674,0.9740625389311075,0.9730900791543358,0.9759630200308166,0.9711987607157289,0.9711940219766334,0.9556706434390252,0.9676232523914643,0.9703652159968845,0.9718540643914749,0.9728183118741058,0.9767282635315031,0.9780775716694773,0.9783679217838892,0.9774300006496459,0.979887556838292,0.9680523479599692,0.9676027971654668,0.964501879554255,0.9652736904061212,0.9741251948931664,0.9727626459143969,0.9749986108670743,0.9762782457258484,0.9808612440191388,0.9824854045037531,0.9949319818618299,0.9772883541039965,0.9941434892717784,0.9853662980560344,0.9831649831649831,0.9793265132139812,0.9874826147426982,0.9872846243176657,0.9963033065682705,1.0,1.0,1.0,1.0,1.0,0.9927129291453616,1.0,0.9929827422837348,0.98,1.0,1.0,1.0,1.0,1.0,1.0,0.9914204003813155,1.0,1.0,0.9894625922023182,0.9776119402985075,0.9702850212249848,0.9818520241973011,0.976905311778291,0.9943360604153556,0.9981625153123723,0.9844951923076923,0.9810882025711369,0.9876151159098127,0.9943188978265888,0.9782125389061805,0.9888059701492538,0.9835608497584936,0.9563875712312087,0.9546061415220294,0.9766666666666667,0.989010989010989,1.0,0.9985603879375663,0.9863851069741595,0.9797979797979798,0.9696798032070715,0.9910714285714286,0.9774193548387097,0.9643857543017207,0.9691848796244045,0.9833263859941642,0.9787234042553191,1.0,0.9836036209710562,1.0,0.9806763285024155,0.9763897808064874,0.9800737387177971,0.9841269841269841,0.9776751347190146,0.9799599198396793,0.9728033472803347
394311,406,"Albertville, AL",msa,AL,,,,,,,,,,,,,,,,,,,,,,,,,,,0.96875,1.0,0.9636767976278725,0.9799918334013883,0.9710995637670002,1.0,0.9950352966000213,0.978675704331215,0.983368561319671,0.9829311359623308,0.9851372455597025,0.975817814627736,0.9866577718478986,1.0,1.0,1.0,1.0,1.0,0.9921971872278414,0.987460815047022,0.9957042037434796,0.9858130229174246,1.0,1.0,0.997261836945807,1.0,1.0,0.9983922829581994,0.989010989010989,0.9913597089586176,1.0,0.9803921568627451,0.9712960278341548,0.980437698823349,0.978342526538812,0.9585996110030564,0.9873083365545677,0.9833971902937421,0.9919774462991346,0.9771986970684039,0.9811167512690355,0.9904452886485132,0.9739695087521174,0.9603841536614646,0.9784735812133072,0.9592104539136385,0.9659245698170638,0.9899665729012709,0.9776363314894799,0.9790209790209791,0.976390556222489,0.9846153846153847,0.9819967266775778,0.9726534738877984,0.9776361819090456,0.9718969555035128,0.9590301003344481,0.9761550780958503,0.9549818165534932,0.9538461538461539,0.9731629277225293,0.972972972972973,0.9684385533387994,0.9734513274336283,0.9717752728513274,0.9700479593639959,0.9730423620025674,0.9741924741924741,0.9684146840782193,0.9627450980392157,0.9639078127264821
394410,408,"Brainerd, MN",msa,MN,,,1.0,0.9802617880070201,0.9830976198689203,0.9860770521424884,1.0,0.9746672391584371,0.9813931521478543,0.9836612204068023,0.976418918918919,0.9653217739246416,0.96875,0.984384422916533,0.9747102212855637,0.981863664790494,0.9804902451225613,0.9870591835909754,0.9847652927074472,0.9861111111111112,0.9834272488588633,0.9828571428571429,0.98,0.9840977839444496,0.96875,0.962529809927694,0.9872565232324224,0.9867454921667159,0.98,0.9943714821763602,0.9827699158072524,0.9832775919732442,1.0,1.0,1.0,1.0,0.985831589065868,0.9858305549932689,1.0,1.0,1.0,1.0183669758137843,1.0002857959416975,1.0002900000596986,1.0001611408084572,1.0,1.0,1.0,1.0,1.0,0.9786595531843948,1.0043668122270741,1.019455641912253,1.0120040013337779,1.000232781145474,1.0,1.0,1.0,0.9803921568627451,0.9789157721903972,0.9680358931466394,0.9716157205240175,1.0,1.0,1.0,1.0,1.0,1.0,1.0,1.0,0.9916224995725765,0.9856733524355301,0.9741843358044746,0.9988886144727094,1.0,0.9966836689207359,1.0,1.0,1.0,1.0,0.9840751327072275,1.0,0.9876709726443769,0.9827586206896551,0.9743289429809936,0.9843753106495381,0.9822663555606207,1.0,1.0,1.0,1.0,0.9991556248376201,0.9882352941176471,0.9829059829059829,0.9862378706841007,0.9803921568627451,0.9750223660072836
394513,409,"Cumberland, MD",msa,MD,,,,,,,,,,,,,,,,,,,,,,,,,,0.9554843693691997,0.9600192003840077,0.9798818517503687,0.9872646976028312,0.9903141483452365,0.9966555183946488,0.9854638734501924,0.9930715935334873,0.9755639097744361,0.9663865546218487,0.9668969350484358,0.9856810866754873,1.0,1.0,1.0,1.0,1.0,1.0,1.0,0.9907529722589168,0.9985382482306595,1.0,0.9994705259442287,1.0,0.9824937477670597,0.9698464941431694,1.0,1.0,1.0,1.0,0.9746581940477599,1.0,0.9701218187932912,0.969165100491463,0.9650874277287517,0.9591326105087573,0.9805500885997044,0.9618344105878732,0.963302752293578,1.0,0.9777777777777777,0.9666666666666667,0.9874210944877977,0.9904952476238119,1.0,0.982745484337841,0.9530475035820567,0.9603841536614646,0.9912663755458515,0.9711018711018711,1.0,0.9795918367346939,1.0,1.0,1.0,0.9830976198689203,0.9841012213274987,0.975,0.9619238476953907,0.9769407900888265,0.973762581388325,0.9669889963321107,0.9796827616484687,0.970969591467374,1.0,0.9816574027018875,0.9787257096064634,0.9776119402985075,0.9727272727272728,0.9626254826254825,0.9808256880733945,0.9704679995532224
394928,410,"Ocean City, NJ",msa,NJ,,0.9486029665401863,0.9712472442925415,0.9645826180257511,0.966542750929368,0.9682362306624778,0.9615788530006916,0.9783857941602816,0.966496450367418,0.9695290858725761,0.9612903225806452,0.9670331818403949,0.9630220803405161,0.9647673421642065,0.9665738161559888,0.9628985759195676,0.9678143892863165,0.9720634095634095,0.9692307692307692,0.967741935483871,0.966702470461869,0.9609649833073337,0.9676581374204443,0.9673654659079909,0.96,0.9729041643935261,0.9788732394366197,0.9788182831661093,0.9581870638563976,0.976,0.9763313609467456,0.9833333333333333,0.9850907947669295,1.0,0.9951289420926317,0.9703867259798032,0.9935541231384752,0.9890534962257032,0.9926131117266851,1.0,1.0,1.0,1.0,1.0,1.0,1.0,1.0,0.984784755635964,0.9861517156485613,0.9985294117647059,1.0,1.0,1.0,0.9902415223225177,0.9848191503092762,0.9788528089302613,0.9915518008003558,0.9804842775260747,0.9777777777777777,0.967741935483871,0.9703763010408326,0.9659990605492387,0.9753856537878265,0.9821481397201046,0.9782737172566486,0.9866863905325444,0.9853739480858126,0.9764713540951797,0.9902211685750011,1.0,0.9784168480489134,0.9798621435329099,0.9721330024508907,0.9814581544040462,0.985000985000985,0.9801306840912122,0.9756592208647004,0.99351505608928,0.9788146956288549,0.97911227154047,0.9860251625037764,0.9824780976220275,0.9746925574154306,0.9830508474576272,0.9781003047818492,0.9745454545454545,0.9711684370257967,0.9796895413881621,0.9781306997954389,0.9787234042553191,0.985838779956427,0.9818965517241379,0.9782135076252724,0.9804341540577023,0.9845559845559846,0.9747474747474747,0.9767151117362087
394505,411,"Corvallis, OR",msa,OR,,,,,,,,,,,,,,,,,,,,,,,,,,,,,,,,,,,,,,,,,,,,,,,,,,,,,,,,,,,,,,1.0,1.0,1.0,1.0065189048239895,1.0011494252873563,1.0139372822299653,1.003149788439261,1.007386990313762,1.002092050209205,1.0,1.0,0.9891328174531733,1.0,0.9931535406997419,1.0,1.0,1.0,1.0,1.0,0.9963570127504553,1.0,0.9958174213493363,0.9911986634802621,0.994309023738085,1.0,0.9973620575950759,1.0,1.0,1.0,1.0,0.992080745341615,0.9936293688054252,0.9846266471449487,1.0,0.9870670596904938,0.9957983193277311
394501,413,"Corning, NY",msa,NY,,,,,,,,,,,,,,,,0.9611601543165931,0.96,0.9642857142857143,0.9651515151515152,0.9790902741400385,0.960128034142438,0.9694415173867229,0.9657614447521898,0.9683145598664997,0.9604802401200601,0.9818259922177686,0.9585121602288984,0.9529262205600375,0.9715639810426541,0.9507042253521126,0.9706641184902054,0.987750556792873,0.9692260347745807,0.9836754154935974,0.9798994974874372,0.9796402877697842,0.9648193905165313,0.9696969696969697,0.9727626459143969,0.9748427672955975,0.9857142857142858,1.0,1.0,1.0,1.0,1.0,0.9734563670398714,1.0,0.9649749821300929,0.9924937447873228,0.981582219938335,1.0,0.9855373529094246,1.0,1.0,1.0,0.9732016582721312,0.9932231220647012,0.9748743718592965,0.9769907931138138,0.962278675904542,0.9586187214611872,0.9673115410273516,1.0,0.9915198956294846,0.9699991428326523,0.9871018689128718,1.0,0.9920148411034038,0.9779440527766258,0.9829059829059829,0.9908345703013146,0.9691832858499525,0.9797979797979798,0.9553158705701078,0.978865406006674,0.974265150740281,1.0,1.0,0.97868638538495,0.9768663390129618,0.974510156461593,0.9666985692900438,0.9823529411764705,0.9629665295056649,0.9643360338147235,0.9633197480548351,0.9523809523809523,0.9847652927074472,0.9782608695652174,0.989159891598916,0.9853658536585366,0.986860675700993,1.0,0.9974801061007957,1.0,0.9721528484103886
394911,414,"New Philadelphia, OH",msa,OH,,,,,,,,,,,,,,,,,,,,,,,,,,,0.966926750510139,0.9956076134699854,0.996551724137931,1.0,0.9914285714285714,1.0,0.9922720247295209,0.9971795663278353,0.990990990990991,1.0,1.0,1.0,1.0,0.9765572812291249,0.9995414756148395,1.0054117647058822,1.0,1.0,1.0,1.0,0.9944737652669129,0.9841801040448053,0.996783416726233,0.9741567105755812,0.9841890318977872,1.0,1.0,1.0,1.0,1.0,1.0,0.9542427176868752,0.9760858955588092,0.9956502827316225,0.9696365367299266,0.9621552277100706,1.0,0.9913597089586176,1.0,0.9980769230769231,1.0,0.9993747394747812,1.0,0.9934460158675406,0.9823345421265273,0.9857142857142858,0.9997998398718975,0.9827308665622116,0.9932094353109364,1.0,0.9857723577235772,1.0,0.9873096446700508,0.9935946547884187,1.0,0.9899450549450549,0.975443383356071,0.9869518394072543,0.9680913249579813,0.9794156276347694,0.9780193236714976,0.9814690435080311,1.0,0.9854022844799667,0.9845559845559846,0.9807789975809457,0.9899947340705635,0.9845559845559846,1.0,0.98091856231192,0.9854457246816253
395140,415,"Sunbury, PA",msa,PA,,,,,,,,,,,,,,,,,,,,,,,,,,,,,,,,,,,,,,,,,,,0.9293877551020409,0.9698996655518395,0.9939959973315544,0.9796354538956398,1.0,0.989867416633186,1.0,0.9746922416261093,0.9645470246506516,0.9756978214146654,0.9915303129857851,1.0,1.0,0.9750005292013293,0.9700516795865632,0.9629629629629629,0.9793388429752066,0.9459459459459459,0.9545454545454546,0.9397832195905259,0.9592764060356653,0.9754877438719359,0.975,1.0,1.0,0.9782608695652174,0.9620916245191276,0.960965374765973,0.9877551020408163,0.960960960960961,0.9488510007412898,0.9726027397260274,0.9617991009844478,0.9726688102893891,1.0,0.9625350140056023,0.9595270577535243,0.984699882306787,0.9277196236867814,0.9734991887506761,1.0,0.9540029579701537,0.9625874125874125,0.9287598944591029,0.9635341135206232,0.9714285714285714,1.0,0.9829311359623308,1.0,0.9842677956625776,1.0,0.9698632693058539,0.9675986509633696,0.9489025214795759,0.9795918367346939
395175,416,"Ukiah, CA",msa,CA,1.0,0.9782608695652174,0.9663865546218487,0.9743589743589743,0.978921043229725,0.9921649675625579,0.9796893667861409,0.9791263092533584,0.9698492462311558,0.9691516891077532,0.975609756097561,0.9739559254122361,0.9818524970963995,0.9771276076477792,0.9639096928253554,0.9661453751110463,0.9739130434782609,0.9907216494845361,0.9801154332700822,0.9787955894826124,0.9680887140531742,0.9804878048780488,0.961965039180229,0.9797653195738638,0.9751844793041099,0.9878455043208655,0.9716981132075472,0.9799554565701559,0.9663865546218487,1.0,0.981316178563885,0.9838998211091234,0.9815126050420168,0.9852476290832455,0.9899799599198397,0.9907272604304972,0.9873571972581874,0.9895238095238095,1.0,1.0,1.0105225247061402,1.0053498300949726,1.0000943574259296,0.9890486891385768,0.9906054279749478,1.0,1.0,0.9897707941624139,0.9744990892531876,1.0,1.0,0.9838657388088925,1.0,0.9902067464635473,0.9925714285714285,0.9796254313168951,0.9746835443037974,0.9752438109527382,0.9845421245421245,0.9702587568988367,0.9642857142857143,0.9644194756554307,0.9634295582040686,0.9742120343839542,1.0,0.9880952380952381,0.9777424483306836,0.9771241830065359,0.9914712153518124,0.9779002026342452,0.9761198541833378,0.9791449426485923,0.9519038076152304,0.9841078522065625,0.9720487079382785,0.9770992366412213,0.9877469367341836,0.9836065573770492,0.9847677001835217,0.9705882352941176,0.9609383667216648,0.9846153846153847,0.9871244635193133,0.9743589743589743,0.9705014749262537,0.9695067824507634,0.9668498168498169,0.985293764267692,0.9764705882352941,0.9704130975407571,0.9727473636167094,0.9742120343839542,0.9841109709962169,0.9654601196657271,0.9789074176869469,0.9524405506883604,0.970533556423127
753887,417,"Hermiston, OR",msa,OR,0.9775121121690311,0.9916597164303587,0.9980732177263969,0.97868638538495,0.9835149483095836,1.0,0.986744090735475,1.0,0.9608938547486033,0.9933727436447919,0.9949030644152596,0.9786917067041541,0.9826528442317917,1.0,0.9902439024390244,0.9777777777777777,0.996003984015936,1.0,1.0,0.9878569153610308,0.9954977488744372,0.9927272727272727,0.9901980396079216,1.0,0.9886792452830189,0.9763779527559056,0.9926894959599846,0.9980579088832503,1.0,1.0,0.9924926134837497,1.0,0.9988038277511961,1.0,0.9850751269704752,1.0,1.0,0.9917119774037708,1.0,1.0,1.0026857975885273,1.0003334444814937,1.0,1.0,1.0,1.0,0.9917366946778712,0.983468286099865,1.0,1.0,1.0,1.0,1.0,1.0,0.980327868852459,1.0,0.9736345580933465,1.0,0.9984994998332777,0.9808403013844932,0.9714285714285714,0.9744360902255639,1.0,0.9831702607016415,0.993642216358839,0.9929812247762766,1.0,0.9737330165874802,1.0,0.9894459102902374,0.9832775919732442,0.9712633115303531,1.0,0.9680851063829787,0.9786780383795309,0.9866220735785953,1.0,0.9981167608286252,0.982532751091703,0.9892284018465597,0.9841269841269841,0.9846827133479212,1.0,0.9733333333333334,0.9797101449275363,1.0,0.9851301115241635,1.0,0.9836612204068023,1.0,0.9936441417845294,1.0,0.9974893038434763,0.9885386819484241,1.0,0.9818181818181818,0.9987012987012988
394469,418,"Clarksburg, WV",msa,WV,,,,,,,,,,,,,,,,,,,,,,,,,,,,,,,,,,,,,,,,,,,,,,,,,,,,,,,,,,,,0.9857142857142858,0.966962755181549,0.9689922480620154,0.967741935483871,0.9724049206784202,0.9773281952472703,0.9726535541752933,0.95,0.9722702806612842,0.9651115618661258,0.9703322694847283,0.975609756097561,0.9784075971594222,0.9477870304340825,0.933955970647098,0.9539693128752502,0.96996996996997,0.9649749821300929,0.967741935483871,0.9792387543252595,0.9644579696830501,0.9555335968379447,0.9741969457609269,0.9838541666666667,0.9735449735449735,0.9495769993390615,0.9766555502620295,0.9494032312412435,0.9755102040816326,0.986159169550173,0.98558902906729,0.980097642505278,0.9784553110922505,0.9540750915750915,0.9714285714285714,0.9772620683343121,0.9768040077394969,0.9693558474046279
394964,419,"Parkersburg, WV",msa,WV,0.9710144927536232,0.9699769053117783,0.9694470249852557,0.964423433444568,0.9633928571428572,0.9651387992253067,0.97868638538495,0.969755494862791,0.975609756097561,0.9599332220367279,0.9656160458452722,0.9685534591194969,0.958904109589041,0.9593679458239278,0.9663950872768111,0.953485576923077,0.968421052631579,0.9719872178949471,0.9664165773490533,0.9721212121212122,0.9708035410282602,0.9626825310978907,0.9512195121951219,0.9726027397260274,0.9583333333333334,0.967391304347826,0.9694782720164081,0.9787215852304609,0.9545454545454546,0.9648648648648649,0.9742268041237113,0.9722287584495594,0.9750691273293883,0.9636363636363636,0.990909090909091,0.9724828017510945,0.9621407376006783,0.964824120603015,0.9744715447154472,0.9845450049455984,0.9857142857142858,1.0,0.9971428571428571,1.0,0.9868329868329868,0.9617234439281381,0.9558823529411765,0.961038961038961,0.9613844870725605,0.9666557705136758,0.979054054054054,0.9911535844255748,1.0,1.0,1.0,0.9887374686716792,0.9752381596667261,0.9717609394283759,0.9696969696969697,0.9493670886075949,0.9815465729349736,0.9673115410273516,0.975609756097561,0.9732142857142857,0.983132530120482,0.9958677685950413,0.9793510324483776,0.9827586206896551,0.980653769179453,0.9739478492908316,0.9553571428571429,0.9764705882352941,0.9688884500181034,0.9746835443037974,0.9719839908519153,0.9652509652509652,0.973327775461998,0.9749233591154551,0.9704852426213106,0.9691119691119691,0.9732888146911519,0.97620531078475,0.9794433754165298,0.9764864864864865,0.9683873549419768,0.9793103448275862,0.9683270808932962,0.9818864193342469,0.9695852534562213,0.975551580202743,0.9769230769230769,0.9696969696969697,0.9871794871794872,0.9688977081414667,0.9748178650617675,0.9749631811487481,0.9813461687156886
394641,422,"Grants Pass, OR",msa,OR,,,,,,,,,,,,,,,,,,,,,,,,,,,0.9733882069409966,1.0,0.9851851851851852,0.9911003236245954,0.9921465968586387,0.9941649924627234,1.0,1.0,0.9925,1.0,0.9914901400490511,1.0,1.0,1.0,1.0,1.0,1.0000020833376737,1.0,1.0,1.0,0.9978026728143798,0.9810049873101268,0.9944405054085992,0.9919839679358717,0.9991883116883117,1.0,1.0,1.0,1.0,0.9924878821798893,0.9853852021357743,0.9791471979336623,0.9785584098323932,0.9714285714285714,0.9587385384829119,0.9774881516587678,0.9803030303030303,0.9786588088222162,0.9866666666666667,0.9907376861099927,0.9895833333333334,0.9787677404820906,0.9863429438543247,0.9859154929577465,0.9810959559703278,0.9715447154471545,0.9738013698630137,0.9780981204205161,0.9910092918133022,0.993006993006993,0.9881553125876086,1.0,0.9802294995382258,0.9875816993464053,0.9947207557654905,0.9784601537035473,0.9886020004652245,0.9919839679358717,0.9846153846153847,0.9774436090225563,0.9946357947434292,0.979933110367893,0.9932406553273669,1.0,0.9902138867444712,0.9846153846153847,0.9878668991572217,0.985663082437276,0.9864891526733855,0.9919978660976261,0.9880922843043428
394511,424,"Cullman, AL",msa,AL,,,,,,,,,,,,,,,,,,,,,,,,,,,,,,,,,,,,,,,0.9795748228428511,1.0,1.0,1.0,1.0,0.9907036194979992,1.0,1.0,0.9741969457609269,1.0,1.0,1.0000714387769682,1.0,1.0,0.9967307692307692,1.0,0.9777777777777777,0.97,0.9866877453199498,0.9788823504862068,0.9696969696969697,0.9693174702567313,0.9642819890842158,0.968871108888611,0.9656652360515021,0.9643746371669999,0.9801639344262295,0.9860237010147244,0.9879402270501614,0.9714285714285714,0.9697184060596494,0.9696036937283571,0.9921555600016609,0.9814814814814815,0.9674922600619195,0.9675513628230541,0.966542750929368,0.9819967266775778,0.987012987012987,0.9843975588150367,0.9839499105545617,0.9811051693404634,0.9802454266886012,0.9673152564109904,0.9752271004003,0.9770114942528736,0.9743899284297663,0.9607791524085285,0.9770084566596194,0.9714285714285714,0.9671272034302049,0.9528731278627618,0.968503937007874,0.9795717093490568,0.9808723126562788,0.9697223677317968,0.9703042881186177,0.9666110183639399,0.9772727272727273
395248,426,"Zanesville, OH",msa,OH,,,,,,,,,,,,,,,,,,,,,,,,,,,,,,,,,,,,,,,,,,,,,,,,,,,,,,,,,,,,,,,,,,,,,,,,,,,,,,,,,,,,,,,0.980503144654088,0.9803921568627451,0.992590051457976,0.9883953581432573,0.9803880899705015,0.9813753581661891,0.9966647921202234,0.9871018689128718,0.9938445755321877,0.9809264305177112,0.9658172616545849
394907,427,"New Castle, PA",msa,PA,,,,,,,,,,,,,,,,,,,,,,,,,,,,,,0.9809758672012636,0.9795748228428511,0.99,0.975108666123336,0.9807767752059631,0.9565217391304348,0.9702127659574468,0.9645306633291615,0.9566877551936106,0.9804857172057846,1.0,0.9847629061269888,1.0,1.0,1.0,1.0,1.0,1.0,1.0,0.9715614259721006,0.9754877438719359,1.0,0.973404255319149,1.0,1.0,1.0,0.9925976301430381,1.0,0.9699909063352531,0.9722805280260989,0.976539254054568,0.9674728940783986,0.9777777777777777,0.9725453699395068,0.9813333333333333,0.972400513478819,1.0,1.0,0.978921043229725,0.9741969457609269,0.9795031490552835,1.0,0.9596153846153845,0.9658030464187521,0.9930754716981132,1.0,0.9811465948441709,0.9728048780487805,0.9949973670352817,1.0,0.9898565932144107,1.0,0.9744623718248981,0.9615236453982278,0.9733333333333334,0.9648366074358854,0.9836612204068023,0.9559804357492219,0.9856938483547926,0.978921043229725,0.9787367104440275,0.9887369745306084,0.9743589743589743,1.0,1.0,0.9851851851851852,0.9772473736927803,0.9959072305593452
394925,428,"Oak Harbor, WA",msa,WA,0.9889724310776942,1.0,1.0,1.0,1.0,1.0,1.0,1.0,0.9947826086956522,0.9901960784313726,0.9898302982699105,0.9872727272727273,0.9846991018402036,0.9906015037593985,1.0,1.0,1.0,1.0,1.0,1.0,1.0,0.9935053040050709,1.0,0.9987257266320456,1.0,0.9911531764757959,1.0,1.0,1.0,1.0,1.0,1.0,1.0,1.0,1.008077649664517,1.0,1.0025716169204562,1.0187204479175516,1.0246998284734135,1.0494404494382021,1.0558018867924528,1.0347826086956522,1.042638778238384,1.0200364298724955,1.0131190858654715,1.013419742211516,1.0111088573360378,1.0111214182642754,1.0087942360669633,1.0171306209850106,1.0255154867911132,1.041415359871331,1.0339402112834344,1.0040160642570282,1.0,1.0,1.0,0.9897102358848049,1.0,0.9870967741935484,1.0,0.9867623880240259,1.0,1.0,1.0,1.0,1.0,1.0,1.0,0.9829135405501965,1.0,0.988879767146802,1.0,0.9954022988505747,1.0,1.0,1.0,0.9968102073365231,1.0,1.0,0.9864367816091955,0.9990215264187867,0.9881944444444445,0.9858772329047674,1.0,0.986887732653721,0.9947368421052631,1.0,1.0,0.9989462592202318,1.0,1.0,0.986798239765302,0.9867976408986782,0.9858356940509915,0.9859154929577465,0.9999666661111019
394568,432,"Elmira, NY",msa,NY,,,,,,,,,,,,,,,,,,,,,,,,,,,,,,0.9844671532846715,0.962278675904542,0.9683666881859264,0.9729443760670187,1.0,0.9716831435684137,0.967741935483871,0.9737661182747888,0.9803921568627451,0.9722939403520534,0.9699769053117783,0.9990919540229886,1.000256476019492,1.0,1.0,1.0,0.988454394368951,1.0,0.9986033519553073,0.9881976395279056,1.0,0.9866772295421398,0.982392410871642,1.014555991495887,1.0,1.0,1.0,0.9754032258064516,0.9966654316413487,0.979004593204802,0.9611965367965367,0.9649192982456141,0.9771986970684039,0.974945273223857,0.9836956521739131,1.0,1.0,1.0,0.985768725239305,1.0,1.0,0.9766938495001523,0.979998194164661,0.9636363636363636,0.9560867148415787,0.9433962264150944,1.0027984643819745,1.0,1.0,1.0,1.0,0.9901949874415588,0.9789915966386554,0.9882521035084935,0.9715275105809927,0.9666666666666667,0.9674980754426482,0.9745034564118211,0.9813635837481189,1.0,1.0,1.0,1.0,1.0,0.9875502008032129,0.9767725097868638,0.9929505788958115,0.981896287204664
394704,436,"Indiana, PA",msa,PA,,,,,,,,,,,,,,,,,,,,,,,,,,,,,,,,,,,,,,,,,,,,,,,,,,,,,,,,,,,,,,,,,,,,,,,,,,,0.9896684486334872,0.9692140979272881,1.0,0.9948453608247423,0.9954233409610984,1.0,0.991732911675728,0.9780141843971631,1.0043668122270741,1.0,0.9894459102902374,0.9750648278507983,0.9599377465554355,0.9805844283192783,1.0,1.0,1.0,1.0,1.0,1.0,0.9685391757397636,0.968054211035818,0.96
394859,437,"Midland, MI",msa,MI,0.9729349947431138,0.9828481819072821,0.9875739644970414,0.9808920719484897,0.9899920135769192,0.9917318300500853,0.9863013698630136,0.981081081081081,0.9787234042553191,0.975688514919117,0.9792709077912795,0.9714052287581699,0.98,0.9754453410812199,0.980544747081712,0.9832269091847265,0.9981949458483754,0.9956289460903351,1.0,0.9903108003108003,0.975609756097561,0.9779407999180622,0.9764910574930277,0.9805238415043653,0.9720670391061452,0.9709415584415584,1.0,0.9823930036374894,0.9878048780487805,1.0,1.0,0.9913288288288289,0.9929020767015311,1.0,1.0,0.9921475585489056,0.9830501525720544,1.0,0.9996150885296382,1.0,1.0113636363636365,1.0053336746885133,1.0128865979381443,1.0145508650124606,1.0,1.0,1.0,1.0,1.0,1.0217442592010066,1.028770337922403,1.0449008717971413,1.0299499736703528,1.0263616996082026,1.0062893081761006,1.0,1.0,1.0,1.0,0.9972727272727273,1.0,1.0,1.0,1.0233458646616542,1.021409214092141,1.0084033613445378,1.0211949152542372,1.00080064051241,1.0,1.0,1.0,1.0,0.992211451503012,0.981897116644823,0.9981746031746032,1.0,1.0072753728628592,1.0098964094191833,1.0114816839803171,1.0001111358079573,1.000607523204061,0.9878325427923283,0.9922778771615981,1.0,0.9787234042553191,0.9761904761904762,0.9801169590643275,1.0,1.0,1.0,1.0,1.0,1.0,1.0,0.9935429237774405,0.9894291754756871,0.9782608695652174
394755,438,"Kokomo, IN",msa,IN,,,,,,,,,,,,,,,,,,,,,,,,,,,,,,,,,,,,,0.9744446513151032,0.9727626459143969,1.0,1.0,1.0004001600640255,1.0,1.000741289844329,1.0,1.0,1.0,1.0,1.0,1.0,0.9899888765294772,1.0,1.0,1.0,1.0003510003510003,1.0,1.0,1.0,0.97868638538495,0.9795392711238475,1.0,0.9739130434782609,0.9780817258026965,1.0,1.0,1.0,0.9872397582269979,0.9899749373433584,1.0,1.0,0.9989580439010837,0.9804902451225613,0.9913597089586176,1.0,1.0,1.0,1.0,1.0,1.0,1.0,1.0,0.9887359198998749,1.0,0.9924937447873228,1.0,0.9655172413793104,1.0,0.9963603275705186,0.9910728449709593,1.0,1.0,1.0,1.0,1.0,0.9859126984126985,0.980326519131431,0.9821052631578947,0.9855030443606843
394395,439,"Bloomsburg, PA",msa,PA,,,,,,,,,,,,,,,,,,,,,,,,,,,,,,,,,,,,,,,,,,,,0.9917014178482069,1.0,1.0,0.9894385769872152,0.9692307692307692,1.0,0.9584930821803634,1.0,1.0,1.0,1.0033898305084745,1.0,0.9860609683670918,0.9777777777777777,1.0,0.9694638694638695,0.9769111475018708,0.9763157894736842,0.9723986067054681,1.0,0.9939759036144578,1.0,1.0,1.0,1.0,1.0,1.0,0.9859154929577465,0.9722276234867971,0.9710743801652892,0.9599870926105195,0.9872221268560639,0.9845061329890252,0.9882040685701563,0.9769245798839691,0.9774579206124193,0.9837092731829574,0.9583008461116405,0.9776199095022624,0.9662272441933459,0.9782608695652174,0.9615384615384616,0.9770984728804635,0.9757491587788135,0.9925925925925926,1.0,0.9844559585492227,0.9924242424242424,0.9723740182455779,1.0,0.9803921568627451,0.9603841536614646,0.9692997585374267,0.978635349179866
394941,440,"Opelousas, LA",msa,LA,,,,,,,,,,,,,,,,,,,,,,,,,,,,,,,,,,,,,,,,,,,,,,,,,,,,,,,,,,,,,,,,,,,,,,,,,,,,,,,,,,,,,,,,,,,,,,,,1.0,0.9770114942528736
394744,442,"Key West, FL",msa,FL,,,,,,,,,,,,,,,,,,,,,,,,,,,,,,,0.9507785467128027,0.9469953031034634,0.9563699607116939,0.9508196721311475,0.9612903225806452,0.9627406851712929,0.9589923236261728,0.9693744626527369,0.9722222222222222,0.9719639393137331,0.9855123339888114,0.9863429438543247,0.9840938557379123,0.9894179894179894,0.9839893262174784,0.9748743718592965,0.9799554565701559,0.9712825963961802,0.9783390678761339,0.9836065573770492,0.9887359198998749,0.9845916795069337,1.0,0.9788869153079943,0.9822090437361009,0.972,0.9568861657085814,0.9477774747750205,0.971049457177322,0.960232691207324,0.967741935483871,0.9624285714285714,0.9599528857479388,0.9621802002224694,0.9579389650597081,0.9541814973997067,0.9708013640238704,0.9629629629629629,0.9571428571428572,0.9490727091628017,0.9680022211039581,0.9587527041238442,0.9557867360208062,0.9523809523809523,0.9468892261001517,0.9560386473429952,0.9619238476953907,0.9565217391304348,0.9478672985781991,0.9483768992827764,0.9472741269508014,0.9465478841870824,0.9531763417305585,0.9393382352941176,0.949683830171635,0.9574468085106383,0.9444444444444444,0.9441967445152158,0.9468822170900693,0.9436794340881343,0.9367573190238523,0.9420289855072463,0.9491033462946241,0.9519303882414826,0.9496402877697842,0.947020140876073,0.9459066950943628
395145,443,"Talladega, AL",msa,AL,,,,,,,,,,,,,,,,,,,,,,,,,,,,,,,,,,,,,,,,,,,,,,,,,,,,,,,,,,,,,,0.9565217391304348,1.0,0.9593023255813954,0.9774386962210977,0.9957446808510638,0.9977488744372186,1.0,0.9974093264248705,0.9748585795097423,0.9957446808510638,0.9770992366412213,0.9940119760479041,0.9836494486686681,1.0,0.9743589743589743,0.9777777777777777,0.9815024537561344,0.9818316548216511,0.9656870287736575,0.9710526315789474,0.9896460396015196,0.9763313609467456,0.9705162593599002,0.9605729363769062,0.9870498941223218,0.9806884502434854,0.9734513274336283,0.9683873549419768,0.9931506849315068,0.982077360506866,0.9724699398797595,0.9941141848145968,0.991107817710263,0.9711588379210155,0.9791983684089824,0.958904109589041
395133,444,"Stillwater, OK",msa,OK,0.9663606218013839,0.9754001392134934,0.977577415758204,0.9801151461470328,0.9864212848083815,0.984822934232715,0.9894459102902374,0.9808510638297873,0.9617184358358822,0.9833333333333333,0.9756969263759828,0.977542191010028,0.9693126393104186,0.9654290091520883,0.9828947368421053,0.9778700444168793,0.992430613961312,0.9834784303534303,0.9824561403508771,0.9766319612248076,0.9699590643945672,0.9765441751368257,0.979791835068041,0.9637575580971807,0.9797979797979798,0.979039512861215,0.975975975975976,0.9888034759358288,0.9833583575657422,0.9880395750195534,0.990990990990991,0.9863636363636363,0.9749303621169917,0.9743589743589743,0.9862938970337538,0.9853819889031157,0.9807692307692307,0.9749303621169917,0.9853556485355649,1.0,1.0,1.0,1.0,0.994969256567915,0.9879337582393637,0.9795748228428511,0.987450980392157,0.9818181818181818,0.9742954652821009,0.984,0.9833055091819699,1.0,1.0,1.0,1.0,0.9976133651551312,0.9833024118738405,0.9968775977417705,0.9797101449275363,0.9711684370257967,0.9733694591633018,0.9828571428571429,0.9854624113883373,0.9903453741002444,0.9873248832555037,0.9985029940119761,1.0,0.9882352941176471,0.9764707531040668,0.9666295884315907,0.984313725490196,0.9889577464788732,0.9768778401496926,0.972972972972973,0.9826086956521739,0.9846153846153847,0.9948956647523022,0.984,0.98,0.9742032967032968,0.9788732394366197,0.9792344497607656,0.9632107023411371,0.9837081837081838,0.9699624530663329,0.9698996655518395,0.9823427642944887,0.9844951923076923,0.9797874114214256,0.9838709677419355,0.9769923307769256,0.9764412416851441,0.9616161616161616,0.9771733825620132,0.975735912531539,0.9812896103896104,0.9702850212249848
394489,445,"Columbus, IN",msa,IN,0.9748589020010262,0.9827115559599636,0.9761904761904762,0.9813084112149533,0.9888611047965447,0.9864188706218727,0.978765053832078,0.9854457246816253,0.9820783550986385,0.9791723872628025,0.9769457931033566,0.9806949806949807,0.9673469387755103,0.9822222222222222,0.978474624675104,0.9863249775027647,0.991304347826087,0.9901266954919749,0.981651376146789,0.9777171441564347,0.9841534612176814,0.9863636363636363,0.9856860579552047,0.973554556741211,0.9708958617553434,0.9769318366682935,0.98681218735789,0.9876584068933574,0.9892966360856269,0.9877331825890334,0.9888539582737925,0.993566833452466,0.9867301803334467,1.0,0.9897115133874881,0.986091861402095,0.9824595875775003,0.9919422061683801,1.0,1.0,1.0,1.0002942041776994,1.0,1.0,1.0,0.9923969587835134,0.9943360604153556,1.0,1.0,1.0,1.0126582278481013,1.0,1.0003031221582297,1.0022797765719333,1.0,1.0,1.0,0.990848948017877,0.9799919967987194,0.9842655175682278,0.9729233593391464,0.9730882847574619,0.9840166972569786,0.99075,1.0,1.0,1.0,0.9880458648450842,0.9971428571428571,0.9881584320130665,0.9810475545179842,0.9834972768700678,0.9676941627843245,0.9824456929343555,0.9866666666666667,0.983540158516723,0.9882081686429514,1.0,0.9973521624007061,0.9879759519038076,0.995260663507109,0.9819967266775778,1.0,0.9823540437888489,0.9803921568627451,0.9903728453827454,0.9840425531914894,0.9935688244142468,0.9848484848484849,0.9948542024013722,1.0,0.9838541666666667,0.9843947020919588,0.9861838970938542,0.9824937477670597,0.9659911344693953,0.9692401443544493
394345,446,"Athens, TX",msa,TX,0.9688715953307393,0.9583333333333334,0.9473684210526315,0.9611144790462007,0.9569313374552555,0.9675666199158486,0.9716358839050132,0.9564784053156146,0.96,0.9686527818711727,0.9652243723106897,0.9586731649094888,0.958330931285488,0.9623430962343096,0.9720956086714841,0.9675324675324676,0.9689922480620154,0.966183574879227,0.9774266365688488,0.9784735812133072,0.975609756097561,0.9700746268656717,0.9714285714285714,0.9737208008898777,0.9631885244038283,0.9446543676372527,0.9775510204081632,0.9733863837312113,0.9770667928562665,0.9754479924328908,0.9785806969605408,0.978970783113523,0.9935659540137152,0.9839357429718876,0.9793103448275862,0.9929436776480123,0.9696512046026609,0.9740271148721853,0.9963126843657817,0.9843205574912892,1.0,1.0,1.0,0.989842175415141,1.0,0.9888929968881905,1.0,1.0,1.0,0.9863429438543247,1.0,1.0,1.0,1.0,0.9806555649075335,0.9786967541512985,0.9819347319347319,0.9773770213608435,0.9605263157894737,0.9625891646598994,0.9665551839464883,0.9686823167405078,0.9641737891737892,0.9602510460251046,0.9899749373433584,0.9776326757432621,0.968421052631579,0.9709337542123448,0.9722233024703361,0.9628018545000004,0.9771986970684039,0.9527789652807466,0.9696269102015636,0.9593783757242463,0.9695501730103806,0.9864129181084198,0.9744444444444444,0.9532710280373832,0.9679037111334002,0.9749999583332639,0.9679572763684913,0.9787234042553191,0.9523809523809523,0.9553171868483579,0.9361251889392728,0.9629629629629629,0.9692307692307692,0.9647058823529412,0.9701940388077616,0.9758398026554451,0.9654231119199272,0.9772727272727273,0.9635254988913525,0.9614432799587401,0.9695817490494296,0.9549346894488444,0.9615430866026756
394452,447,"Centralia, WA",msa,WA,0.9817515151515152,0.9951325040562466,0.9999914273467638,1.0,1.0,1.0,1.0,1.0,0.9916317991631799,0.9840841505557112,0.9831164481274268,0.9970633025360245,0.9914484613965198,1.0,1.0,1.0,1.0,1.0,1.0,1.0,1.0,1.0,1.0,0.986449864498645,0.9851398439129433,1.0,1.0,1.0,1.0,1.0,1.0,1.0008340283569641,1.0,1.0040160642570282,1.0,1.0,1.0,1.0,1.0133333333333334,1.001649752322964,1.024632199992436,1.0179225199540318,1.0218388294387422,1.0,1.0002703433360367,1.0,1.0,1.0,1.0,1.0,1.0103092783505154,1.0173410404624277,1.001580923970869,1.0,1.0,1.0,0.9982755647525435,0.9914529914529915,0.9986149584487535,0.9941485390223237,0.9736614439982698,0.9986151715648561,1.0,0.9971428571428571,1.0,1.0,1.0,1.0,1.0,1.0,0.9780952380952381,1.0,0.9944429008057794,0.9878048780487805,0.9866666666666667,1.0,1.0,1.0,1.0,0.9993570510072868,0.9917890829167317,0.9912706467134,0.9870900788709007,0.9941791907006058,0.9863256520638136,0.9930232558139535,0.9894736842105263,1.0,1.0,1.0,0.98955985114023,1.0,1.0,0.9817767653758542,0.9893617021276596,0.987450980392157,0.9899500204193494
394682,449,"Hinesville, GA",msa,GA,,,1.0,0.9766634501269978,1.0,0.983403729936968,0.9881652661064426,0.9790894807568422,0.9762164708403047,1.0,1.0,0.9947089947089947,1.0,0.9887577290612704,1.0,0.9928403076705948,0.9939756854087669,0.991246203710793,0.9936305732484076,1.0,0.9995285691836627,0.9881545688866717,1.0,0.9881175734834271,0.9943714821763602,1.0,1.0,0.981661646412538,0.9890134263914355,1.0,0.9932766149676253,0.987814569252812,1.0,1.0,1.0,0.9923664122137404,0.9857757733571695,1.0,1.0,1.0,1.0026083284609888,1.010886469673406,1.013308665893565,1.0054347826086956,1.0,1.0101030771562831,1.0094383435110585,1.02,1.024343764161796,1.0064630672382937,1.0144927536231885,1.0133333333333334,1.01875,1.0190707252077011,1.0130212765957447,1.0,1.0,1.0,1.0,1.0,1.0,1.0,1.0,1.0,1.0,1.0,1.0,1.0,1.0,1.0,1.0,1.0,1.0,1.0,1.0,1.0,1.0,1.0,1.0,1.0,1.0,1.0,1.0,1.0,1.0,1.0,1.0,1.0,1.0,1.0,1.0,1.0,1.0,1.0,1.0,1.0,1.0
394541,450,"DuBois, PA",msa,PA,,,,,,,,,,,,,,,,,,,,,,,,,,,0.9527217448649068,0.912651361377476,0.9696969696969697,0.9553843665768194,0.9637094542067501,0.9471355379599441,0.9636483849969031,0.9463667820069204,0.9506337558372249,0.9734095634095634,0.9786595531843948,0.9634298101240416,0.9641010619920989,0.975,0.973746179494304,1.0,0.981869800835318,1.0,1.0,0.9717391304347827,1.0,0.9868292134232797,0.9685145137060732,0.971334416756952,1.0,0.95,1.0,1.0,1.0,1.0,0.9885227378919557,0.9390909090909091,0.9854457246816253,0.9441340782122905,0.9656470977684557,0.9734513274336283,0.9495632572555649,0.983865763149403,0.9745207529791031,1.0,0.9613781606001667,0.9844961240310077,1.0,0.9762218045112782,0.9739826551034023,0.9657108254190634,0.9754608454608455,1.006322444678609,0.9876452840335477,0.9675990073301113,1.0,1.0,0.9727626459143969,0.9711595055915244,0.9858032165466606,0.9978165938864629,0.9594463413001273,0.9894578313253012,0.9900990099009901,0.976989247311828,0.9811320754716981,0.9836065573770492,0.992,1.0,1.0,1.0,0.9753593429158111,0.9755951314738859,0.9854927463731866,0.9512195121951219,0.9854166666666667
395205,451,"Warsaw, IN",msa,IN,,,,,,,,,,,,,,,,,,,,,,,,,,,,,,0.9814953738434609,0.9805070170816206,0.9872590789206735,0.9820420728578758,1.0,0.9754877438719359,0.9846153846153847,0.9900066696309471,1.0,0.9831427414077836,1.0,1.0,1.0,1.0,1.0,1.0,1.0,1.0,1.0,0.9970958373668926,0.9987534626038781,1.0,1.0,1.0032803786100142,1.0,1.0003705075954057,1.0,1.0,0.9839291571006887,0.9833055091819699,0.9891534391534391,0.9753251083694565,0.9821428571428571,0.996936444663412,1.0,1.0,1.0,0.9981992797118848,1.0,0.977329399447987,0.9633281972265023,1.0,0.985983566940551,0.9503655252020008,0.972492358988608,0.993504806443232,0.9913597089586176,0.9978936282253817,1.0,1.0,0.9844362430761768,0.9837131613376978,0.9845588628583655,1.0,0.9786952260349981,0.9793567232340407,0.9717868338557993,0.9828326180257511,1.0,0.9880020642692613,1.0,0.985631745856138,0.9734513274336283,0.9791666666666666,0.983132530120482,0.992425850888108,0.9823193400966588,0.966859227728793
395126,453,"Statesboro, GA",msa,GA,1.0,0.9662162162162162,0.9639812559567934,0.9583991574512901,0.9818181818181818,0.9560284488597878,0.9712320200125079,0.9745289884369694,0.9875,0.9510204081632653,0.9707075359107906,0.9702850212249848,0.9715220041755503,0.9676911490805893,0.9676156918017383,0.9810076346147378,0.9719101123595506,0.969836937504374,0.9781939645621148,0.9793952180028129,0.975609756097561,0.9714531083597744,0.9727543635589613,0.9865824920216697,0.9767624767624767,0.9690421623194733,0.9830111095080074,0.9724828017510945,0.9727829965973658,0.9840814634038256,0.980123372172721,0.9868295847750865,0.9801129290057268,0.9795952932530694,0.9727459203978772,0.9905482041587902,0.9958314034275128,0.9820810564663023,0.9952679726761157,0.9930728554976938,1.0,1.0,1.0,0.9949972206781545,0.9912947347448541,0.9966654316413487,0.9739099356683345,1.0,0.98775,0.9927007299270073,1.0,1.0,1.0,1.0,1.0,1.0,1.0,1.0,1.0,1.0,0.9644766229504727,0.9879253567508233,1.0,1.0,1.0,1.0,0.988517377409456,0.9989593728320267,0.9940828402366864,0.9934760789561726,0.9739473877881446,0.9970326409495549,0.9902693249324734,0.982892490136095,1.0,1.0,0.9827086122266846,0.9916491275714576,0.9875144906604433,0.9819805194805195,0.9861316744140238,0.9907377752359166,0.9761904761904762,0.9784343543927028,1.0,0.9702005702390466,0.9823618101594199,0.9796933384873083,0.9885415144456001,0.9910402621453526,0.9805954496643452,1.0,0.9822962653621286,0.981485116611543,0.9743730765531833,0.9702439504229785,0.9788006123822584
394445,454,"Casper, WY",msa,WY,,,,,,,,,,,,,,,,,,,,,,,,,,,,,,,,,,,,,,,,,,,,,,,,,,,,,,,,,,,,,,,,,,,,,,,,,,,,,,,,,,,,,,,,,,,,,1.0,0.9903846153846154,1.0,0.9924731182795699,0.9863978496587136
395231,455,"Wilson, NC",msa,NC,0.9685695958948044,0.9883782883782883,0.9943714821763602,1.0,0.9922557546747611,0.9855404775553283,0.9827695486553466,0.9898477157360406,1.0,1.0,0.9688524590163935,0.9818534716571738,0.9750060937880862,1.0,0.9940544901040378,0.995260663507109,0.9924934941612726,1.0,0.9937456567060459,0.9880983599943518,0.9894385769872152,0.9957102001906577,1.0004168403501459,0.9975669099756691,0.9864864864864865,0.9953413142649545,0.9899888765294772,1.0,0.991107817710263,1.0,1.0,1.0,1.0003705075954057,1.0004764173415912,1.0,1.0,1.0003705075954057,1.0003705075954057,1.0,1.0,1.0008340283569641,1.000250062515629,1.0008340283569641,1.0004547521600728,1.0007698229407236,1.0015329586101176,1.0005321979776476,1.0,1.0,1.0003102488093885,1.0006207699846958,1.000153893505694,1.0,1.0007184671741642,1.0,1.0,1.0,0.9856115107913669,1.0002703433360367,0.9954977488744372,0.9844048487374526,0.9611111111111111,1.0,1.0,1.0,1.0,1.0,1.0,0.985373364126251,0.9802657566050352,1.0,0.9966654316413487,0.985663082437276,1.0,0.9882005899705014,0.985233369800953,1.0,1.0,0.9933203560446571,0.9956222639149468,0.9925925925925926,0.9873417721518988,0.9818181818181818,0.9767441860465116,1.0,0.9908478192984282,0.9839679402340484,1.0,0.9921105195299713,0.9978936282253817,0.9888418622547134,0.9855072463768116,0.9838709677419355,0.9679196002725414,0.9792304298673726,0.9756371548288876,0.9818451278251205
753881,456,"Glenwood Springs, CO",msa,CO,0.9788505747126437,0.9666666666666667,0.983739837398374,0.9850746268656716,0.9947643979057592,0.9830932999373826,0.993103448275862,0.9835448252653078,0.9713142857142857,0.970873786407767,0.9732574189095928,0.9791044776119403,0.9726027397260274,0.9714285714285714,0.9763102914805541,0.9797504555578052,0.9830220713073005,0.9915254237288136,0.9816276813917044,0.9788732394366197,0.9824937477670597,0.9784270708682357,0.9739563499231234,0.9783217147511792,0.9694989106753813,0.9753094647944552,0.9741935483870968,0.9839166237776633,0.9769766209128445,0.976551724137931,0.9876364621300855,0.9845916795069337,0.9833134684147795,0.9785330948121646,0.9830508474576272,0.9741360089186176,0.9757929883138564,0.9840878529807262,0.9739695087521174,1.0,0.9949748743718593,1.0,1.0,0.994504854651586,0.994414605215876,0.9952141900937082,0.9957924263674615,0.9831931454397087,1.0,0.9920122887864824,1.0,1.0,1.0,1.0,0.9906396425847227,0.9795918367346939,0.9833897232898507,0.9711684370257967,0.963531245831666,0.9636030255581114,0.9597377830750894,0.9744626516280059,0.9765028328053318,0.9790322580645161,0.9817066369213608,0.9858355313145566,0.9878876787434245,0.9712045050180511,0.9695315356418533,0.9784313725490196,0.976542014278774,0.9666666666666667,0.9653981203634242,0.975308277027027,0.9806241266884024,0.9808541973490427,0.9848896619197739,0.9803473995820757,0.9880885122410547,0.9809523809523809,0.9794520547945206,0.9820408163265306,0.9730330831248263,0.9701492537313433,0.9670697803725327,0.9785714285714285,0.9813084112149533,0.9868396166939857,0.9805076587911439,0.9787878787878788,0.9677575444765238,0.9647058823529412,0.9742294652153611,0.9712960278341548,0.9851284968198977,0.9647386328487473,0.9675324675324676
395085,457,"Seneca, SC",msa,SC,,,,,,,,,,,,,,0.9601550199830446,0.9577648766328012,0.9603841536614646,0.9678579822040392,0.9697262308670515,0.962278675904542,0.963855421686747,0.9619181946403385,0.9657039711191335,0.9702439504229785,0.9732977303070761,0.9554140127388535,0.9609756097560975,0.9663510213805016,0.9696969696969697,0.9688581314878892,0.9624404866866514,0.9707112970711297,0.9818451278251205,0.9781659388646288,0.9810211773151472,1.0,0.9751950390078016,0.98,0.9798994974874372,0.9837678307919331,0.9884393063583815,0.9938648388487248,1.0,1.0,1.0,1.0,1.0,0.9918904755666187,1.0,1.0,1.0,1.0,1.0,1.0,1.0,1.0,0.9820307457607229,0.9828571428571429,0.980108556571121,0.9719626168224299,0.9694224383611787,0.9791666666666666,0.9662544169611307,0.9697340626271617,0.9812108559498957,0.982532751091703,0.9786470205144904,0.9807126511932004,0.98816029143898,0.9733333333333334,0.9778947368421053,0.97,0.9731644636270154,0.9754591990364347,0.9714285714285714,0.980326775591864,0.9768158912639678,0.9779723166150784,0.9791707465447773,0.9753353487031964,0.9774948852011821,0.9684770224078997,0.9805825242718447,0.9804503767491927,0.9751523877143393,0.9756848261003386,0.9691514670896114,0.9830361026533275,0.980980980980981,0.98,0.9728403596104577,0.9791044776119403,0.9717094017094017,0.9761603134386172,0.9632284947555549,0.975609756097561,0.9729943516652964,0.9687041207787208
394936,459,"Olean, NY",msa,NY,,,,,,,,,,,,,,,0.9284253578732107,0.957796852646638,0.9503167722574192,0.9565217391304348,0.9447165850244926,0.9591326105087573,0.9669230769230769,0.9707187753880361,0.9422222222222222,0.949769432663138,0.9590301003344481,0.957006890706684,0.95,0.9403292181069959,0.9651129736905291,0.9586728615677865,0.9548712175436926,0.9482077308879172,0.9479410975367848,0.9544997086710101,0.965965965965966,0.9674625049217883,0.9777777777777777,0.9593593931883895,0.9291845493562232,0.9619084263178146,0.9749544803799686,1.0,0.9714470914925457,1.0,0.9946236559139785,0.9761454021557173,0.9821268308367004,1.0,1.0,0.9622587562544674,0.9705392566362319,0.9602071597270088,1.0,1.014875206535665,1.0330067395960432,1.0,1.0009964271499494,0.996783416726233,0.9552604166666667,0.9532724241685775,0.9604804804804805,0.9476162448499117,0.9868875086266391,1.0,1.0,1.0,1.0,0.9811051693404634,1.0,0.9647058823529412,0.9717062017719348,0.9815242494226328,0.9617016341795761,0.9558823529411765,0.9773911820023298,0.9587328053355565,0.9754877438719359,1.0,0.9765854806447818,1.0,0.9797979797979798,0.9624301844747886,0.9712622771917061,0.9776536312849162,0.9619006838404152,0.9736219054763691,0.967741935483871,0.9787595412776049,0.9743589743589743,0.971321479375064,0.9839357429718876,1.0,0.9741674383977048,0.964857777730973,0.9704962592519797,0.9593388429752066,0.9498327759197325
394465,460,"Chillicothe, OH",msa,OH,,,,,,,,,,,,,,,,,,,,,,,,,,,,,,,,,,,,,,,,,,,,,,,,,,,,,,,,,,,,,,,,,,,,,,,,,,,1.0,1.0,1.0,1.0001562988433885,1.0,1.0001351716680182,1.0,0.970873786407767,0.9902989885965265,0.9928700140354054,0.9713701431492843,0.9795918367346939,0.9971857410881801,0.9977349943374858,1.0,1.0,1.0,0.993421052631579,0.9942389326864767,0.9841960784313726,0.9823540437888489,1.0,0.9570648945679909
395077,461,"Searcy, AR",msa,AR,,,,,,,,,,,,,,,,,,,,,,,,,,,,,,,,,,,,,,,,,,,,,,,,,,,,,,,,,,,,,0.974,1.0,1.0,1.0,1.0,1.0,0.9954977488744372,0.9989583333333334,1.0,0.9930715935334873,0.9577070063694267,1.0,0.9766493899146961,0.9952380952380953,0.9861904761904763,0.9807692307692307,0.9885595987949384,0.9777274443186108,1.0,1.0,0.9868421052631579,0.9864560439560439,0.9679414847993901,0.9666666666666667,0.9893172690763052,0.9655172413793104,0.9738356660945215,0.9833664932270326,0.9861838970938542,0.9771428571428571,0.9805238415043653,0.9819805194805195,0.97581317764804,0.9782608695652174,0.9735087719298245,0.967967967967968,0.984518598034247
394994,463,"Port Angeles, WA",msa,WA,0.9863824756750739,0.9748677248677249,0.9919714030384271,1.0,1.0,1.0,1.0,1.0,0.9867959222975282,0.986935866983373,0.9839136800103343,0.9800162800162799,0.9852813852813853,0.9824561403508771,0.9766277128547579,0.994478871514245,0.9979591836734694,0.9934313275149288,0.9933297435897436,0.9923076923076923,0.9829092428407635,0.9934787189211969,0.9970501474926253,0.9846632976848043,0.9891017243060589,0.9817691121392377,1.0,1.0,0.9989981785063752,0.993006993006993,1.0,1.0,1.0,1.0,1.0,1.0,1.0,1.003680981595092,1.0,1.0322147651006712,1.035379152292291,1.0267154956356408,1.008201680672269,1.0012515644555695,1.0104166666666667,1.0,1.0002253322826622,1.0,1.0083844580777097,1.0005023099207022,1.0061505815530416,1.0068344724120686,1.0,1.0,1.0,1.0,0.9892658930669112,0.9947229551451188,0.9703196347031964,0.9871244635193133,0.9768009768009768,0.9767625049231982,0.984,0.9972271016311167,1.0,1.0,0.9900834560628375,1.0,0.9902453855246409,1.0,0.9834665573546492,0.995821656301109,0.9934592361816081,0.9852631578947368,1.0,1.0,1.0,1.0,0.9918597168597169,0.9919328690193637,0.9882872868259089,0.9904761904761905,0.9832473866296148,0.9837997054491899,0.9798657718120806,0.9900990099009901,1.0,0.9913763118440779,1.0,1.0,0.9846035320611592,0.9858125837102163,0.9880718397144062,0.988313856427379,1.0,0.9809523809523809,0.963963963963964
394350,464,"Auburn, NY",msa,NY,,,,,,,,,,,,,,,,,,,,,,,,,,,,,,,,,,,,,,,,,,,,,,,,,,,,,,,,,,,,,,,,,,,,,,,,,,,,0.9815326918117444,1.0,1.0004224010635823,1.0038848920863308,1.0003555222639227,1.0005265929436546,0.9970821175489788,0.9832639205865208,0.9751434034416826,0.9608289932090791,1.0145319395534251,0.9719839908519153,0.9814512993840798,0.9598896128522544,1.0,1.0000060606427918,1.0004168473032782,1.0,1.0,1.0,0.9683375735411035,0.972693630503378
394699,465,"Huntsville, TX",msa,TX,,,,,,,,,,,,,,,,,,,,,,,,,,,,,,,,,,,,,,,,,,,,,,,,,,,,,,,,,,,,,,,,,,,,,,,,,,0.94,0.9832535885167464,0.9767285861713106,0.9702850212249848,0.96875,0.9818181818181818,0.9462769220833738,0.9911862699519602,0.9509951945669805,0.969811320754717,0.9794759825327511,0.9687734086741857,0.9542854463615904,0.9705389321898408,0.9534883720930233,0.9834608593290171,0.979247311827957,0.9705996541135778,0.9685581103491552,0.9776536312849162,0.9485714285714286,0.9678709677419355,0.956660385563125,0.9483085623642195
394738,466,"Keene, NH",msa,NH,,,,,,,,,,,,,,,,,,,,,,,,,,,,,,,,1.0182207931404073,1.0,1.0001778134585435,0.9806723935820547,1.0,1.0,1.0148713235294118,1.00802214578792,1.0215467487495191,1.0209424109393277,1.025974025974026,1.0386521040217538,1.0198114659484419,1.014575593026579,1.0110294117647058,1.0001269719122738,1.0002486770296741,1.0000870712401055,1.0120240480961924,1.019410227696902,1.0309732651816326,1.0307692307692307,1.0470105231705715,1.0272567807319462,1.0,1.0000660132026404,1.0,1.0000375085246647,1.0,0.9784307596123789,1.0,1.0007698229407236,1.0177655927281115,1.0250328255974002,1.018432495492629,1.0256845564074482,1.0003334444814937,1.0033444816053512,1.0198418844788641,1.0,1.0,1.0,1.0,1.0015622446989623,1.0222222222222221,1.0330308529945555,1.0200752940472047,1.0043811683115498,1.0000881174899867,1.0011850245230707,1.0,1.0002838118230732,0.9956191172420125,0.9837975013014055,1.0,1.0,1.0000313986679354,1.0102020404080816,1.0,1.0,1.0,1.0000371273677695,1.0,0.9859659447838949,0.9968454258675079,0.9818181818181819
394674,467,"Heber, UT",msa,UT,0.972706972128029,0.974910394265233,0.9710743801652892,0.9713242266208368,0.9677974009815442,0.9798607313013373,0.9777777777777777,0.9718253968253968,0.9734591194968554,0.9620757473233714,0.9586813186813188,0.9605662285136501,0.9679943100995733,0.9665453456236824,0.9694405379972826,0.9707024355806565,0.9752941176470589,0.9703932480756192,0.977449422730643,0.9682459677419355,0.9707120795074906,0.9682364719766294,0.9676434676434676,0.9666666666666667,0.9728448275862069,0.9760428020054625,0.9778522392938869,0.9666666666666667,0.9531772575250836,0.9688709677419355,0.9752803932654952,0.984375,0.9821446109756514,0.9852173913043478,0.9827470811333383,0.9830769230769231,0.9770084566596194,0.982367758186398,1.0,1.0,1.0,1.0,1.0,0.9912280701754386,0.9947368421052631,0.9878676470588236,0.9851851851851852,0.9896103896103896,1.0,1.0,1.0,1.0,1.0,0.9878048780487805,0.98,0.9671532846715328,0.9676209677419355,0.9592727272727273,0.9548021390374332,0.9663865546218487,0.9545454545454546,0.9513590844062947,0.9659352429786336,0.9734050911376493,0.9765200658110259,0.9784172661870504,0.9706766917293232,0.9711684370257967,0.9639175257731959,0.967741935483871,0.9627272727272728,0.9647058823529412,0.9600847181492342,0.9644846648282643,0.9663636363636363,0.9657796160449509,0.966574752045668,0.9754385964912281,0.9728572029973899,0.9653869778869779,0.9677044173813865,0.9594594594594594,0.9660626628689171,0.9701492537313433,0.9692472645296091,0.9654631083202512,0.9690920670302113,0.9677361992991222,0.9743606399327178,0.9683666881859264,0.9728682170542635,0.9679245283018868,0.9716998685408029,0.9701032448377581,0.9696262626262626,0.9625,0.9647058823529412
395010,468,"Quincy, IL",msa,IL,,,,,,,,,,,,,,,,,,,,,,,,,,,,,,,,,,,,,,,,,,,,,,0.996783416726233,0.9916567342073898,0.9759036144578314,0.9854014598540146,0.9863937729782946,1.0,1.001001001001001,1.0005885815185402,0.996783416726233,1.0,0.9797979797979798,0.9963636363636363,0.9754769898732403,0.981439393939394,0.9659347532116295,0.9732094040459267,0.9924937447873228,1.0,1.0,0.9959239130434783,0.9735402343371744,1.0005885815185402,0.9906421426266537,1.0,0.9888611047965447,0.9685708541009697,0.9795273559660831,0.9665098566308243,0.9696969696969697,0.9843454727304819,1.0,1.0,1.0,1.0,0.9795644336533863,0.9921110180056817,0.9919497382440328,0.9704142011834319,0.9868421052631579,0.9637965940216744,0.9782424394040472,0.9933283914010378,0.9833147942157954,0.9920569282595832,1.0,0.978666161424782,0.9804791207090058,0.9896862837598773,0.9819277108433735,0.9821428571428571,0.9633337968757243,0.9710144927536232
395062,469,"Sandusky, OH",msa,OH,0.9607162614262006,0.9625493513818387,0.9586239952551561,0.9666110183639399,0.986118979961262,0.9822428038125859,0.9550680010264306,0.9549795361527967,0.969060549373373,0.9785167745732783,0.9830508474576272,0.9659863945578231,0.9578353021893093,0.9712230215827338,0.9532371974823439,0.982912007778318,0.9821428571428571,0.9866577718478986,0.9702850212249848,0.9708072587150072,0.9661959565016444,0.9834706987455306,0.9689310163243813,0.9456264775413712,0.9633170297910182,0.9699624530663329,0.9875016256990505,0.9587328053355565,0.9771455223880597,0.99790010814482,0.99137187230371,0.9877551020408163,0.9949764901120177,0.9807348099976518,0.9833774011902131,0.9819977587654187,0.9794628751974723,0.9637046307884856,0.9947027663331371,1.0,1.0,1.0,1.0006671114076051,1.0,0.992879439804269,1.0,1.0,1.0,0.9884655864680683,0.9727626459143969,1.0,1.0120639534883722,1.0175922731976543,1.0006159095037794,1.0,0.9985496736765772,1.0033091996968189,0.9732234282203563,0.9717314487632509,0.991358024691358,1.0,0.9816031247239365,0.9957340394233598,1.0,0.9986642390639264,1.0,1.0,1.0,1.0,0.9833055091819699,1.0,1.0126315789473685,1.0,0.9860313807761514,0.9795918367346939,1.0,0.9862068965517241,0.9982136477313326,1.0066637115839243,1.0,0.9736842105263158,0.9850182968165417,0.9990564450540068,0.9907063197026023,0.974438326433825,0.9752956916889656,1.0,1.0,1.0,1.0,0.9855087041424018,1.0,0.9806048830920069,0.9741969457609269,0.9699769053117783,0.9672206832871653,0.9821428571428571
394593,470,"Findlay, OH",msa,OH,0.9799861973775017,0.9785836000746795,0.982663777296216,0.967741935483871,0.9818495398794813,0.9897947061662398,0.9800521828184614,0.9755664310313577,0.970970970970971,0.9816305894689537,0.9826350983818469,0.9693196976433971,0.9722832143959466,0.9791666666666666,0.9798441115576666,0.9790993995997331,0.9821753364859949,0.988101195440645,0.9866693045380326,0.9740687282108136,0.9799861973775017,0.9822090437361009,0.974410994764398,0.9780455813303058,0.9722222222222222,0.9764705882352941,0.9904761904761905,0.9896808510638297,0.9833194328607172,0.989010989010989,0.9941642350979575,0.9894625922023182,0.9839803222189267,0.9876543209876543,0.9776492641946475,0.9776903308548116,0.9835740772680235,0.9884778653729533,1.0,1.0,1.0004764173415912,1.0,1.0,1.0,1.0,0.9779434445695885,0.9892314479115845,0.9830976198689203,0.9937460913070669,1.0,1.0,1.0,1.0,1.000735402265039,0.9962840687059077,1.0,0.9782267865824015,0.9923011120615911,0.9897312397649553,0.9810780353117652,0.9974811083123426,0.9988369388229821,0.9868029578077425,1.0001667222407469,1.0,1.0,1.0,1.0,0.9849906191369606,0.9972222222222222,0.9785518257860002,0.9742779600599506,0.9831460674157303,0.9734125292468414,0.9817921291299515,1.0,1.0,1.0,1.0,0.9870574729432446,1.0,1.0,1.0,1.0,0.9503064281199329,0.9769713886950454,0.9666423073842654,0.9932280942576069,1.0,0.9966914659574284,0.9839095455533812,0.9931802682427825,0.9836809003641178,0.9761986892031735,0.9906542056074766,0.9815064597383603,0.9834382287842821
394614,471,"Frankfort, KY",msa,KY,,,,,,,,,,,,,,,,,,,,,,,,,,,,,,1.0,0.9919994879672299,1.0,1.0,0.989937159614579,0.9894016911165444,0.9816272965879265,0.9771562857263836,0.992116434202547,0.9812051597500517,1.0,1.0,1.0,1.0,1.0,0.9947077890858489,1.0,0.9837608906098742,0.9910892889616294,0.9838709677419355,0.9825351378585694,0.9845413786093145,1.0,1.0,1.0,1.0,1.0,1.0,0.9936439822671441,0.9638024639341312,0.9710759546439887,0.9513562749911229,0.9765115267507612,0.970873786407767,0.9869298479594558,1.0,0.9936,0.9965371296652559,0.9843711843711844,0.9833619210977702,0.9918367346938776,0.9769539078156313,0.9792599200344075,0.9672131147540983,0.9811609914813801,0.9954337899543378,0.9841534612176814,0.9877469367341836,0.9952941176470588,0.9959269077658283,0.9834428024083196,0.9846721877156659,0.9839731558371405,0.9774221206058874,0.9846019420426398,0.9806623931623931,0.9720214753024243,0.9744680851063829,0.9753645047762695,0.9931408973992569,0.9824937477670597,0.9817638874749737,0.990181362918181,0.9865283045208125,0.9759036144578314,0.9714526830403911,0.9776262460291378,0.9742655099511555
394516,472,"Danville, IL",msa,IL,,,,,,,,,,,,,,,,,,,,,,,,0.9072346417884176,0.9591836734693877,0.9222222222222223,0.9550561797752809,0.963132323521006,0.9521155830753354,0.930411165137428,0.9679529103989536,0.9648099027409373,0.963963963963964,0.9664661292492921,0.9591836734693877,0.9153713298791019,0.9463268065847028,0.926535329077702,0.9591836734693877,0.9603843074459568,0.9706774519716885,0.9847878302642114,0.9794963533782854,0.9638848786848601,0.9913544668587896,0.9782608695652174,0.9606986899563319,0.95,0.9624234624234624,0.9594882729211087,0.9769230769230769,1.0,1.0,0.9877346683354193,0.9941176470588236,0.9924874791318865,0.9719839908519153,0.9742211838006231,0.9575450450450451,0.9657093665558718,0.9493670886075949,0.9649749821300929,0.9643599643599643,0.9831932773109243,0.9764705882352941,0.9818451278251205,0.98639392817475,0.9936305732484076,1.0,0.9949972206781545,0.9819589277717357,0.9739495798319328,0.9605488850771869,0.9738079247817327,0.9693196976433971,0.9577681750890249,0.9763313609467456,0.9959857158737216,1.0,0.9745762711864406,0.9944554939499328,1.0,0.9671428571428571,0.9736123748862603,0.9678090805182625,0.9342230695900858,0.9752925877763329,0.9687304565353346,1.0,1.0,1.0,1.0,0.9740546961884542,0.963302752293578,0.9776751347190146,0.9822646657571623,0.9803921568627451
394298,473,"Aberdeen, WA",msa,WA,0.979590671759567,0.9769487412799515,0.9809933608375383,0.9800098001960039,1.0,0.9945504623253985,0.9909180992554478,0.9850819782237181,0.9902698612371394,0.986087706709023,0.9875246629237882,0.9783212896053363,0.9799599198396793,0.9724026731436883,0.9940606439512347,0.987385819921705,0.9982685648326279,0.9888611047965447,0.9936507936507937,0.9972375690607735,1.0,0.9862081995087852,0.997867803837953,0.9776674937965261,0.9866592551417455,0.987012987012987,1.0,1.0,0.989159891598916,0.9961389961389961,1.0,0.9968409968409968,1.0,1.0,1.0,1.0,1.0,1.0,1.0,1.0,1.0050251256281406,1.0124578028382354,1.0040983606557377,1.0,1.0,1.0,1.0,1.0,1.0,1.0,1.0,1.0,1.0,1.0,1.0,1.0,0.9789156626506024,0.9709482371521918,0.9826989619377162,0.9742120343839542,0.9641261841585591,0.9720548980700636,0.9906236559139785,0.9770785580329235,0.99768875192604,0.989710423816798,0.990909090909091,0.992067464940138,0.9759358288770054,0.9885931558935361,0.9635997067448681,0.9889473361170296,0.9830508474576272,0.9957173447537473,0.9970879020021981,0.9906442186068827,1.0,0.9972249845832477,1.0,1.0,0.9904059355278867,0.9924981245311327,0.9938657443443994,0.9827456864216054,0.986798239765302,0.9996701846965699,1.0,0.9980915897079514,1.0,0.9894507093488542,1.0,0.9809627180217775,0.9780902224154869,0.9801458271750911,0.9831554799463862,0.9787112444634948,0.968
395106,475,"Somerset, PA",msa,PA,,,,,,,,,,,,,,,,,,,,,,,,,,,,,,0.9574468085106383,0.9565028273162245,0.9653013305504826,0.963855421686747,0.9769306780176346,0.956392819157508,0.9612244897959183,0.9487052114111711,0.9758448334744295,1.0,0.9709090909090909,0.9724238026124818,1.0,1.0,1.0,0.984375,0.97874172334873,0.9771428571428571,1.0,0.9714285714285714,1.0,0.9663483401546157,0.9788067755622978,1.0,1.0,1.0,0.98,0.9790959755105022,0.9768083817218576,0.9888888888888889,0.9783570131396219,1.0,0.9814323607427056,0.9569377990430622,1.0,0.9828571428571429,1.0,0.9698996655518395,0.978049533691557,0.9933333333333334,0.9786916805073229,0.9879129129129129,1.0,0.9705882352941176,0.968,0.9793848844195577,1.0,0.984375,1.0,1.0,0.9752438109527382,0.9826989619377162,0.9876543209876543,1.0,0.9733333333333334,0.9545454545454546,0.9808612440191388,0.9706257982120051,0.9752830820770519,0.9731958762886598,0.9748953974895398,0.9913806540164551,0.9897435897435898,0.9615993449781659,0.9658502932045533,0.9712940385100479,0.9696705914692811,0.9722222222222222
753893,477,"Jefferson, GA",msa,GA,0.9714285714285714,0.987460815047022,1.0,0.9904761904761905,1.0,0.9927272727272727,0.9841269841269841,1.0,0.98813263588394,0.989136649514008,0.9811904761904762,0.9891086908201823,0.990632318501171,0.9836612204068023,1.0,0.9881077299755159,0.9914281270869354,0.9909087380698003,0.9999411695493587,0.97997443544951,0.9981992797118848,0.9851041137785079,0.9853687667960586,0.9904954954954954,0.9919784320457474,0.9949238578680203,0.9917355371900827,0.9958120055839925,1.0,0.9946666666666667,0.99609375,1.0,1.0,1.0,1.0,0.993421052631579,1.0,1.0,1.007936507936508,1.0056748424225814,1.00407995618839,1.002551169828512,1.0081632653061225,1.000250062515629,1.0,1.0,1.0,1.0,1.0,1.0,1.0129086976662034,1.013424585417215,1.0182207931404073,1.001669449081803,1.0,1.0,1.0,0.989247311827957,0.9848484848484849,0.9803460246948127,0.984895392035456,1.0,1.0,1.0,1.0,1.0,0.995475113122172,0.9988748593574197,0.9900834560628375,1.0,0.9966654316413487,0.9888888888888889,1.0,0.9964912280701754,0.9908722001633832,1.0,1.0,0.9958592132505176,0.9966666666666667,1.0,0.9851470142467414,0.9831176673567978,1.0,0.9894624040007144,0.9863772925674179,0.992831541218638,1.0,0.9943258619970012,1.0,0.9924603785197723,0.9957909465976973,0.9988158231629256,0.9912289889770063,0.9858162975033047,0.9985693848354793,0.9937304075235109,0.9769230769230769
394736,478,"Kapaa, HI",msa,HI,0.9663841807909604,0.9672043010752689,0.9642873675501755,0.9845439017689708,0.9789473684210527,0.9741924741924741,0.9725,0.9731333801612772,0.9719086873811034,0.9716974604874469,0.958904109589041,0.9821063479261879,0.9660481927391584,0.9790145985401459,0.9659332988858974,0.9751918158567775,0.9699624530663329,0.9705595632676935,0.9746835443037974,0.9834319526627219,0.9777777777777777,0.9772893772893773,0.9793248679909479,0.9787234042553191,0.9663387286619176,0.9849498327759197,0.9790801835263273,0.9773606394254342,0.9430367689083635,0.9584825128384324,0.9730614872654935,0.9709401709401709,0.9717226219024779,0.9793720078851028,0.9768268156424581,0.9859154929577465,0.9670781893004116,0.974025974025974,0.9851795384605295,0.9791666666666666,0.9878213802435724,0.9850193845944885,0.9854014598540146,1.0,1.0,1.0,1.0,0.9905913978494624,1.0,1.0,1.0,1.0,1.0,1.0,1.0,1.0,1.0,1.0,1.0,0.9799713876967096,0.9854024251900007,0.972972972972973,0.9795474925846727,0.9740137993100344,0.9748427672955975,0.9705882352941176,1.0,0.9762308998302207,0.976,1.0,0.975614552605703,0.9748427672955975,0.9748427672955975,0.9825310951562343,0.9687556183382561,0.9767598842815814,0.9787799253075942,0.9803907076361105,0.9679618768328446,0.9855129465748935,0.9656652360515021,0.966942336014501,0.967741935483871,0.9854604200323102,0.967741935483871,0.9623430962343096,0.9700965492580012,0.9672043010752689,0.9691905226631967,0.9630450089367926,0.9570815450643777,0.9671028756804311,0.9597989949748744,0.9585325531478082,0.9682668812727071,0.9775107894263622,0.9658546365914787
394683,481,"Hobbs, NM",msa,NM,,,,,,,,,,,,,,,,,,,,,,,,,,,,,,,,,,,,,,,,,,,,,,,,,,,,,,,,,,,,,,,,,,,,,,,,,,,,0.9491379310344827,0.9517241379310345,0.9984375,0.9729537997694422,0.9761690261690261,0.96415770609319,0.97923197492163,0.9486888111888112,0.964221824686941,0.9712473572938689,0.9581768856595834,0.9675675675675676,0.9795918367346939,0.9689564977973568,0.9798684261295675,0.9585055096418733,0.9744239631336405,0.9769155077407505,0.9749736921897016,0.9726836900559251,0.971875,0.9716324262306837
395088,482,"Shawnee, OK",msa,OK,,,,,0.9757117863744706,0.9764309764309764,0.9650680876258141,0.9690949227373068,0.9796954314720813,0.9714285714285714,0.9730387188323535,0.9794179894179894,0.9564759564759565,0.9659878228007559,0.9712518611842859,0.975735294117647,0.9724426754901255,0.9843692660550458,0.979655077286672,0.9719626168224299,0.9882214369846879,0.9789702683103698,0.975,0.9715885893200626,0.9616547135163054,0.9636304884841218,0.9784670172677958,0.9734513274336283,0.9826124505217704,0.9803921568627451,0.9818181818181818,0.9777840785695326,0.9901913875598086,0.975,0.9839357429718876,0.9904474610356964,0.9879939969984992,0.9776119402985075,1.0,1.0,1.0,0.9973190348525469,1.0,1.0,1.0,0.9736842105263158,0.9971428571428571,0.975735294117647,0.9829311359623308,0.9803921568627451,0.9919026697660456,0.9906759906759907,0.9959839357429718,1.0,1.0,0.9871025051300767,0.9741227254121236,0.9926894959599846,1.0,0.9866666666666667,0.9813333333333333,0.99219661815865,0.9818181818181818,0.9738437359676695,0.9901960784313726,1.0,1.0,0.9737827715355806,0.9735449735449735,0.9705327147656375,0.9952380952380953,0.9714285714285714,0.989716781855243,0.995260663507109,0.9755058572949947,1.0,0.9744335655035989,0.977322981030921,0.9724770642201835,0.9813512498520961,0.9792898365158009,0.9972719005759321,0.9764828134600788,0.9677487293252085,0.9808540749598824,0.9714285714285714,0.9774231879137667,0.9743589743589743,0.9894736842105263,0.980980980980981,0.9947027663331371,0.9713572732805843,0.9817667654187988,0.967741935483871,0.9826589595375722,0.9860335195530726,0.9619712206233679
786258,483,"Fort Payne, AL",msa,AL,,,,,,,,,,,,,,,,,,,,,,,,,,,,,,,,,,,,,,,,0.9788511003143755,0.9766277128547579,0.99922934648582,1.0,0.9727272727272728,0.9887359198998749,1.0,0.9723131240919116,1.0,0.9689310163243813,0.9836065573770492,1.0,1.0,1.0,1.0,0.9746283185840708,0.9830310122878877,0.9765625,0.9868036483587375,0.980361956103196,0.9605225870978497,0.963132323521006,0.97,0.954903985133182,0.9736990785073465,0.9799918334013883,0.9829281202792877,0.9846402602050088,0.9541314198027642,0.9730815679565239,0.9569377990430622,0.9524421593830334,0.9713453132588635,0.9832775919732442,0.9837004787672511,0.9837279001035548,0.9711006781429317,0.9647058823529412,0.9762532981530343,0.9708471851824791,0.9829913283143321,0.9728036592487721,0.9662664379645511,0.9657894736842105,0.9705882352941176,0.9763543781586337,0.9834190966266438,0.9640984267849939,0.9842632331902719,0.9561635775228008,0.9732826932556966,0.9463087248322147,0.9574468085106383,0.9691228070175439,0.9756141507039193,0.9585495380219331,0.9784264057815,0.9874536475337548
394647,486,"Greeneville, TN",msa,TN,0.9545245139034918,0.9506790564689064,0.9636269160820993,0.9802600119627953,0.9627638092412882,0.9747606614447345,0.9729862899579911,0.9638263908085993,0.9639689725465279,0.9488510007412898,0.9687304565353346,0.9645972293483838,0.9762426918047877,0.9721048182586645,0.9704253458597727,0.9707540214038592,0.976390556222489,0.9622222222222222,0.966732577422897,0.9845662586482171,0.9732912244093155,0.9710896960711638,0.975,0.9712000835120664,0.9671848013816926,0.9693784402746719,0.965527813141417,0.9635701275045537,0.9635141060413248,0.9754531892055026,0.9724086957767559,0.9777171441564347,0.9863945578231292,0.9745641611889111,0.9956604302796976,0.9799833194328608,0.981291641833347,0.990273556231003,0.993180669295319,0.9833333333333333,1.0,0.9947340705634544,0.9844177721625605,0.9822090437361009,0.9783781754708659,0.991073525957247,0.9795833297887725,0.9782514136581122,0.9891086908201823,0.9714285714285714,1.0,1.0,1.0,0.9831168831168832,0.9916638879626543,0.9779221563534147,0.9857142857142858,0.9941520467836257,0.9717268377555459,0.9661862885319502,0.9603841536614646,0.9785306648518524,0.9615384615384616,0.9659090909090909,0.9769982306331256,0.9869298479594558,0.9886124949364177,0.9748894589216308,0.9775312833573935,0.9722423529411764,0.9767367906066535,0.9830976198689203,0.963855421686747,0.954060315019583,0.9676016525331593,0.9894736842105263,0.975743025084858,0.9703206884230586,0.9802847754654983,0.9801960392078416,0.96875,0.9754451798907995,0.9695652173913043,0.9512195121951219,0.97073328574518,0.963132323521006,0.9792213023669296,0.9856012431846519,0.9793510324483776,0.9718091076541568,0.9729271644525882,0.9541397353031702,0.9535514493982031,0.9689042177186448,0.9727479100353282,0.9638116021094745,0.9717062017719348
394764,489,"Lake City, FL",msa,FL,,,,,,,,,,,,,,,,,,,,,,,,,,,,,,,,,,,,,,,,,,,,,,,,,,,,,,,,,,,,,,,,,,,,,,,,,,,,,,,,,,0.96693336248692,0.981100611450806,0.968421052631579,0.9552862953543089,0.9859599570379701,0.9701492537313433,0.9716479998732952,0.9823725399039207,0.9828786730467097,0.9665551839464883,0.9650655021834061,0.967479674796748,0.9765271147019219,0.9585996110030564,0.9624457444800906,0.9710144927536232
394752,490,"Klamath Falls, OR",msa,OR,,,,,,,,,,,,,,,,,,,,,,,,,,,,,0.9846299456943367,0.9926646895154588,0.9854494642051547,1.0,1.0,0.9862516643834431,0.9953303999371415,1.0,0.9903038138332256,0.9854285714285714,1.0,1.0,1.0,1.0,1.0,1.0,1.0,0.998489128292715,0.9883314083837217,1.0,0.9947705627705627,0.9953635303179997,0.9834953777051404,1.0,1.0,1.0,1.0,0.9883718223682079,0.9827586206896551,0.9799959983993598,0.9725490196078431,0.9937369519832986,0.9498327759197325,0.9659463624083503,0.9788732394366197,0.9766347285258027,0.9862385321100917,0.9932088285229203,1.0,0.9894179894179894,0.9863013698630136,0.9730361220353377,0.979784313736318,0.9523809523809523,0.9836065573770492,0.9767441860465116,0.975609756097561,0.9886513634461221,0.985504971219257,0.9825409118459156,1.0,0.9863479638430714,0.9763026363495105,1.0,0.9737800687285223,0.9801387137452711,0.98125,0.9734939759036144,0.9770114942528736,0.9899965505346672,0.9935664679887304,0.9824165187933538,0.9867189417497071,0.9832904884318766,0.9790003909615763,0.9841269841269841,0.9720876138786587,0.9752949935699299,0.9732484076433121
394877,491,"Morehead City, NC",msa,NC,0.9595934350977963,0.95,0.9587020648967551,0.9630476432419844,0.9661840664399026,0.9688388652985103,0.9650680037451338,0.9678668215253581,0.9757287474082205,0.9675438596491228,0.9634786519053752,0.9498480243161094,0.967551622418879,0.9567901234567902,0.9579755500900884,0.9714285714285714,0.9810565282263395,0.9696711788335204,0.9654126376673231,0.9714017743214823,0.966542750929368,0.9693558474046279,0.9617818889970788,0.9512195121951219,0.9645223517571081,0.9629967831161965,0.9627543821890618,0.9732441471571907,0.9623631436314364,0.9696969696969697,0.9733333333333334,0.9807726600442659,0.979354804336823,0.9762379651137436,0.9749550571576916,0.9820623308948793,0.9849624060150376,0.9811320754716981,0.9889689876173215,0.993865809290126,1.0,1.0,1.0,1.0,0.9893617021276596,1.0,1.0,1.0,1.0,1.0,1.0,1.0,1.0,1.0,1.0,1.0,0.987938376753507,0.9787878787878788,0.96,0.9745967254009475,0.9629629629629629,0.9656652360515021,0.9707889125799574,0.9856938483547926,0.9904739814848347,0.9898477157360406,0.9924812030075187,0.9790209790209791,0.9907377562935751,0.9840425531914894,0.9898948236749845,0.9776536312849162,0.9812108559498957,0.984,0.9716879519926143,0.9731788347672944,0.9843260188087775,0.9725821483329826,0.9767467854423826,0.9730538922155688,0.9623291476830759,0.9751219054763691,0.9741990866844228,0.9696969696969697,0.967740799757981,0.9677609130485939,0.9792746113989638,0.9746031746031746,0.9807911434827293,0.9689849425588093,0.9649122807017544,0.9716880306198107,0.9689360824742268,0.9741379310344828,0.9662878787878788,0.9669211195928753,0.9657701711491442
394305,493,"Alamogordo, NM",msa,NM,,,,,,,,,,,,,,,,,,,,,,,,,,,,,,,,,,,,,,,,,,,,,,,,,,,,,,,,,,,,,,,,,,,,,,,,,,,,,,,,,,,,,,,,,1.0,1.0,0.9899749373433584,0.9807692307692307,0.982627208143794,0.9804128323930965,0.9899598393574297,0.9821753364859949,0.9839960680917919
394587,495,"Farmington, MO",msa,MO,0.964824120603015,0.9634650413338939,0.9593322734499206,0.971830985915493,0.9872611464968153,0.9822427057933238,0.9698204343148064,0.9781790820165538,0.9774436090225563,0.9633197480548351,0.9694399843988689,0.975975975975976,0.9701269604182226,0.9660574412532638,0.9777735273187969,0.9826923076923076,0.9731543624161074,0.9702706103588331,0.9786545433837627,0.9744897959183674,0.9649749821300929,0.9816923076215094,0.9720670391061452,0.9775280898876404,0.952969165461585,0.9856598841183288,0.9754877438719359,0.9732735511547539,0.9675675675675676,0.9846827133479212,0.9839121552604698,0.9766937669376694,0.9817503161345607,0.9811288376385509,0.9761904761904762,1.0,0.9895074942032357,1.0,0.975,1.0,1.0,1.0,1.0,0.994786088111804,1.0,1.0,0.9762202753441802,1.0,1.0,0.9774243201641868,1.0,0.9965505346671266,1.0,1.0,0.9974986103390773,1.0,0.9814814814814815,0.9843937575030012,0.9711595055915244,0.9544222010380257,0.9685999320145662,0.9888268156424581,0.9761904761904762,0.9964044200594184,1.0,0.9892096048307917,1.0,1.0,0.9767578699617535,0.9839816933638444,0.9857142857142858,0.9782369751593757,0.97,0.998,0.9745762711864406,1.0,1.0,0.9925644413039489,0.9946831075650351,0.9658281847602236,0.9796140678493619,0.9837387625594923,0.9823272507125537,0.9941141848145968,0.9813245243001527,0.9705732282198596,1.0,1.0,0.9854927463731866,0.9811320754716981,0.987340967781188,0.9773687580025608,1.0,0.9833700067704807,0.9771421107628004,0.975609756097561,0.9769230769230769
394897,496,"Muskogee, OK",msa,OK,,,,,,,,,,,,,,,0.9870962370962371,0.9749303621169917,0.9957934494291316,0.9722914669223395,0.9844248094248095,0.9785859278954742,0.9836612204068023,0.9808181369194511,1.0,0.9939103958242714,0.9851470142467414,1.0,0.9727626459143969,0.9665661641541039,0.9841250382275091,0.9899749373433584,0.9890510948905109,1.0,0.9778864318257584,0.9904761904761905,1.0,0.983166626006343,0.9904789995713077,0.9858809570891833,0.9866592551417455,1.0,1.0,0.9938733832539143,1.0,1.0,1.0002983358232687,0.9954008736898257,0.9846396218983852,1.0,1.0,0.9629629629629629,0.9983991228070175,0.9984076433121019,1.0,1.0,0.9867606306736741,1.0,0.9795918367346939,0.9849498327759197,0.9700700800332982,0.9939153439153439,0.9883720930232558,0.9729676636192686,0.9990779160903642,0.9836612204068023,0.9862542955326461,0.9880719077611627,0.9794871794871794,0.9952213329380959,1.0,0.9748589020010262,0.969485817618746,0.9865461662532427,0.9966887417218543,0.9721448467966574,1.0,0.9906121212121213,1.0,0.9706072351421189,0.9851563999633755,0.9841163414408582,0.9612403100775194,0.9892857142857143,0.978765053832078,0.967741935483871,0.9802180334309949,0.9773882113821137,0.9747474747474747,0.9730479896238651,0.9766666666666667,0.9798231066887784,0.9987004548408057,0.9815242494226328,0.9794506298878916,0.974600870827286,0.9666666666666667,0.9712230215827338,0.9628433575002553
394826,497,"Marion, IN",msa,IN,,,,,,,,,,,,,,,,,,,,,,,,,,,,,,,,,,,,,,,,,,,,,,,,,,,,,,,,,,,,,,,,,,,,,,,,,,,,,,,,,,,,,,,0.9970501474926254,1.0,1.0,1.0,1.0,0.9896820383238577,1.0,1.0,0.9777171441564347,1.0,0.9523809523809523
394586,498,"Faribault, MN",msa,MN,,,,,,,,,,,,,,,,,,,,,,,,,,,,,,,,,,,,,,,,,,,,,,,,,,,,,,,,,,,,,,,,,,,,,,,,,,,,,,,,,,,,,,0.9779040538148345,1.0,1.0,1.0,1.0,1.0,1.0,0.9924528301886792,0.9795748228428511,1.0,0.9900733728996068,0.9976409530549658
394922,501,"North Wilkesboro, NC",msa,NC,,,,,,,,,,,,,,,,,,,,,,,,,,,,,,,,,,,,,,,,,,,,,,,,,,,,,,,,,,,,,,,0.9624155682339826,0.988537983755375,1.0,1.0,1.0002041232904675,1.0,0.9778978049309297,0.9711595055915244,0.9748260698165984,0.9790228940738306,0.9403317275443625,0.9681093394077449,0.982532751091703,0.9779399503673405,0.9527272727272728,0.9774436090225563,0.9707317073170731,0.9660943223443224,0.96875,0.9593908629441624,0.9598214285714286,0.968054211035818,0.9633197480548351,0.9467084639498433,0.9669889963321107,0.9728260869565217,0.9555194805194804,0.9607539209328908,0.9565217391304348,0.9698996655518395,0.9658536585365853,0.9787941787941788,0.9800608313619465,0.9751698803941726,0.967391304347826
394885,502,"Mount Pleasant, MI",msa,MI,,,,,,,,,,,,,,,,,,,,,,,,,,,,,,,,0.964122320935254,0.9732360097323601,0.9938924086036653,0.9825754631428942,0.9820983241998252,0.9928692085956081,0.9714285714285714,0.9690775086989816,1.0,1.0,1.0,0.9972677595628415,1.0,1.0,0.9884615384615385,1.0,0.980878628818109,0.9827862289831866,0.9933333333333333,1.0,1.0,1.0,1.0,1.0,0.9705882352941176,0.9693593314763231,0.9985507246376812,0.9842552067995572,0.969897171389223,0.9791823908211903,1.0,0.975,1.0,0.9779467385612041,1.0,1.0,0.993859649122807,0.9809167112537899,0.9741379310344828,0.9901960784313726,0.9815242494226328,0.9566473988439307,1.0,0.9878787878787879,1.0,1.0,1.0,0.9927007299270073,0.9919499105545617,0.9925925925925926,0.9656484458735263,0.9866220735785953,0.966451215758695,0.9625,0.9739815640796907,0.9665053747353116,0.9741596638655462,0.9873248832555037,1.0,0.9972972972972973,1.0,0.9871794871794872,0.9957894736842106,0.968548558718739,0.981810676940011,1.0
394827,504,"Marion, OH",msa,OH,,,,,,,,,,,,,,,,,,,,,,,,,,,,,,,,,,,,,,,,,,1.021021021021021,1.0318949343339587,1.0002501250625313,1.000741289844329,0.9884678747940692,1.0,1.0,0.9743008758977978,0.9636767976278725,0.98989898989899,1.00253807106599,1.0007423096118915,1.0,1.0003334444814937,0.9933311103701234,0.995260663507109,1.0059637730690363,1.0,1.0,0.9727626459143969,0.9701851700791255,0.9817139854183249,1.0,1.0005717552887363,1.008336807002918,1.0068365243735875,1.003101490964836,1.0,0.9847328244274809,1.0,0.9805730937348227,0.9765447107531304,1.0,0.9803921568627451,0.9925723221266615,1.0,0.9931753028516593,1.0,0.9962488277586745,0.9844395046046364,1.0,0.9857254534083801,1.0,0.9863013698630136,0.9926470588235294,1.0,1.0,0.9977494373593399,0.9923323148552305,1.0,0.976522840138387,0.9819678714859438,0.9919252234982782,1.0,0.9869951399363164,0.9618704042531157
395016,506,"Red Bluff, CA",msa,CA,,,,,,,,,,,,,,,,,,,,,,,,,,,,,,,,,,,,,,,,,,,,,,,,,,,,,,,,,,,,,,,,,,,,,,,,0.9676419965576593,0.991998117204048,1.0,0.972318339100346,0.9856035692109559,0.9826121270129129,0.9915480874478597,0.9787735849056604,1.0,0.9879518072289156,0.9966101694915255,0.9810126582278481,0.9745798319327731,0.9799277398635087,0.9877565800016159,0.9887745723313194,0.9903317817229748,0.9855072463768116,1.0,0.975816557661571,0.989159891598916,0.974251654376455,0.9894459102902374,0.9855072463768116,1.0,0.9784914158696734
845163,508,"Jasper, AL",msa,AL,,,,,,,,,,,,,,,,,,,,,,,,,,,,,,,,,,,,,,,,,,,,,,,,,,,,,,,,,,,,,,,,,,,,,,,,,,0.981810676940011,0.9625,0.9902912621359223,0.993566833452466,0.9776430522237161,0.968421052631579,0.963855421686747,0.9772036474164134,0.9562466772993089,0.970970970970971,0.9702407002188184,0.9920634920634921,0.9633197480548351,0.9674418604651163,0.9483097165697181,0.9696539271525471,0.9644561403508771,0.9856337515911984,0.940965143207775,0.9552727272727273,0.9707920080247434,0.9531772575250836,0.9522169370971327,0.9723743035640142
395040,509,"Roswell, NM",msa,NM,,,,,,,,,,,,,,,,,,,,,,,,,,,,,,,,,,,,,,,,,,,,,,,,,,,,,,,,,,,,,,,,,,,,,,,,,,,,0.9806660499537465,0.9831649831649831,1.0,0.9895637408568443,1.0,0.9772329185296074,0.9696969696969697,1.0,0.9545454545454546,0.9608938547486033,0.9747126436781609,0.9744964262508122,0.972492358988608,0.9823376623376623,0.9850746268656716,0.9932118613790639,0.9785202863961814,0.9656084656084656,0.9795501022494888,0.9830508474576272,0.9744349759170063,0.9568775642409846
395092,510,"Shelton, WA",msa,WA,1.0,0.986449864498645,1.0,1.000181851245681,1.0,1.0003611825192802,1.000647975742387,1.000677108433735,1.0,1.0,0.999997872249883,1.0,0.9986882500697739,1.0,0.9991353846153846,0.9984213483146067,0.9990474576271187,0.9992757102841137,0.9993860105220258,0.9992208322530833,0.9992886075949368,0.9992506666666666,0.999078440860215,0.9986619047619048,1.0,1.0,1.0,1.0,1.0,1.0,1.0,1.007473841554559,1.002933085540891,1.0,1.004586154182136,1.0,1.0001064056182165,1.0178346274205596,1.03000515002575,1.0523972602739726,1.0350877192982457,1.0441360340085022,1.0379746835443038,1.0133333333333334,1.018348623853211,1.000250062515629,1.0,1.0,1.006060606060606,1.0131044349070102,1.021149713899418,1.0200556549393758,1.0238805970149254,1.0000054545752068,1.0,1.0,1.0,0.9867452135493373,0.990956772334294,0.999124343257443,0.9956521739130435,0.9813172296659747,1.0,1.0,1.0,1.0,1.0,1.0,1.0,1.0,0.9933333333333334,0.9883720930232558,1.0,0.9969063772048847,1.0,1.0,1.0,1.0,1.0,1.0,1.0,1.0,0.9866666666666667,0.9941089837997055,1.0,0.9941860465116279,1.0,0.9986875625277185,1.0,1.0,0.9898060184287595,0.9971151178516907,0.983813340212949,0.9969540229885058,0.9949188491992405,0.9800710249835485,0.9843333333333333
395105,513,"Somerset, KY",msa,KY,,,,,,,,0.9623074401835463,0.9599451956468008,0.9548387096774194,0.9595566041393213,0.9657142857142857,0.9523809523809523,0.9452322109489824,0.9612852918540122,0.9613795952085915,0.9607686148919136,0.9539320614239181,0.9504752376188094,0.9647142048670062,0.9605140270418495,0.9644670050761421,0.9507978036731672,0.9486029665401863,0.9673469387755103,0.9619080028597585,0.9581564584596726,0.9746554262009902,0.970712441551771,0.9634623749456286,0.9673115410273516,0.9727626459143969,0.9603841536614646,0.9775689602909973,0.9754064193413923,0.9726826336325016,0.9613010503870804,0.9757575757575757,0.962278675904542,0.9854927463731866,0.9866666666666667,0.9723889555822329,0.9737726965016266,0.9747606614447345,0.9665541577170911,0.9863813229571985,0.9683666881859264,0.9686221009549796,0.967741935483871,0.9578544061302682,0.959983993597439,0.9749303621169917,0.985663082437276,0.9733155436957972,0.9649823424919367,0.9622641509433962,0.954554928189776,0.9579451550081584,0.9534928069432881,0.9465027144028976,0.9477474972191324,0.963314405260012,0.9641308491375202,0.9677107482635791,0.963855421686747,0.959753511391616,0.9693196976433971,0.9673366834170855,0.9543536324786326,0.9757114789235533,0.9607791524085285,0.9648534040195632,0.9624047507503741,0.956627854903717,0.9554083004005163,0.9469066222620726,0.9710699342498506,0.9709951658609768,0.9654827413706853,0.9411764705882353,0.9516030929355881,0.9564004861687817,0.9501263902932254,0.9571746031094632,0.9574164046870535,0.9588184574622988,0.9568696675492792,0.9535020600353149,0.9629629629629629,0.9595180470621563,0.9645528694410461,0.9661965448103491,0.9536144230491643,0.9436530970199597,0.9547190398254228,0.9464463660717799,0.9698929076581128
394496,514,"Coos Bay, OR",msa,OR,0.9830508474576272,0.9926894959599846,0.9766937669376694,0.9793114508713782,0.9729982052801426,0.9830976198689203,1.0,0.9861051527718194,0.9737717786192888,0.9767441860465116,0.9770453207769276,0.9716157205240175,0.9713902909686121,0.9773008241758241,0.97206240858118,0.9680232558139535,0.9877788177217497,0.9785637727759914,0.9904941291942322,0.9912759200448347,0.9794871794871794,0.9774081903988281,0.9871450015615397,0.9692421498560941,0.9848484848484849,0.9816083206494166,0.9836065573770492,0.9857142857142858,0.9894736842105263,0.9818181818181818,0.9857584455729742,0.9982698961937716,0.9852064708386548,1.0,0.9952830188679245,1.0,1.0,1.0,1.0,1.0,1.0,1.0,1.0,1.0,1.0,1.0,0.9947658416329526,0.9924165765931514,1.0,0.9958333333333333,1.0,1.0,1.0,1.0,0.9908848492236427,0.9888611047965447,1.0,0.9812108559498957,0.9691115086463924,0.9753086419753086,0.984,0.9933594583333334,0.98,0.9972677595628415,1.0,0.9892742121002991,1.0,0.9721448467966574,0.9846153846153847,0.9747315828638248,0.9718913768461171,0.9880952380952381,0.9730811204074209,0.9632454804901092,0.9789644012944984,0.9813333333333333,0.9788732394366197,0.9970501474926254,0.9780144398141002,0.9919573643410853,0.9741379310344828,0.9783631497393999,0.9774436090225563,0.9754796950222284,0.986159169550173,1.0,0.9853056917361005,0.9860724233983287,0.986159169550173,0.9921583450995215,0.9988262910798122,0.984150792460377,0.9854391680799786,0.9799732977303071,0.9749909387459225,0.9744444444444444,0.9719438877755511
394836,516,"Martinsville, VA",msa,VA,,,,,,,,,,,,,,,,,,,,,,,,,,,0.9430300708132885,0.967741935483871,0.964824120603015,0.9534209617999057,0.9712230215827338,0.9661971830985916,0.9741969457609269,0.9703513263998231,1.0,0.9646046186144157,0.9760394644115574,0.9505784061696658,0.9735466784027412,0.9974326059050064,1.0,1.0,1.0,0.9740740740740741,0.9972725889249905,0.9976019184652278,1.0,0.9617850730956655,1.0,1.0,0.9918620233877333,0.9594620258628132,0.9964705882352941,1.0,0.9891666666666667,0.9873248832555037,1.0,0.98,0.9761904761904762,0.9717919380390776,1.0,0.9591326105087573,0.9838655729871785,1.0,0.9834171077120273,0.9549122839761798,1.0,1.0,0.989432703003337,0.9480434687297448,1.0,0.9957102001906577,0.9642857142857143,0.9742303584224545,1.0,0.98048926380864,1.0,0.9718031900513653,0.9752874465329828,0.947699081387865,0.9637128338485625,0.9679693550842802,0.9722982175638064,0.9774948852011821,0.9772869347780788,0.999124343257443,1.0,0.9703300174228571,1.0,1.0,0.976988058787864,0.9735876970771355,0.9799436748626609,0.9393939393939394,0.9510508113860069,0.9730535072792589,0.9772014798478931
394787,518,"Lewiston, ID",msa,ID,,,,,,,,,,,,,,,,,,,,,,,,,,,,,,,,,,,,,,,1.0003572704537336,1.0,1.0153846153846153,1.0023672144660245,1.0,1.0,1.0,1.0,1.0,1.0,1.0,1.0,1.0,1.0102390271176964,1.0021719201748818,1.0,1.0,1.0,0.9881916501852737,0.9769428152492668,0.9692307692307692,0.9811320754716981,0.99000198000396,0.9726443768996961,0.9779585951179317,0.9973684210526316,1.0,1.0,0.9823183024549584,1.0,0.9765886287625418,0.9846827133479212,0.9895722494147691,0.986159169550173,0.9855090021874474,1.0,1.0,1.0,0.989247311827957,1.0,0.9884203480589022,0.9927764400814966,0.9902519336127737,0.9851694915254238,1.0,0.9746766195492967,0.981842927581519,0.9888641754695022,0.9870897398502716,0.9871100164203612,0.9811320754716981,0.9897172236503856,1.0,0.9908761170172543,0.9910554561717353,0.9919053665794468,0.9779768188379258,0.9849419393756598,0.9704201680672269
394759,519,"Laconia, NH",msa,NH,,,,,,,,,,,,,,,,,,,,,,,,,,,,,,,,,1.0,1.0004095457670688,1.0,1.0,1.0000846370864325,1.0,1.0,1.0258333333333334,1.0234705656021548,1.026795613569239,1.0230303582127829,1.0155800813008131,1.0000808264998364,1.0,1.0,1.0000943126607602,1.0046682227409136,1.0156971375807942,1.0232698385892731,1.0293582316446854,1.0211656193314331,1.016593472702662,1.0008554855169842,1.0,1.0,0.9816525689462655,0.9904952476238119,0.992,1.0,0.9854306499805137,1.0,0.9902200488997555,1.0001538698261272,1.0000019047655329,1.0,1.0,1.0,1.0,0.9809523809523809,0.9924102859336019,0.9831121833534379,0.9961522500838977,0.9884070907863265,1.0,0.9992498749791632,1.0,1.0001905124785673,1.0,0.9929989998571225,0.9876543209876543,0.9735744089012517,0.9700162633674976,0.9838461538461538,0.9765801987023113,0.9899641577060931,1.0,0.991160551652355,1.0,1.0,0.9936438290305621,0.9866666666666667,0.9877970097400584,0.9783383910250867,0.9809578765147143,0.9874213836477987
394629,520,"Georgetown, SC",msa,SC,0.9446193739581404,0.9607692307692308,0.9568639612499261,0.96415770609319,0.9612775049668254,0.9678691537345666,0.9714285714285714,0.9631812910707382,0.9633911368015414,0.9634408602150538,0.9660194174757282,0.9465976369111417,0.9573525604337326,0.9607298944077584,0.9597188429305218,0.9621621621621622,0.9625024062560157,0.964818763326226,0.9650843468026677,0.9669421487603306,0.9642397278881185,0.9531332280147446,0.9583333333333334,0.9448275862068966,0.9507923533940879,0.9546596619460941,0.9619084263178146,0.9666666666666667,0.9584083188354429,0.9591326105087573,0.9725779877971503,0.973592958122166,0.9724124809741248,0.9716981132075472,0.9714285714285714,0.9730636676945402,0.975609756097561,0.9706321510297483,0.979328165374677,0.9867728056826177,0.9904803948202481,0.9990525318454574,1.0,1.0,1.0,0.9843765380883408,1.0,0.9919524687073691,0.985216240070609,1.0,0.979598791039469,1.0,1.0,1.0,0.9876024374868669,0.9740420271940667,0.9761904761904762,0.9785106569599158,0.967206047363137,0.9766937669376694,0.9699800850129515,0.9717803907045643,0.9704368932038835,0.9762202753441802,0.9654668054935793,0.9853817945229786,0.9803921568627451,0.9727359912316755,0.9763001608354533,0.9846153846153847,0.9714087231318278,0.9716981132075472,0.9674136641731268,0.9827621234197885,0.9773262032085561,0.9777157045313469,0.9694846509972344,0.972492358988608,0.9678379132604484,0.9815024537561344,0.9686411149825784,0.9781385002575224,0.9739405106607002,0.9749861033907726,0.9605913927467915,0.9734513274336283,0.9728997289972899,0.968,0.9717633393473724,0.9727360192423331,0.974231032125769,0.967741935483871,0.9728786108414589,0.9667978533094812,0.9574468085106383,0.9643916913946587,0.9644579389176638
394570,523,"Enid, OK",msa,OK,,,,,,,,,,,,,,,,,,,,,,,,,,,,,,,,,,,,,,,,,0.9777777777777777,0.9850006616382163,0.9943600799408312,1.0,0.9757566852776962,0.9854927463731866,1.0,0.9721020678742176,1.0,0.9791400595998297,0.9899888765294772,1.0,0.9907532903124572,1.0,1.0,1.0,0.9987139182623607,0.9803921568627451,0.9658421672555948,0.9854457246816253,0.9711595055915244,0.9766555502620295,0.9727662045438049,0.9749696831893284,1.0,0.995260663507109,0.9793707022296312,0.9803921568627451,0.9928443649373881,0.9792709077912795,0.9881428093413038,0.9831649831649831,0.9769094138543517,0.966183574879227,0.9776751347190146,0.9745230109418815,0.9855072463768116,0.9827586206896551,1.0,0.9711595055915244,0.980931832395247,0.9730694098872064,0.9856767470556164,0.9705882352941176,0.9746588693957114,0.9686535764375876,0.9684251302110746,0.9720246562351825,0.9818181818181818,0.9859154929577465,0.9893617021276596,0.9861111111111112,0.9793541556379036,0.9776951672862454,0.9709864603481625,0.9836800681272329,0.9655172413793104
395199,525,"Walla Walla, WA",msa,WA,,,,,,,,,,,,,,,,,,,,,,,,,,,,,,,,,,,,,,,,,,,,,,,,,,,,,,,,,,,,,,,,,,,,,,,,,,,,,,,,,,,,,,0.9734513274336283,0.9872495446265938,0.9888765157139322,1.0,1.0,0.9936842105263158,0.9767441860465116,0.9973118279569892,0.9779028976527013,0.9723578476248601,0.9790794979079498,0.9844837758112095
394701,527,"Hutchinson, KS",msa,KS,,,,,,,,,,,,,,,,,,,,,,,,,,,,,,,,,,,,,,,,,,,,,,,,,,,,,,,,,,,,,,,,,,,,,,,,,,,,,,,,,,,0.9797248742428908,0.9681159420289855,1.0,0.9801559177888022,1.0,0.9907063731837146,0.9944717119596704,1.0,1.0,1.0,1.0,0.9875592302589062,0.9956709956709957,0.9859528826943793,0.9765625
394693,528,"Hudson, NY",msa,NY,0.9402103409933285,0.9729782323147693,0.9681471119659615,0.992713567839196,0.9667720901392995,0.9647058823529412,0.9518828451882845,0.9827917992746651,0.9574468085106383,0.950950950950951,0.9595959595959596,0.9398496240601504,0.96,0.9615303430079156,0.9599688094948758,0.9443123543123544,0.9714030839811393,0.9776536312849162,0.9672727272727273,0.9613733905579399,0.9717370593839314,0.9579179795818862,0.9698996655518395,0.9686520376175548,0.9487775790101372,0.9454545454545454,0.9528396888518964,0.967854909318324,0.9752438109527382,0.9743589743589743,0.9832935560859188,0.9845024796032635,1.0,0.9830944434487335,0.9794628751974723,0.9826086956521739,0.9583365277884259,0.9698996655518395,0.979112554112554,0.9839285714285714,0.9843958834536221,0.9885916714864084,1.0189973614775725,0.9977093341441168,1.0,0.9891879255427953,0.9887904020055511,1.0,1.0,0.9711606467534319,0.9961479198767335,1.0,0.9980426272292301,1.0033760683760684,1.0,0.992831541218638,0.987999516353304,0.9864203505398583,1.0,0.9909001327273459,0.970877604265134,0.9516963772282921,0.9552630408680571,0.996875,0.9832402234636871,0.9848968343184538,0.9865362786061393,0.9749654044533904,1.0,1.0,1.0,0.9708029197080292,0.9546313799621928,0.950694042799306,0.9595959595959596,0.9701242027526016,0.9685264663805436,1.0,1.0,0.9927007299270073,0.9795876709532557,1.0,0.9832962138084632,0.9979381443298969,0.9533333333333334,0.9653465346534653,0.9733298729164508,0.96,0.9908233222628469,0.9810129080645797,0.9882352941176471,0.9810570955149268,0.9748164218958612,0.9772727272727273,0.9797979797979798,0.9823008849557522,0.9615384615384616
394631,531,"Gillette, WY",msa,WY,,,,,,,,,,,,,,,,,,,,,,,,,,,,,,,,,,,,,,,,,,,,,,,,,,,,,,,,,,,,,,,,,,,,,,,,,,,,,,,,,,,,,,,,,,,,,0.980456422801919,0.9875709473586884,0.9860067534326222,0.986345932324198,1.0
395136,532,"Sturgis, MI",msa,MI,,,,,,,,,,,,,,,,,,,,,,,,,,,0.988791032826261,0.9930555555555556,0.9819378106717283,0.9834972495415902,1.0,0.9967810739335403,0.9739130434782609,0.990533416726233,1.0,1.0,0.9893829850848097,0.9673115410273516,1.0,1.0,1.0,1.0,1.0222222222222221,0.9841008055127003,1.0,0.9959951942330797,1.0,1.0,1.0,1.0,0.9960984793917567,0.9703779366700716,1.0,1.0,0.9703557312252964,1.0,0.9838192991631799,0.9824561403508771,0.9728260869565217,0.9796183988258426,0.9807692307692307,0.9893267941570814,1.0,0.981247019229904,0.9974747474747474,0.9908316354880533,1.0,1.0,1.0,1.0,0.9777777777777777,0.9801960784313726,0.9803705596129388,0.9608759305983865,1.0,0.9852175262933209,0.9864188706218727,1.0,0.9917397990151577,0.9805194805194806,1.0,0.9902983321587973,0.9696969696969697,0.9701377827333546,0.9738095238095238,0.9708366087805808,0.9836951705804164,0.9800510812009425,1.0,0.9771428571428571,0.9874399367677752,0.9841505075081718,0.9810636583400483,0.9711065642787376,0.9804350403815496,0.9680307705136758,1.0
395044,533,"Rutland, VT",msa,VT,,,,,,,,,,,,,,,,,,,,,,,,,,,,,,,,,0.9670107596082922,0.9756848261003386,0.9811320754716981,0.9809579128067007,0.9768115942028985,0.9930652785256986,0.9737991266375546,0.9976133651551312,0.9931163954943679,1.0,1.0,1.0,1.0,1.0,1.0,0.9704806687565308,0.990625,0.9962484368486869,1.0,1.0,1.0,1.0035414834359426,1.0015151515151515,1.0,1.0,0.9872495446265938,0.9744715447154472,0.9886720964045442,0.9764705882352941,0.9877554812337421,1.0,0.9734513274336283,1.0,1.0,1.0,0.9966555183946488,1.0,1.0,0.9698630136986301,1.0,0.9841269841269841,0.9765411893071467,1.0,0.9752136752136752,1.0,1.0,0.9891891891891892,0.9756493506493507,1.0,0.9661294009588612,0.9634146341463414,0.9598853868194842,0.9683536381842457,0.9622641509433962,0.97911227154047,0.9705367389577142,0.9893628980130962,0.9900362387348369,1.0,0.9774436090225563,0.9736842105263158,0.949748743718593,0.972972972972973,0.9617224880382775,0.9702287667902825
394509,534,"Crossville, TN",msa,TN,0.9496418907433696,0.9596146721007781,0.9587897129610143,0.9741059944391814,0.9680365296803652,0.96985559566787,0.9693196976433971,0.9693558474046279,0.9575594656239818,0.960352422907489,0.9615384615384616,0.9532092537832667,0.9469387755102041,0.9634078557753993,0.9559748427672956,0.9655172413793104,0.9696969696969697,0.9687783408909042,0.9729603000937793,0.9642857142857143,0.9747899159663865,0.9736788777364935,0.9684070502161624,0.971875,0.9637526652452025,0.9649253731343284,0.9736623203776489,0.9801786748952339,0.9625874125874125,0.9721725835914542,0.9682539682539683,0.9755487499847484,0.9809473053094397,0.984372557830572,0.9824937477670597,0.975,0.9907432122228035,0.9861325115562404,0.9717757581946288,0.9916069206915119,1.0,1.0,0.9964295089504345,1.0,0.9838709677419355,0.9787234042553191,0.987105380168964,0.9692307692307692,0.980247389971488,0.9859959988568162,0.9937258687258688,0.9998828612368764,0.9835963777135243,0.9882123707921067,0.9799962949240459,1.0,0.983440701826352,0.9633802816901409,0.9692307692307692,0.964985501002626,0.9739405106607002,0.9762691498948634,0.9714656479923631,0.9811320754716981,0.9770390791951549,0.9830507821357157,0.9863636363636363,0.9719626168224299,0.9663512408809042,0.970873786407767,0.9606247859538761,0.962922654813525,0.9676025917926566,0.9851470142467414,0.9706892439780587,0.9726001705029839,0.9768386223492255,0.9692307692307692,0.9707943925233644,0.9658536585365853,0.9704389369961183,0.9730882847574619,0.9617850730956655,0.9730077120822622,0.9745559810534636,0.946,0.9732360097323601,0.9739532019704433,0.979381443298969,0.9647712528910701,0.9747279226683462,0.9669889963321107,0.9704861111111112,0.9727215382631136,0.9728613569321534,0.9636363636363636,0.9659268521412941
845162,535,"Granbury, TX",msa,TX,,,,,,,,,,,,,,,,,,,,,,,,,,,,,,,,,,,,,,,,,,,,,,,,,,,,,,,,,,,,,,,0.9832251962576278,0.9997333333333334,0.9926720937971993,0.980980980980981,0.9870838307467834,0.9787814043990004,0.9846153846153847,0.96875,0.973285987435127,0.9746521669598593,0.9699800850129515,0.9767441860465116,0.9840178484583212,0.9849462365591398,0.9799554565701559,0.9894736842105263,0.9769923307769256,0.9766899766899767,0.9723809523809523,0.9782608695652174,0.9759932063210752,0.9708994708994709,0.9797065679418621,0.9767545820295038,0.976363457386084,0.9704142011834319,0.9813428433211804,0.9828571428571429,0.97871110176619,0.9767441860465116,0.9793116956023388,0.9782584054568916,0.96875,0.9670209600993959,0.9623310810810811
395049,537,"Salina, KS",msa,KS,,,,,,,,,,,,,,,,,,,,,,,,,,,,,,,,,,,,,,,,,,,,,,1.0,0.9850707134911807,1.0,1.0,1.0,1.0,1.0,1.0053374215711326,1.0,1.0059171597633136,1.0,1.0,1.0,1.0,0.975609756097561,1.0,1.0,0.9912767379679144,1.0,1.0,1.0,1.0,1.0,1.0,0.9981625153123723,0.9803921568627451,0.972376214167259,0.9889135921163321,0.9859554973821989,1.0,0.9838709677419355,1.0,1.0,0.9940119760479041,0.9912154134638782,1.0,0.9785803985128456,0.9723889555822329,0.9810126582278481,0.9833791208791209,1.0,0.9942857142857143,1.0,1.0,1.0,1.0,1.0,0.9787234042553191,0.9810399824011439,1.0,0.9750387596899225,0.9874705208543899
394362,540,"Barre, VT",msa,VT,,,,,,,,,,,,,,,,,,,,,,,,,,,,,,,,,,,,,,,,,,,,,,,,,,,,,,,,,,,,,,,1.0,1.0,1.0516717325227964,1.0619469026548674,1.0210460512606794,1.0407571152252002,1.0225786163522013,1.0,1.0,0.9912629286880784,0.9738297356293961,1.0,1.0,1.007663043478261,1.0,1.0,1.0017722608066764,1.001432664756447,0.9977494373593399,1.0,1.0,0.9758203799654577,0.9854014598540146,0.9748720335039553,0.9973297730307076,0.9862610882168052,0.9942034994609834,1.0,1.0,0.9917414248021108,0.9807692307692307,0.9871710917966424,0.9663841807909604,0.9848484848484849,0.9782608695652174
394939,542,"Oneonta, NY",msa,NY,,,,,,,,,,,,,,,,,,,,,,,,,,,,,,,,,,,,,,,,,,,,,,,,,,,,,,,,,,,,,,,,,,,,,,,,,,,,,,,,,,,,,,,,,0.967741935483871,0.9809542494366656,1.0,0.9898681668371406,0.964849784784168,0.975609756097561,0.9883065159829618,0.9659167759298875,1.0
394490,543,"Columbus, MS",msa,MS,,,,,,,,,,,,,,,,,,,,,,,,,,,,,,,,,,,,,,,,,,,,,,,,,,,,,,,,,,,,,,,,,,,,,,,,,,,,,,,,,,,,,,,,,,,,,0.9833333333333333,0.9606299212598425,0.9785330948121646,0.9987063389391979,0.9924976555173491
394336,546,"Ardmore, OK",msa,OK,,,,,,,,,,,,,,,,,,,,,,,,,,,,,,,,,,,,0.9956427015250544,0.9797190663371169,0.9761769710720363,0.9691423707171739,0.9757785467128027,1.0,0.9885386819484241,0.9806326662362814,0.9818731117824774,0.991810737033667,0.9851470142467414,0.9652509652509652,0.9718875502008032,0.9683666881859264,0.9920895688006275,0.9622641509433962,1.0,0.9909759543618624,1.0,0.9710841694537347,0.9780543530543531,0.9787234042553191,0.9666666666666667,0.942188075230092,0.9484548527281507,0.9533651121704056,0.9654093917830766,0.9762532981530343,0.9609348914858097,0.9764705882352941,0.9912783981517135,0.9550157581653644,0.9785932721712538,0.9818181818181818,0.9615458580450619,0.9652509652509652,0.9601920768307323,0.9562947326549782,0.9609351879254218,0.9554140127388535,0.9766555502620295,0.9613899613899614,0.9816246498599439,0.9894714324349487,0.9762063697311733,0.9803921568627451,0.9561962164943727,0.9828236231205899,0.9692382249094224,0.9586359141353098,0.9798994974874372,0.9859959988568162,0.9414381022979985,0.9788266098610926,0.9739913922753162,0.9816339455351488,0.9833239939463123,0.9591326105087573,0.9555555555555556,0.9638325703073904,0.9761757485426518,0.9333333333333333
394456,549,"Charleston, IL",msa,IL,,,,,,,,,,,,,,,,,,,,,,,,,,,,,,,,,,,,,,,,,,,,,,,,,,,,,,,,,,,,,,,,,,,,,,,,,,,,,,,,,,,,,,0.9686520376175549,1.0,0.9859088329865708,0.9769923307769256,0.9649122807017544,0.975609756097561,0.974910394265233,0.975609756097561,0.9729233593391464,0.9538461538461539,0.9584295612009238,0.9822720448814184
394592,550,"Fernley, NV",msa,NV,0.9880597014925373,0.9960852544584602,1.0,1.0,1.0,1.0,0.9948342694337766,1.0,0.9912647170527915,0.9946666666666667,0.9883555096508944,0.994556929153609,0.9899270580062521,1.0,0.9901960784313726,0.9868386417478284,1.0,0.998949083503055,0.9953515003179003,0.994069846486582,1.0,0.995999199839968,0.989304009777408,0.9867247870021796,1.0,0.9861338948882048,0.9949899799599198,1.0,0.9916757148027506,1.0,1.0,1.0,1.0,1.0,1.0,1.0,1.0,1.000185253797703,1.0113358524116471,1.0153846153846153,1.0175,1.0188087774294672,1.0080534313457632,1.0,1.0002353494939986,1.0,1.0,1.0,0.99867197875166,1.0,1.0,1.0,1.0,1.0,1.0,0.9928743961352657,0.9875,0.9863221568586692,0.983837919598203,1.0,0.9991007194244604,0.9801960392078416,0.9920003124600548,0.9863013698630136,0.9912596875384426,1.0,1.0,1.0,1.0,0.9977494373593399,1.0,0.9906666666666667,1.0,0.9989785495403473,1.0,0.9947207557654905,1.0,1.0,1.0,1.0,0.9971713477527929,1.0,0.9904761904761905,0.9943502824858758,0.984867922239408,1.0,0.9893198426082068,1.0,1.0,1.0,1.0,1.0,1.0,0.9946666666666667,1.0,1.0,1.0
394444,551,"Carson City, NV",msa,NV,,,,,,,,,,,,,,,,,,,,,,,,,,,,,,,,,,,,,,,,1.016349522228815,1.0186287082157817,1.0215827338129497,1.0,1.0,1.0,1.0,1.0,1.0,0.9920174211698436,1.0,1.0,1.0,1.0,1.0,1.0,0.9903498190591074,0.9798828541001066,0.9879567258624209,0.9788364275355121,0.9723395873724539,1.0,0.9732360097323601,0.9703213016816022,1.0,0.9894582419859734,0.995475113122172,0.992392622651309,1.0,0.9948678367208137,0.9847361402171843,0.9839816933638444,0.980568939211435,0.9779407709251041,0.9929961089494164,1.0,0.9911020084178136,1.0,0.9844961240310077,0.9868421052631579,0.9886178861788618,0.9863013698630136,1.0,0.9925153539852871,0.9919224555735057,0.9848484848484849,0.9955456570155903,0.9887640449438202,1.0,0.9990498632267721,0.9887551557388707,0.9896249002394254,1.0,0.9917484288273307,0.9861162413477444,0.9901428164737142,0.993256365310163,0.995260663507109
753877,554,"Cullowhee, NC",msa,NC,,,,,,,,,,,,,,,,,,,,,,,,,,,,,,,,,,,,,,,,,,,,,,,,,,,,,,,,,,,,,,,,,,,,,,,,,,,,,,,,,,,,,,,0.9402089353189598,0.9506503475091335,0.9450958426686582,0.9607375615959306,0.9545454545454546,0.9522954846023048,0.9551240560949299,0.9553189466679342,0.9579359474791057,0.9404717233985527,0.9558823529411765
394737,555,"Kearney, NE",msa,NE,,,,,,,,,,,,,,,,,,,,,,,,,,,,,,,,,,,,,,,,,,,,,,,,,,,,,,,,,,,,,,,,,,,,,,,,,,,,,,,,,,,,,,,0.983121388395714,0.9765791900861627,0.9909502262443439,1.0000044444641976,0.9846153846153847,1.0,0.9914016158609746,0.9965175968805406,0.9972662489051323,0.997956549795655,0.9785376500545653
394940,557,"Ontario, OR",msa,OR,,,,,,,,,,,,,,,,,,,,,,,,,,,,,,,,,,,,,,,,,,,,,,,,,,,,,,,,,,,,,,,,,,,,,,,,,,,,,,,,,,,,,,,0.974653670043636,0.9853110367892977,0.9983327158206743,0.9896073363122073,0.9834743617559847,0.9836065573770492,0.9832904884318766,0.9848101265822785,0.9782356063758052,0.9870550161812298,0.9892086330935251
395131,560,"Sterling, IL",msa,IL,,,,,,,,,,,,,,,,,,,,,,,,,,,,,,,,,,,,,,,,,,,,,,,,,,,,,,,,,,,,,,,,,,,,,,,,,,,1.0,1.0004067770142369,0.996783416726233,0.9954499494438827,1.0002242233250667,1.0,0.9636545515171724,0.9715909090909091,0.9821753364859949,0.9630558319039129,0.9655637227977856,0.9873698235310112,0.9694845766868969,0.96,1.0,0.9836612204068023,0.9783423316848989,1.0,1.0,1.0,0.9798941798941798,0.9683229813664596,0.9662239089184061
394411,561,"Branson, MO",msa,MO,0.9680583369729954,0.9611590935464085,0.9718747528774057,0.9713876967095851,0.9665115724170843,0.9728001632500362,0.9694415173867229,0.9704368932038835,0.9771986970684039,0.9645727929402882,0.962278675904542,0.9599332220367279,0.9567198177676538,0.9655172413793104,0.9666666666666667,0.9733333333333334,0.9746088740702744,0.9712230215827338,0.9714285714285714,0.9684044233807267,0.9683666881859264,0.9697541452258434,0.978494623655914,0.9703821844067044,0.96579476861167,0.9680365296803652,0.9692307692307692,0.9822834645669292,0.9739130434782609,0.9724536160545247,0.9805959997542631,0.9786474164133738,0.9814903626564355,0.9895345299665348,0.9819233439516458,0.984418821462693,0.9828906612033852,0.9857006348200719,0.9843652282676673,1.0,1.0,1.0,1.0,1.0,1.0,1.0,1.0,1.0,1.0,1.0,1.0,1.0,1.0,1.0,0.9832742258242875,0.9938271604938271,0.9875479329556855,0.9737068122162,0.96625847993561,0.9677083333333334,0.9695652173913043,0.9760770110560426,0.9705709240729841,0.9695264145045326,0.9805788443478949,0.9737931034482759,0.9671641791044776,0.9791827108201772,0.9856797470708574,0.9681697612732095,0.9750822317383478,0.9746328437917223,0.9722222222222222,0.9608563117551138,0.9788255591562005,0.972964195826906,0.9649122807017544,0.976528596537618,0.9654770035538829,0.9827710396695091,0.9783087726580877,0.9699404519128804,0.9661286656058196,0.9666017409332351,0.952815069669954,0.9657902953308848,0.9725691766340114,0.9765377734966285,0.9790209790209791,0.9782608695652174,0.9651836221603664,0.9725564381645717,0.9665551839464883,0.9714285714285714,0.9665689920089564,0.9734939759036144,0.9719642930228642
394446,562,"Cedar City, UT",msa,UT,,,,,,,,,,,,,,,,,,,,,,,,,,,,,,,,,,,,,,,,,,,,,,,,,,,,,,,,,,,,,,,,,,,,,,,,,,0.9829965993198639,1.0,0.9753766233766233,0.9818181487602705,0.9927609661973381,0.9846193489519529,0.9831340134384978,0.9836829836829837,0.9914529914529915,0.9844395046046364,0.9750022159141271,0.9883305548940224,0.9753070115043251,0.9743703004554813,0.9752819172824889,0.9849411231884058,0.9755830444374409,0.9896998456625843,0.9821399537340367,0.987012987012987,0.968937019093759,0.9737502189525311,0.9832869080779945,0.9918478260869565
394951,564,"Oxford, MS",msa,MS,,,,,,,,,,,,,,,,,,,,,,,,,0.960150929736225,0.9766666666666666,0.9722564260427891,0.9727793696275072,0.9611468526310141,0.9811957935135271,0.9755398219979592,0.9685387363529617,0.972972972972973,0.9734752580921522,0.9719160195859429,0.9698167753517966,0.9714285714285714,0.9795630725863284,0.9662162162162162,0.9764773687850611,0.9848181575563482,0.9777777777777777,0.985373364126251,0.9919839679358717,0.9823008849557522,0.9863013698630136,0.9849794494955786,0.9925925925925926,0.9786207132902283,1.0,1.0,1.0,1.0,1.0,1.0,0.9886677367576244,1.0,1.0,0.9926448955575169,0.9933531468743505,0.994895780219101,0.9861111111111112,1.0,0.9959268444518179,0.990502409101072,0.9922337278106509,0.9830124663961961,0.9888236763236764,0.9764705882352941,0.9915966386554622,0.9799949987496874,0.9873417721518988,0.9937828790052606,0.9885358557684534,0.9844281035060101,0.981029810298103,1.0,0.9872694206287347,0.9801600515048967,0.9829394044722511,0.9766555502620295,0.9784283513097073,0.9726860055790577,0.976068376068376,0.9759519038076152,0.9738617797521341,0.96875,0.9768560264502555,0.9724770642201835,0.9777346013725955,0.97599280950682,0.9749776386404293,0.9786607799852833,0.9788949857224785,0.9651416122004357,0.9687423687423687,0.9775569021578481
394721,565,"Jasper, IN",msa,IN,,,,,,,,,,,,,,,,,,,,,,,,,,,,,,,,,,,,,,,,,,,,,,,,,,,,,,,,,,,,,,,,,,,,,,,,,,,,,,,,,,,,,,0.9813333333333333,0.9859154929577465,0.9712108506394005,0.9972516686297606,0.9866666666666667,0.9911894273127754,0.9905163329820864,0.9844039765299608,0.9776951672862454,0.9782213438735178,0.9763802355723317,0.9728565369762718
394556,566,"Edwards, CO",msa,CO,,,,,,,,,,,,,,,,,,,,,,,,,,,,,,0.9698424824475245,0.9769924961158309,0.9733746286794491,0.9719171441558238,0.9724746327426927,0.9720830549988866,0.9681093394077449,0.975609756097561,0.9681611435997401,0.9787130061165427,1.0,0.9874287830531072,1.0,1.0,1.0,0.9989440337909187,1.0,1.0,0.9862068965517241,0.9954560537212935,1.0,1.0,1.0,1.0,1.0,1.0,0.9818016378525932,0.9743589743589743,0.9716981132075472,0.97419084477531,0.9556313993174061,0.966354889636889,0.9678833293046492,0.9671901503399684,0.9786409242930982,0.9722222222222222,0.9832281889521465,0.991304347826087,0.9804331306990881,0.978198328913794,0.9699624530663329,0.9795918367346939,0.9703780369191952,0.9766666666666666,0.9710166919575114,0.9757575757575757,0.9738001914636129,0.9855165698786382,0.9813953488372092,0.9885343460357647,0.9776327857917119,0.9785714285714285,0.9772010671840892,0.9679156353373892,0.9711186155303212,0.9635173058933583,0.9865689732871283,0.9784321916886758,0.9685863874345549,0.9790489814244396,0.9747510951812027,0.9691033912669236,0.9703703703703703,0.9613062392281243,0.9741218157975503,0.96,0.9620253164556962,0.9644786122609896
394547,567,"Durango, CO",msa,CO,,,,,,,,,,,,,,,,,,,,,,,,,,,,,,,,,,,,,,,,,,,,,,,,,,,,,,,,,,,,,,,,,,,,,,,,,,,0.9806451612903225,0.9838032786885246,0.986046511627907,0.9846547314578005,0.9868817204301075,0.982028241335045,0.9797979797979798,0.991284969179706,0.9753736288007068,0.9808,0.9863429438543247,0.9776143195481872,0.977495599698265,0.9888888888888889,0.9833271549750322,0.993006993006993,0.9769870742210192,0.9747920224349433,0.9762532981530343,0.9772545433763858,0.9749108013767831,0.9725025355333056,0.9560975609756097
394366,571,"Batesville, AR",msa,AR,,,,,,,,,,,,,,,,,,,,,,,,,,,,,,,,,,,,,,,,,,,,,,,,,,,,,,,,,,,,,,,,,,,,,,,,,,,,,,,,,,,,,,,,,,,,0.9643295010294015,0.9587264150943396,0.9576612903225806,0.9688511282604462,0.9888765294771968,0.9636650868878357
394566,573,"Elko, NV",msa,NV,,,,,,,,,0.9902514109799897,0.9886363636363636,0.9867320894208766,0.9897959183673469,0.9939789774466782,0.9857102017479376,1.0,1.0,0.9914809489575844,0.9972222222222222,0.9935205183585313,0.9969470435759278,0.9983079526226735,0.9903113939437275,0.9827522108175349,0.9964539007092199,0.994263862332696,1.0,0.99641534476926,0.9963985594237695,0.9954524783992724,1.0,1.0,1.0,1.0,1.0,1.0,1.0,1.0,1.0,1.0,1.0,1.0,1.0028985507246377,1.0096774193548388,1.0,1.0,1.0,1.0,1.0,1.0,1.0,1.0,1.003419647920674,1.0,1.0,1.0,0.9907360805284682,1.0,0.9949960199403214,0.9929256266264894,0.9932432432432432,1.0,1.0,1.0,1.0,0.987012987012987,1.0,1.0,1.0,1.0,0.9889036924248191,0.9951456310679612,0.987012987012987,0.9803921568627451,0.9899749373433584,1.0,0.995692174050383,1.0,1.0,0.9904761904761905,1.0,0.9910714285714286,0.9818181818181818,1.0,1.0,1.0,1.0,1.0,1.0,1.0,1.0,1.0,1.0,1.0,1.0,1.0,1.0,0.9910913140311804
394517,574,"Danville, KY",msa,KY,,,,,,,,,,,,,,,,,,,,,,,,,,,,,,,,,,,,,,,,,,,,,,,,,,,,,,,,,,,,,,,,,,,,,,,,,,,,,,,,,,,,,,0.9508188228435472,0.9733838383838384,0.948114190456345,0.9705698184095178,0.9793023478844628,0.983472746896924,0.97868638538495,0.9648351648351648,0.9506337558372249,0.9586550836550837,0.9610262766951958,0.9774221206058874
395122,576,"St. Marys, GA",msa,GA,0.989010989010989,0.9780113606200562,0.9832272990167727,0.9821753364859949,0.9825960841189267,0.9842854496023541,0.9982456140350877,0.9849195519927227,0.989247311827957,0.9784615384615385,0.9752380952380952,0.9814814814814815,0.9682094921327652,0.980380370753288,0.9780634343998882,0.9887460466113587,0.9854826623066966,0.9869088910095214,0.996078431372549,0.9889663856728113,0.9865125240847784,0.9868817204301075,0.9817347789824854,0.9876018355671459,0.9833366111220371,0.9904761904761905,0.9943714821763602,0.9828448892065761,0.9921078252403555,0.9954977488744372,0.9927867158312186,1.0,1.0,1.0,0.9919315218945663,0.989921152579315,0.995260663507109,0.9957122439256789,1.0,1.0,1.0,1.0,1.0,1.0,1.0,1.0,1.0,1.0,1.0,1.000250062515629,1.0,1.0,1.010230179028133,1.0,1.0003068425897514,1.0,1.0,1.0,1.0,1.0,0.9900370742352664,0.9836065573770492,1.0,1.0,1.0,1.0,1.0,1.0,1.0,0.9964899964899965,1.0,1.0,0.9825783972125436,1.0,1.0,1.0,1.0,0.99961962723469,0.9901067853170189,0.9923378370474352,0.9989406779661016,0.9847198641765704,0.9919669417754519,0.9901925646363704,0.989041095890411,1.0,0.9976128624587517,0.9968954812004139,1.0,1.0,1.0,1.0,0.9841446353624852,0.9868421052631579,0.9923680452917156,0.9902912621359223,0.999001996007984
394402,577,"Boone, NC",msa,NC,,,,,,,,,,,,,,,0.951214869350613,0.9551516258677384,0.9636517328825022,0.9568051930167196,0.9722527155485279,0.9737273968190672,0.9526197041865129,0.9586056644880174,0.959966611018364,0.96,0.96,0.949748743718593,0.9720454089141229,0.9587020648967551,0.9648194038735758,0.9662921348314607,0.9725270518230071,0.9719101123595506,0.9784546821928937,0.9854920416054674,0.9841414025270527,0.9830797773654917,1.0,0.9792686844481489,1.0,1.0,1.0,1.0,1.0,1.0,1.0,0.9896820383238577,1.0,1.0,1.0,0.993322203672788,1.0,1.0,1.0,1.0,1.0,0.9857142857142858,0.98,0.9736231884057971,0.975609756097561,0.9639284631706577,0.971170673298333,0.9585241677546819,0.9689940477342052,0.9760411356953815,0.9811051693404634,0.9787715054966167,0.981750250432829,0.97473780554366,0.9774436090225563,0.9755787690570299,0.9803921568627451,0.9531772575250836,0.9559507656522582,0.9656372335798173,0.9764705882352941,0.9729884658143413,0.980518187494815,0.989159891598916,0.979381443298969,0.9779005524861878,0.9795330820770519,0.9645400818305804,0.9724409448818898,0.9610027855153204,0.9553072625698324,0.9699248120300752,0.9759036144578314,0.9682579564489112,0.9827123695976154,0.9786862510243963,0.9651551022885935,0.9733036707452726,0.9682128724184799,0.9639344262295082,0.96,0.9503572308450356,0.9604804804804805
395204,578,"Warrensburg, MO",msa,MO,0.9877058879808249,0.9846153846153847,0.9922988849064118,0.9840078720629765,0.984531976541575,0.98993993993994,0.9904761904761905,0.9741360089186176,0.980326775591864,0.9821874116839597,0.9747961452928094,0.9767814251401121,0.9844357976653697,0.9774221206058874,0.9777521397341042,0.9928520371694067,0.9825968523002422,0.98361956992351,0.9902645840416895,0.9833841980332316,0.9930035570796121,0.9784993418165863,0.9860724233983287,0.9732078853046595,0.987479123162368,0.9778795123033827,0.975609756097561,0.9829311359623308,0.9914402173913044,0.9876236279138665,0.9947000833928996,0.9956418982794479,0.9963077805189025,0.9905495343352073,0.9971075300341072,0.9896551724137931,0.9866577718478986,0.9975368996512675,0.9931818181818182,1.0,1.0,1.0,1.0132607619990104,1.0,1.0,0.9953488372093023,0.9967213114754099,0.995475113122172,0.98989898989899,1.0,0.9907364520611394,1.0,1.0,1.0,1.0,1.0,1.0,0.9816713252151721,0.9787234042553191,0.9771122753060356,0.9758812615955473,0.9811465948441709,0.9790857290857291,0.9821428571428571,0.9903702680298425,1.0,1.0,1.0,1.0,0.9783592571398845,0.9836661735700197,0.9878998300189614,0.9816603177871581,0.992,0.9906421426266537,0.9902912621359223,0.9933333333333333,1.0,1.0,0.9923664122137404,0.9829073543720324,0.9925373134328358,0.9743230625583567,0.9743589743589743,0.9839357429718876,0.9700026797812393,0.9848484848484849,0.983273732876181,1.0,1.0,1.0,0.9846153846153847,0.9973821989528796,0.9774859287054409,0.9841547131147541,0.9848606294575672,0.9901639344262295
394604,580,"Fort Leonard Wood, MO",msa,MO,,,0.9811858772518114,0.9732484076433121,0.9690627843494085,0.9915966386554622,0.9810314358652836,0.9934497816593887,1.0,0.9799554565701559,0.9794310096034233,0.9728343653390297,0.9981203007518797,0.9857784178963682,0.9761904761904762,0.9834190966266438,0.9815242494226328,0.980653769179453,0.9829854472349746,0.9818181818181818,0.9826589595375722,0.9831553148136063,0.9830113952195664,0.9831112511629303,0.9851851851851852,0.9827278141751042,0.9732287723093564,0.9873248832555037,0.9924937447873228,0.9903120006397055,0.9903225806451613,0.9866220735785953,0.9949972206781545,0.9884025301005055,0.9941897998708844,1.0,0.9941897998708844,0.996982665912928,1.0,1.0,1.0,1.0,1.0,1.0,1.0,1.0,1.0,0.9917875507220186,1.0,1.0,1.0,1.0,1.0,1.0,1.0,1.0,1.0,1.0,1.0,0.9959839357429718,0.985,0.993103448275862,0.9978471474703983,0.9965357967667436,1.0,1.0,1.0,0.9882352941176471,1.0,1.0,1.0,0.9819805194805195,0.9914903814633198,0.9969989996665555,0.9980426272292301,1.0,1.0,1.0,0.9982290940865013,1.0,1.0,1.0,1.0,0.9836065573770492,0.9920252438324728,1.0,0.9889135254988913,1.0,1.0,1.0,1.0,0.9904982952137689,0.989577905158937,0.9814814814814815,1.0,1.0,1.0
394993,581,"Poplar Bluff, MO",msa,MO,,,,,,,,,,,,,,,,,0.9514624031430754,0.983739837398374,0.9572901325478645,0.9662654964911979,0.9615701608111475,0.9571677267007945,0.9528692823269266,0.9775175644028102,0.9736773117254528,0.9505361305361306,0.975,0.962278675904542,0.9714285714285714,0.96448399417254,0.9569377990430622,0.9823695782693296,0.969503750325668,0.9634398712347666,0.9727626459143969,0.9619377162629758,0.9767814251401121,0.9741445523585313,0.9688715953307393,0.9693112461269056,0.9746835443037974,0.9943240071644741,0.98,0.983864776570958,0.9820136127771413,0.9708455223151169,0.9712230215827338,0.9784735812133072,0.967741935483871,0.988,0.982078853046595,0.975984892084731,0.9640237535149823,0.9841534612176814,0.9767441860465116,0.9818181818181818,0.9693877551020408,0.9741969457609269,0.9679196002725414,0.9574069341511202,0.9605389848033599,0.9467455621301775,0.954989958578637,0.9717694672357742,0.9650655021834061,0.9659588159588159,0.9700428736837885,0.9624426908303967,0.9545454545454546,0.9722222222222222,0.9257120862201693,0.9595663052543786,0.97707696582384,0.9702850212249848,0.9717062017719348,0.962757087270706,0.9873749555531328,0.9688482423549586,0.9753803854694346,0.9614033250569747,0.9640644845545476,0.9867684076621521,0.9734167318217357,0.9593878752207181,0.9351892127011744,0.9730811204074209,0.9741969457609269,0.9849625779787525,0.9556203894779288,0.9613899613899614,0.9595270577535243,0.9740499923363495,0.9683666881859264,0.9571389890538581,0.9811465948441709,0.9615384615384616,0.9808645595580078
394562,582,"Elizabeth City, NC",msa,NC,,,0.9730014025245441,0.9815773931367651,0.9880408130981571,0.9799392875429742,0.9941326655864879,0.9771986970684039,0.9844134536505332,0.9737705964816551,0.9795918367346939,0.9800528517947589,0.9791567953881386,0.9705264145045327,0.9705882352941176,0.9581564584596726,0.9806949806949807,0.9799919967987194,0.9777171441564347,0.9831852389678342,0.9794810239167826,0.9800918836140888,0.9890091483056307,0.9707563229571985,0.9613965744400527,0.9720697803725327,0.969426523297491,0.9962484368486869,0.9820069351726033,0.9966572208228379,0.9960036986370775,0.9843937575030012,1.0,0.9816440008039125,0.9865716634694437,0.9942857142857143,0.9774225212366889,0.9988372093023256,1.0,1.0,1.0,1.000555864369094,1.000133368898373,1.0,1.0,1.0,1.0,1.0,0.9976744186046511,1.0,1.0,1.0,1.0002775363077454,1.0059515332318925,1.0,1.0,1.0,0.9965417169569408,1.0,0.9772727272727273,0.9732287695417445,0.9932775246772969,1.0,1.0,1.0,1.0,1.0001190759704692,1.0,1.0,1.0,0.9831932773109243,1.0,0.9960009209124427,0.9900752212389381,1.0,1.0,1.0,1.0,1.0,0.9897959183673469,0.9854698513268507,0.996,0.9674775251189847,0.9943023034080971,0.9924313499079854,1.0,1.0,1.0,1.0,1.0,1.0,0.9933070405040498,0.9847494553376906,0.9910562114391392,0.9935483870967742,0.978921043229725,0.9807692307692307
394967,583,"Payson, AZ",msa,AZ,0.9536512170723574,0.9805366591080877,0.9826839826839827,0.9741006212028125,0.9809523809523809,0.9782608695652174,0.9725082664147378,0.9698996655518395,0.97004662004662,0.967741935483871,0.9619020185208893,0.9694989106753813,0.9663805436337625,0.968421052631579,0.9732360097323601,0.9699068528332263,0.9741784037558685,0.9696969696969697,0.9752915651702391,0.9733333333333334,0.9690768169029038,0.9743875278396437,0.9721194680212746,0.9705795822300677,0.9621495457203048,0.9755240246342378,0.9631901840490797,0.9760348583877996,0.9651709401709402,0.9764673311184939,0.9798512508451656,0.9879328436516265,0.9863192834726967,0.9885638297872341,0.987341265072307,1.0,1.0,1.0,1.0,1.0,1.0,1.0,1.0,1.0,1.0,0.9818802212024944,0.9882352941176471,1.0,1.0,0.9849977495476132,0.9921638018200203,0.9979838709677419,1.0,0.9921826411443577,0.9851851851851852,0.9636363636363636,0.9762532981530343,0.9787050978705097,0.9538461538461539,0.9638528138528139,0.9484066767830045,0.9642979082997947,0.9707142857142856,0.9665810174184146,0.9739776951672863,0.9656652360515021,0.9752925877763329,0.9727891156462585,0.9750024375060937,0.9710136143073136,0.970516717325228,0.9786544229035443,0.9705882352941176,0.977093897534534,0.9669889963321107,0.979381443298969,0.9732142857142857,0.9777157045313469,0.9787820831127918,0.9708705690615238,0.9658119658119658,0.9765266825600587,0.974739645440814,0.9568527918781726,0.9624401342581761,0.9697644885246078,0.9672131147540983,0.9726405554523103,0.9570338578922271,0.9628378378378378,0.9697223677317968,0.9725972802953253,0.9717062017719348,0.973312693498452,0.9713410483321987,0.9777777777777777,0.9599271402550091
394344,584,"Athens, TN",msa,TN,,,,,,,,,,,,,,,,,,,,,,,,,,,,,,,,,,,,,0.9638647342995169,1.0,1.0,1.0,1.0,1.0,1.0,1.0,0.9909929749609109,0.9829499533929842,1.0,0.9859788691689759,0.9873248832555037,0.9960400166736141,0.9985179696183771,1.0,1.0,1.0,0.9922928709055877,0.976712925925401,0.9575628978478327,0.9669743405425331,0.9671172724021512,0.9566881196729866,0.9445574509172836,0.9666666666666667,0.9578544061302682,0.984375,0.9876386352206252,0.9832786885245902,0.9622641509433962,0.9902639343565917,0.9796481545360469,0.9499749874937469,0.9714332961263384,0.9795918367346939,0.972014052363634,0.9694117647058823,0.9855595667870036,0.9838729841230154,0.9888790198134183,0.9732360097323601,0.9820433123663388,0.9664292980671414,0.971261309207025,0.9795208438534477,0.9649107142857143,0.9727272727272728,0.9836612204068023,0.9634962729952081,0.9835616438356164,0.954337899543379,0.9826666666666667,0.990625,0.9787248529866914,0.9787234042553191,0.975440331962506,0.9615384615384616,0.9832985386221295,0.9646302250803859,0.9725868725868726
394571,585,"Enterprise, AL",msa,AL,,,,,,,,,,,,,,,0.9693936774175982,0.9777347531461762,0.9759271307742355,0.9736842105263158,0.977049373716353,0.9742857142857143,0.9794045470838555,0.9758221763850169,0.9737986270022884,0.9863429438543247,0.9818181818181818,0.9830784464737594,0.9777699722164208,0.9818523083185401,0.9721115537848606,0.9777777777777777,0.9834715842495432,0.989010989010989,0.9907983193277311,0.9851470142467414,0.9888911088911089,0.9922511941372767,0.9740043145646882,0.9731182795698925,0.9940652818991098,0.9930692707190403,1.0,1.0,1.0,1.0,1.0,1.0,0.9913597089586176,0.9904333145751266,0.9910306431850392,1.0,1.0,1.0,1.0,1.0,1.0,1.0,1.0,1.0,1.0,0.9758048780487805,1.0,0.967741935483871,1.0,0.9928138982473671,1.0,1.0,1.0,1.0,1.0,0.9894952500260987,0.9913644214162349,0.9754028837998303,0.9820436358145855,0.9865771812080537,0.9842105263157894,0.9928008980403216,0.9880952380952381,0.998330550918197,0.9780611388342519,0.9963399755998373,0.9852941176470589,0.9970149253731344,0.9814073899741116,0.9788515294305566,0.974025974025974,0.9837444655281466,0.9814886016484092,0.9762903086366387,0.9856879983643426,0.9949367088607595,0.9878419452887538,0.9961545237442744,0.9754032258064516,0.9844303797468354,0.9844559585492227,0.9753073155609681,0.9749041621029573
395073,587,"Scottsboro, AL",msa,AL,,,,,,,,,,,,,,,,,,,,,,,,,,,,,,,,,,,,,,,,,,,,,,,,,,,,,,,,,,,,,,,,,,,,,,,,,,,,,,,,,,,,,,,0.9619084263178146,0.9844716753716352,0.9687764104937989,1.0,0.9434782608695652,0.9699044872950081,0.9519839946648883,0.9586268693610185,0.9528346831824679,0.968915274360697,0.9728183118741058
394742,589,"Kerrville, TX",msa,TX,,,,,,,,,,,,,,,,,,,,,,,,,,,,,,,,,,,,,,,,,,,,,,,,,,,,,,,,,,,,,,,,,,,,,,,,,,,,,,,,,,,,0.9736842105263158,0.9515570934256056,0.9644012944983819,0.9727627646272952,0.9730241362991008,0.9542723759767981,0.967741935483871,0.98,0.9630606860158312,0.962268928842745,0.9557109557109557,0.9520671442150339,0.955928597854236,0.9821056323148537
394363,590,"Bartlesville, OK",msa,OK,,,,,,,,,,,,,,,0.9851301115241635,0.9607358417875947,0.9809523809523809,0.9725204731574159,0.995680801502266,0.9676245907602765,0.9811127821315939,0.9794520547945206,0.9833333333333333,0.9784760297594794,0.9818181818181818,0.9811320754716981,0.9849302448012635,0.9828571428571429,0.9914204003813155,0.9807692307692307,0.9916994320664045,0.9910283643633637,0.9944751743875648,0.9857142857142858,1.0,1.0,0.9780598864158088,0.9919386576687592,1.0,1.0,1.0006253908692933,1.0001428979708487,1.0002942041776994,1.0,1.0,1.0,1.0,1.0,1.0,1.0,1.0,1.0,1.0008347245409015,1.0,1.0,1.0,1.0,1.0,0.993485342019544,1.0,1.0,0.982239964088752,1.0,1.0,1.0,1.0,0.989269340974212,1.0,1.0,0.9829116274439991,0.975699328020003,1.0,0.9979166666666667,0.982788671023965,0.9899000302290182,0.9893655680039997,0.9882005899705014,0.9956236323851203,1.0,0.9918110050665724,0.9888888888888889,1.0,0.9777777777777777,0.987814569252812,0.9817073170731707,1.0,1.0,1.0,0.9930956166250284,0.9928044534831615,1.0,1.0,0.9904761904761905,0.9864645298681312,0.9784846126767087,0.9913716548196578,0.9737827715355806
394652,593,"Greenville, OH",msa,OH,,,,,,,,,,,,,,,,,,,,,,,,,,,,,,,,,,,,,,,,,,,,,,,,,,,,,,,,,,,,,,,,,,,,,,,,,,,,,,,,,,,,,,0.9710896960711638,0.9658756137479542,0.9830508474576272,0.9666477095003838,0.9748178650617675,0.983895724327644,0.9979536152796726,0.9879997085469034,0.9717391304347827,0.9759931408973993,0.9749245852187028,0.9869565217391304
394838,598,"Mason City, IA",msa,IA,,,,,,,,,,,,,,,,,,,,,,,,,,,,,,,,,,,,,,,,,,,,,,,,,,,,,,,,,,,,,,,,,,,,,,,,,,,0.9743589743589743,0.9732492587033714,0.976895067858325,0.9771986970684039,0.9738861722358054,0.9713891680886375,0.980980980980981,0.9622641509433962,0.9688888888888889,0.9501779359430605,0.971379196919841,0.9593928095838604,0.9558595665391783,0.9753151132186525,0.9855428073982122,0.9796121396093336,0.9792770611429285,0.9714285714285714,0.9763931104356636,0.967741935483871,0.9696969696969697,0.9713182117028271,0.967741935483871
394954,601,"Pahrump, NV",msa,NV,,,,,,,,,,,,,,,,,,,,,,,,,,,,,,,,,,,,,0.9929078014184397,0.9877913429522752,1.0,1.0,1.0,1.0,1.0,1.0,1.0,0.9904761904761905,1.0,1.0,0.9869863830341163,1.0,0.9934228555768704,1.0,1.0,0.9966289738049822,0.9972719005759321,1.0,0.9779850360307554,0.9775057217982727,0.9844453678494607,0.9979060027919963,0.9805555555555555,0.9687556183382561,0.9707792207792207,0.9824937477670597,0.9763514719000892,0.9741666666666666,0.9848024316109423,0.9850746268656716,0.9789316875931049,0.9801782142207675,0.9693877551020408,0.9823182711198428,0.974937343358396,0.9838998211091234,0.9774436090225563,0.9950684931506849,0.9857142857142858,0.9886486585611853,1.0,0.9863013698630136,0.9883399934364201,0.9846153846153847,0.9869464581546451,0.9865804717622448,0.9863851069741595,1.0,0.9876543209876543,0.9954545454545455,0.9809589197728247,0.9894736842105263,0.9984997499583264,0.9977494373593399,0.9938934512528953,0.9891216303600561,0.9701492537313433,0.9768637532133676,0.9822735123253258
394963,602,"Paris, TX",msa,TX,,,,,,,,,,,,,,,,,,,,,,,,,,,,,,,,,,,,,,,,,,,,,,,,,,,,,,,,,,,,,,,,,,,,,,,,,,,,,,,,,,,,,,,0.9643638637074086,0.9781706679950101,0.9744964262508122,0.9547624460104569,0.9735087719298245,0.9523809523809523,0.9402155314109426,0.9621257612760621,0.9315068493150684,0.9541342552578507,0.9251127894248494
753905,604,"Newport, OR",msa,OR,0.9578147729109423,0.9724310776942355,0.9603340292275574,0.9773584905660377,0.9714928732183046,0.970985678366913,0.9805825242718447,0.9800843410551536,0.9745285218704587,0.969445641246589,0.973724010206898,0.9605276381909548,0.9653465346534653,0.9729591594966187,0.9772727272727273,0.97728,0.9798826346497589,0.9807118624005682,0.9708150086288482,0.9706153245966171,0.9658116883116883,0.9787856071964018,0.9815668202764977,0.9700244596415915,0.9666091333104956,0.9698275862068966,0.9795603015075377,0.9756911844757521,0.9726443768996961,0.974937343358396,0.9812675070028011,0.9805806938159879,0.9803921568627451,0.9836952912266719,1.0,0.993052877592755,1.0,1.0,1.0,1.0,1.0,1.0,1.0,1.0,1.0,1.0,1.0,0.9873417721518988,0.9864864864864865,1.0,1.0,1.0,1.0,1.0,1.0,0.9876543209876543,0.9811630371150919,0.9795918367346939,0.9751552795031055,0.9753267850964937,0.96045197740113,0.9770445837086308,0.9905660377358491,0.9921865715983363,0.9992,0.9844376552434677,0.97999799959992,0.9747899159663865,0.9811858058819574,0.9547738693467337,0.960435361018364,0.9704641350210971,0.9712576407855378,0.9704545454545455,0.9716446124763705,0.9745762711864406,0.9723076923076923,0.980338259844161,0.9791666666666666,0.982532751091703,0.9848484848484849,0.9784085315832649,0.9821428571428571,0.9642857142857143,0.9690721649484536,0.9659090909090909,0.9615303430079156,0.9816599190283402,0.9738685208596713,0.9791764705882353,0.9803207621327045,0.9734631284171222,0.9677216275035947,0.9787234042553191,0.9676883780332055,0.9863593004769475,0.9700468521798005
395091,606,"Shelbyville, TN",msa,TN,,,,,,,,,,,,,,,,,,,,,,,,,,,,,,,,,,,,,,,,,,,,,,,,,,,,,,,,,,,,,,1.0,0.981124952812382,0.9585492227979274,1.0,1.0,1.0,0.9851470142467414,0.974025974025974,0.9905902480752781,0.9953458689394236,0.9901875901875903,0.9723743035640142,0.9840693033970345,0.9818964271183297,0.9970958373668926,0.9876234529316165,1.0,0.9864864864864865,0.9919330334932703,0.9895055811331057,0.9836612204068023,0.984188447886415,0.9833560339322147,0.9902380952380953,1.0,0.9646302250803859,1.0,0.9830508474576272,0.9948717948717949,0.9698825931597754,0.9779384679443479,0.9852774631936579,0.977025171624714,0.9892293343095183,0.9803921568627451,0.9958053810191057
394628,610,"Gardnerville Ranchos, NV",msa,NV,,,,,,,,,,,,,,0.9845916429249764,0.9825986061330365,0.9944945568060981,0.9785932721712538,0.9944375772558715,0.979381443298969,0.9866666666666667,0.9803757973816986,0.9846827133479212,0.9793426218174847,0.9745762711864406,0.9814751286449399,0.9865716634694437,0.9880952380952381,0.9917693074333853,0.9749303621169917,0.9834261838440111,1.0,0.9958908771264738,0.9944341372912802,0.9894459102902374,0.991982480283703,0.9912582073599023,0.9929921478701966,1.0,1.0,1.0,1.0066534966871055,1.011182863443062,1.0031347962382444,1.0,1.0,0.9968193099772582,1.0,0.9894736842105263,0.99741879974188,0.9938095238095238,1.0,1.0,1.0,1.0,0.990135799181816,0.9681810580521002,0.9776095118898623,0.9743589743589743,0.9826589595375722,0.9697960208489289,0.9682188393201143,0.9748427672955975,0.9815024537561344,0.978494623655914,0.9856178304454166,0.992514474193714,0.9847700038654813,0.9862188382077374,0.9818689745836985,0.9789473684210527,0.979381443298969,0.973002421307506,0.9656652360515021,0.9780907668231612,0.9811320754716981,0.9847704719919661,0.977112676056338,0.9880579297245964,0.9858803986710964,0.9847198641765704,0.9864055299539171,0.9858358358358359,0.9740902846554422,0.9580979509385026,0.97,0.9813624678663239,0.9921703834060743,0.9946595460614153,1.0,0.9872727272727273,0.9792060491493384,0.9835618287345018,0.9600000960000192,0.9784138655462185,0.9749843652282677,0.9709308947101821,0.9698831587429493
394437,612,"Ca-¦on City, CO",msa,CO,,,,,,,0.9945421467556095,0.9736444787304386,0.9980153751203831,0.9888585720782174,0.9985682303326913,0.9824944457212901,0.9731543624161074,0.9893617021276596,0.9845511763319983,0.9867183595828027,0.9995614817914931,0.9866666666666667,0.9908367942385115,0.9801393481580358,0.9849246231155779,0.9803921568627451,0.9793516921176495,0.9873960228837909,0.9871227364185111,0.9929603556872916,1.0,0.9848821698532682,0.9777171441564347,1.0,0.9848450057405281,1.0,0.98946009894601,0.9887943734113517,1.0,0.9860462382773573,0.9870967741935484,0.9782943143812709,1.0,1.0,1.0,1.0,1.0,1.0,1.0,1.0,0.9848056083954946,0.9745377387086996,0.9974683544303797,1.0,1.0,1.0,1.0,1.0,0.9863851069741595,0.9859146214554516,0.9804000032013062,0.9752146270178661,0.9821412321412322,0.9633141542002301,0.9788235294117648,0.9767441860465116,0.9737991266375546,0.9809408969836584,0.9876543209876543,0.9935400516795866,0.9818338632415962,0.9904535141291578,0.9928571428571429,0.9693066864051321,0.984375,0.967741935483871,0.9777144190799392,0.9718176328502416,0.9769230769230769,0.9762652079553489,0.9931506849315068,0.9899974352398051,0.9837144964665421,0.9863013698630136,0.9892263056092844,0.9817445427201524,0.9816638879626542,0.9829351535836177,0.983729662077597,0.9659573744858765,0.9764705882352941,0.9832132812662022,0.9843146718146718,0.9903876787434245,0.9877893122721114,0.9818181818181818,0.9849749582637729,0.9750024375060937,0.9731934176007632,0.9586056644880174,0.9814296021738722
394906,614,"New Castle, IN",msa,IN,,,,,,,,,,,,,,,,,,,,,,,,,,,,,,,,,,,,,,,,,,,,,,,,,,,,,,,,,,,,,,,,,,,,,,,,,,,,,,,,,,,,,,,0.9840751327072275,0.9977494373593399,1.0,0.9947089947089947,0.9759450171821306,0.983326207781103,0.9804722873210754,0.9683666881859264,0.9855171276186288,0.9842805913283539,0.9782125389061805
394478,615,"Clovis, NM",msa,NM,,,,,,,,,,,,,,,,,,,,,,,,,,,,,,,,,,,,,,,,,,,,,,,,,,,,,,,,,,,,,,,,,,,,,,,,,,,,0.9885714285714285,0.9866666666666667,0.9875285936989397,0.9883959270034381,0.9928342938958967,0.9805934643796168,0.9774193548387097,0.9767441860465116,0.9757770319568072,0.9797959183673469,0.9808219178082191,0.9878419452887538,0.9695910500206697,1.0,0.9941577825159915,0.9851301115241635,1.0,0.9808555326651446,0.9883720930232558,0.9720026494706533,0.9880595185743225,0.9776119402985075
395017,624,"Red Wing, MN",msa,MN,,,,,,,,,,,,,,,,,,,,,,,,,,,,,,,,,,,,,,,,,,,,,,,,,,,,,,,,,,,,,,,,,,,,,,,,,,,,,,,,,,,,,,0.9822222222222222,1.0,1.0,1.0,1.0,0.9764705882352941,0.9894507093488542,0.9852824437176515,0.9796610169491525,0.9945945945945946,0.9836612204068023,0.984375
394876,628,"Montrose, CO",msa,CO,,,,,,,,,,,,,,,,,,,,,,,,,,,,,,,,,,,,,,,,,,,,,,,,,,,,,,,,,,,,,,,,,,,,,,,,,,0.97,0.9870301165091229,0.9838473446058584,0.9793707022296312,0.9918319719953326,0.9833333333333334,0.9833333333333333,0.9675921093831541,0.9649122807017544,0.9866286325548226,0.9769238284029449,0.9709343499028131,0.9844269102990033,0.9814618211514904,0.9864280456385719,0.9797752808988764,0.9782343456188785,0.9844619629135091,0.9777777777777777,0.9761783490985528,0.9692307692307692,0.9682539682539683,0.9810597999574378,0.9805013927576601
394477,631,"Clinton, IA",msa,IA,,,,,,,,,,,,,,,,,,,,,,,,,,,,,0.9699624530663329,0.9815168897386871,0.9771428571428571,0.9780508360145086,0.9817690488999089,0.9710166459996457,0.9777171441564347,0.9759939984996249,0.9783270852858481,0.9722222222222222,0.9875311878617475,0.9819639278557114,0.9887359198998749,1.0,1.0041074571814943,1.0,1.0,0.9857142857142858,0.996783416726233,0.9719438877755511,0.9942285494420932,0.9821753364859949,0.9743589743589743,1.0,1.0,1.0,0.9843533251733986,0.9983327158206743,1.000312597686777,0.9887359198998749,0.9955555555555555,0.9615384615384616,0.9673115410273516,0.9727156915130912,0.9719839908519153,0.9848484848484849,1.0,0.9735315600246779,0.9822088226416179,0.9945945945945946,0.9623430962343096,0.964147365092464,0.968,0.9649749821300929,0.9452515982614403,0.9545454545454546,0.9762202753441802,0.9737378146369853,0.9970948999354422,0.9895171813832101,0.9773657289002557,0.9795454545454545,1.0,0.9854028723860334,0.9721661536391314,0.9645387731163285,0.9723293471711003,0.9646876384581302,0.9650456305999302,0.9887843137254901,0.9873417721518988,0.9552629451473382,0.9859509020999704,0.9799945931332793,0.9745966241585766,0.9696969696969697,0.9868875086266391,0.9705882352941176,0.9672040022234575
753916,632,"Sandpoint, ID",msa,ID,,,,,,,,,,,,,,,,,,,,,,,,,,,,,,,,,,,,,,,,1.0,1.0,1.0,1.0,0.9915385035814079,1.0,1.0,1.0,0.9753954305799648,0.9686613708483791,0.9892816271502252,1.0,1.0,0.9886477462437395,1.0,0.9638737545958509,0.9630315955112012,0.9714285714285714,0.9554606467358145,0.9620199704153392,0.939209726443769,0.9551243177683445,0.9774436090225563,0.9622641509433962,0.9555555555555556,0.9830188074717248,0.9673611111111111,0.9796296296296296,0.968196986550713,0.9684848484848485,0.9727872452321858,0.9537827943868212,0.9471766848816029,0.96,0.9662544169611307,0.9681026814080569,0.9703196347031964,0.9880418535127056,0.9874452577455914,0.9753884711779448,0.9758420300214439,0.9772021948197533,0.9559678759346442,0.9682036038906928,0.963855421686747,0.9854927463731866,0.9826262626262626,0.9605825242718447,0.9798952180154137,0.976,0.982097011094879,0.9786780383795309,0.9794871794871794,0.9643360944804396,0.9671508079485052,0.9770114942528736,0.9670431443415406,0.9739118601893431
394500,644,"Cornelia, GA",msa,GA,,,,,,,,,,,,,,,,,,,,,,,,,,,,,,,,,,,,,,,,,,,,,,,,,,,,,,,,,,,,,,,,,,,,,,,,,,,,,,,,,,,,,,,0.9782840493459798,0.9837378480252041,0.9818451278251205,0.9875,0.9722222222222222,0.9846153846153847,0.9721254355400697,0.98,0.9894736842105263,0.9561635775228008,0.9605194805194806
395208,656,"Washington, NC",msa,NC,,,,,,,,,,,,,,,,,,,,,,,,,,,,,,,,,,,,,,,,,,,,,,,,,,,,,,,,,,,,,,,,,,,,,,,,,,,,,,,,,,,,,,0.96391532336376,0.9701492537313433,0.9817766708177667,0.9789178462040342,0.9427173287276914,0.9689518649718691,0.9811320754716981,0.9523809523809523,0.9605263157894737,0.9667856780017707,0.9593814432989691,0.9595340501792115
394616,657,"Freeport, IL",msa,IL,,,,,,,,,,,,,,,,,,,,,,,,,,,,,,,,,,,,,,,,0.9449585904063142,0.9815024537561344,0.9711595055915244,1.0,0.9824135839902971,1.0,1.0,0.9868965517241379,0.9661277906081601,0.9714285714285714,0.967741935483871,0.9761363636363636,1.0,1.0,0.9945850500294291,0.9923321231878689,0.981863664790494,0.9754877438719359,0.9892224788298691,0.9673115410273516,0.9609069585613761,0.95,0.9603841536614646,0.9731543624161074,0.9629629629629629,0.9768518518518519,1.0,1.0,1.0,0.965965965965966,0.96875,0.9736842105263158,0.9658421672555948,0.9734162610420047,0.9868583784147603,0.9723889555822329,1.0,0.9866220735785953,0.9812822181072018,0.994907949790795,0.9719839908519153,1.0,0.9920051439412592,0.9734778140381877,0.9768346595932802,0.9813084112149533,0.9696969696969697,0.975979166053615,1.0,0.996742671009772,1.0,0.9988452655889146,0.9851470142467414,0.9748423448164314,0.9793121143607626,0.9872029250457038,0.9684813753581661,0.9720662392822488
395037,659,"Rolla, MO",msa,MO,,,,,,,,,,,,,,,,,,,,,,,,,,,,,,,,,,,,,,,,,,,,,,,,,,,,,,,,,,,,,,,,,,,,,,,,,,0.9677899014700124,0.9766555502620295,1.0,1.0,1.0,0.9850746268656716,0.9838709677419355,0.9778869778869779,0.9811912225705329,0.974025974025974,0.9813172296659747,0.9850980392156863,0.9745427104492067,0.9752543841433288,0.9745151298546582,0.9826589595375722,0.9818636210738763,0.988431366932748,0.9809579128067007,0.9741003746623682,0.9766454352441614,0.968610435252771,0.966739464566382,0.9625668449197861
394567,663,"Ellensburg, WA",msa,WA,,,,,,,,,,,,,,,,,,,,,,,,,,,,,,,,,,,,,,,,,,,,,,,,,,,,,,,,,,,,,,0.9822190611664295,0.9805309734513274,1.0,1.0,1.0,0.9946905082547758,0.9810202550637659,0.9958062424050436,0.98444093039767,0.9726027397260274,0.9748224661071659,0.9920634920634921,0.9925911916728476,0.9791443717274257,0.9919597989949749,0.9705882352941176,0.9963811821471653,1.0,0.9834015834015835,0.9879541878414165,0.9751662922338222,0.9854014598540146,0.98,0.9649122807017544,0.9825989782886335,1.0,0.9928128593570322,0.9814351272423862,1.0,0.9892568096458912,0.9735349716446124,0.9689102564102564,0.9948652118100129,0.9747023809523809,0.9765280310606507,0.9875
394349,672,"Auburn, IN",msa,IN,,,,,,,,,,,,,,,,,,,,,,,,,,,,,,,,,,,,,,,,,,,,,,,,,,,,,,,,,,,,,,,,,,,,,,,,,,1.0,1.0,0.9884920634920635,1.0,0.9917740696278512,0.9978561219628395,1.0,1.0,0.991185948063436,1.0,1.0,0.985663082437276,0.9840751327072275,0.9972602739726028,1.0,1.0,1.0,1.0,1.0,0.985,0.9850746268656716,0.9810500809183123,1.0,0.9960847366994586
395081,674,"Sedalia, MO",msa,MO,,,,,,,,,,,,,,,,,,,,,,,,,,,,,,,,,,,,,,,,,,,,,,,,,,,,0.9786415149146301,0.9757171435716072,0.9800753370340999,1.0,0.9920727480789766,0.9903961584633854,0.9717898705173278,0.9851851851851852,0.9757547913357916,0.9640102827763496,0.967741935483871,0.9803921568627451,0.9795918367346939,1.0,0.9814315959952516,0.9855072463768116,0.9757549202176214,0.9777015437392796,1.0,0.9733333333333334,0.9941988397679536,0.9863013698630136,0.9747213223477795,0.9811320754716981,0.9878787878787879,0.9812673914987671,1.0,1.0,1.0,0.9882283696291937,0.9842976704515166,0.9829059829059829,0.9798261809339397,0.9814814814814815,1.0,0.9734981504893009,0.9759001161440186,1.0,0.987603305785124,1.0,0.9882352941176471,0.9713858153455469,0.9798517520215633,0.9744269322836425,1.0,0.9966329966329966
394341,691,"Astoria, OR",msa,OR,,,,,,,,,,,,,,,,,,,,,,,,,,,,,,,,,,,,,,,,,,,,,,,,,,,,,,,,,,,,,,,,,,,,,,,,,,,,,,,,,,,,,,0.9856962881325524,0.9838980509745128,0.9734513274336283,0.9981818181818182,0.9993742177722152,0.975609756097561,0.9963357588357589,0.9777530589543938,0.9784172661870504,0.9837387625594923,0.9862385321100917,0.9728388419833667
394422,721,"Brownwood, TX",msa,TX,,,,,,,,,,,,,,,,,,,,,,,,,,,,,,,,,,,,,,,,,,,,,,,,,,,,,,,,,,,,,,,,,,,,,,,,,,,,,,,,,,,,0.9727626459143969,0.9555555555555556,0.9849749582637729,0.9636767976278725,0.9472863832945211,0.9749861033907726,0.9795918367346939,0.9785202863961814,0.9767441860465116,0.9707785840360855,0.9834635416666666,0.9724205860625461,0.9649122807017544,0.9711595055915244
394507,722,"Crawfordsville, IN",msa,IN,,,,0.9717902350813743,0.9823529411764705,0.9881175734834271,0.9848469544362086,0.9708948152159198,0.9562020460358056,0.9730369188847905,0.9559322033898305,0.9629629629629629,0.946744126659857,0.9724947016594486,0.9740254872563718,0.98704133510168,0.978161965423112,0.9874213836477987,1.0,0.978865406006674,0.9711595055915244,0.9412496592709106,0.9785025945144552,0.9726224783861671,0.9636767976278725,0.9751010904682194,0.9701258545799856,0.9708004791264027,0.9789450354609929,1.0,0.9868421052631579,0.986,1.0,0.9824561403508771,0.9830622066366276,0.9693558474046279,0.9821322215604527,0.990139619981704,1.0,1.0,1.0,1.0,1.0,1.0,0.9899888765294772,0.9839184305627259,0.9720670391061452,1.0,0.9727626459143969,0.9923664122137404,1.0,1.0,1.0,1.0,1.0,0.9995004995004995,0.9773272052693013,0.9865546218487395,0.9542608695652174,0.9794520547945206,0.9783171693580535,0.9827349598159172,0.9894446187358017,0.9952476238119059,1.0,1.0,0.9979060027919963,1.0,0.9893617021276596,0.9862778730703259,0.9858934169278997,1.0,0.9733081910858652,0.9896219421793921,0.98000392001568,1.0,0.9828571428571429,1.0,1.0,1.0,1.0,0.9935709526982012,0.9928812289246909,0.9722222222222222,0.9735916996384959,0.9787234042553191,1.0,1.0,1.0,0.9805296319105594,0.9832217884365124,0.9921909424724602,0.9836146197919655,0.981741256535064,0.9813953488372092,0.985838807877876,0.9680543118348988
394554,729,"Easton, MD",msa,MD,,,,,,,,,,,,,,,,,,,,,,,,,,,,,,0.9573934837092731,0.9645535884256615,0.9799583833041197,0.9691395429362881,0.9797979797979798,0.9692307692307692,0.974241414545293,0.9847198641765704,0.9714725914813426,0.97983789260385,0.9903524315810199,1.0,1.0,1.0,1.0,0.9900990099009901,0.9954954954954955,0.9838752616798614,0.9871264838313549,0.9772209567198178,0.9642492339121552,0.9866220735785953,0.9831823577544976,1.0,1.0,1.0,0.9959239130434783,0.9748069532103946,0.9768637532133676,0.9702105803800719,0.9598594214652609,0.9726027397260274,0.9899393740783222,0.9808683325296446,1.0,0.9726244978043539,0.9749670619235836,1.0,0.9983922829581994,1.0,0.9680851063829787,0.9814814814814815,0.9414101470626244,0.970873786407767,1.0,1.0,0.9869180454020777,1.0,1.0,0.9838304769811619,0.98,0.9680957694271611,0.9808008870980337,0.9717062017719348,0.9932885906040269,0.9599733343972976,0.9869530531421783,0.9733333333333334,0.9666666666666667,0.9694918532127834,0.9790209790209791,0.9666110183639399,0.9747102212855637,0.9652509652509652,0.9825708061002179,0.970521837284015,0.9722826782742287,0.9545454545454546
394745,744,"Kill Devil Hills, NC",msa,NC,,,0.9649329253942104,0.9689294157379265,0.9682539682539683,0.965721631153748,0.9623430962343096,0.9640102827763496,0.9697797697130441,0.9633197480548351,0.9670487106017192,0.9749568221070811,0.96,0.9639498432601881,0.9559104679549398,0.9627906976744186,0.9674185463659147,0.9655069878085043,0.9652509652509652,0.963459141890689,0.9664079263444951,0.9660107334525939,0.970873786407767,0.9642857142857143,0.9650687702265373,0.9712722298221614,0.9637046307884856,0.9697040973371664,0.966542750929368,0.9656160458452722,0.9726027397260274,0.9764667043953971,0.9793388429752066,0.9819000819000818,0.9825838481554203,0.9851231403925491,0.9831555558516663,0.987014094203273,0.9895615866388309,1.0,1.0,1.0,1.0,1.0,1.0,0.9914204318448736,1.0,0.9905660377358491,0.9884414429436941,0.994413407821229,1.0,1.0,1.0000916768068033,1.0,0.9869296275708728,0.9912948404401043,0.9839622641509433,0.9789402030521139,0.9716862296020612,0.972972972972973,0.9702127659574468,0.9690721649484536,0.9860651629072681,0.9784158364059516,0.983652312599681,0.9866198134883092,0.9881533827701476,0.9881677747056081,0.9789956236656745,0.9910892889616294,0.9692307692307692,0.9700449775112443,0.9636775503827527,0.963020030816641,0.9752580034398799,0.9745762711864406,0.9793140325414407,0.978416149068323,0.9713603818615751,0.9751552795031055,0.9763605589482668,0.9666666666666667,0.9685173041894353,0.9792680594223535,0.9645738293436172,0.9823008849557522,0.9741935483870968,0.9701964701964703,0.9747102212855637,0.9746265834751371,0.964702924643805,0.9737827715355806,0.9736197736544321,0.9739130434782609,0.9676190476190476,0.9645399350989218,0.9779267951941883
394920,752,"North Platte, NE",msa,NE,,,,,,,,,,,,,,,,,,,,,,,,,,,,,,,,,,,,,,,,,,,,,,,,,,,,,,,,,,,,,,,,,,,,,,,,,,,,,,,,,,,,,,,0.9537565481113868,1.0,0.9664794007490637,0.987012987012987,0.9942196531791907,0.9636363636363636,0.9730425824175823,0.964824120603015,0.9772836208899429,0.9622950819672131,0.9489336492890995
753871,811,"Breckenridge, CO",msa,CO,,,,0.9851797329742592,0.9878128623064857,0.9887359198998749,0.9773539928486293,0.9860788863109049,0.981778642363922,0.9768247337495409,0.971567366766681,0.972492358988608,0.9765142150803461,0.9809523809523809,0.9749776386404293,0.9814814814814815,0.980479582404437,0.9829931972789115,0.9863325740318907,0.9783390678761339,0.9758896151053014,0.9749702026221693,0.9772518382352942,0.9758048780487805,0.9826924510023102,0.975345014730966,0.9787997948367242,0.9740084388185655,0.9692028985507246,0.9759615384615384,0.9819639278557114,0.9839679358717435,0.9897948557742373,0.9883720930232558,0.9895069298680063,0.98223056413135,1.0,1.0,1.0000526343491762,1.0,1.023611111111111,1.007722122838402,1.0,1.002967359050445,1.0,1.0,1.0,1.0,1.0,1.0303030303030303,1.0,1.0078740157480315,1.0114649484536082,1.0,0.9894164380310106,0.9826589595375722,0.9733036707452726,0.970728976512109,0.9739130434782609,0.971298504227184,0.9646086956521739,0.9722812250493365,0.983739837398374,0.9886395698309174,0.9831932773109243,0.9923017705927637,0.9776513738654731,0.9748953974895398,0.9816023738872404,0.9772338772338772,0.9778074312069234,0.9683377308707124,0.9762308998302207,0.9771528998242531,0.9721661536391314,0.9844961240310077,0.979674423936719,0.9799498746867168,0.9794377545683168,0.9714285714285714,0.9767441860465116,0.975735912531539,0.9638440429095834,0.9609375,0.976349302607641,0.9709397632636502,0.9747039782461369,0.9787878787878788,0.9814304179233089,0.9710743801652892,0.9757575757575757,0.9683299570430295,0.9666666666666667,0.9728183118741058,0.9685355523184501,0.9627906976744186,0.9613333333333334
394892,832,"Mountain Home, ID",msa,ID,,,,,,,,,,,,,,,,,,,,,,,,,,,,,,,,,,,,,,,,,,,,,,,,,,,,,,,,,,,,,,,,,,,,,,,,,,,,,,,,,,,,,,0.9809100998890122,1.0,0.9915927895981087,0.9948717948717949,0.9969989996665555,0.9988228369629193,0.9803057892943419,0.9979536152796726,1.0,0.9874326750448833,0.9923809523809524,1.0
753884,866,"Hailey, ID",msa,ID,,,,,,,,,,,,,,,,,,,,,,,,,,,,,,,,,,,,,,,,,,,,,,,,,,,,,,,,,,,,,,,,,,,,,,,,,,,,,,,0.9754411329623034,0.9759089406886962,0.972453633714385,0.971265403929434,0.9733884832930506,0.980156402737048,0.9790209790209791,0.9652509652509652,0.9754106306209274,0.9772727272727273,0.9786715532549968,0.975,0.9783625730994152,0.972928685014641,0.96,0.9743072863216538,0.9672076180257511,0.9678714859437751,0.9633277759253085
753921,867,"Steamboat Springs, CO",msa,CO,,,,,,,,,,,,,,,,,,,,,,,,,,,,,,,,,,,,,,,,,,,,,,,,,,,,,,,,,,,,,,,,,,,,,,,,,,0.9740881270616051,0.9972407519708915,0.9913793103448276,0.9807846277021617,0.978494623655914,1.0,0.968975468975469,0.9666666666666667,0.9685213414634146,0.9724399494310998,0.9693877551020408,0.982047181127549,0.9793029405332326,0.9719438877755511,0.9721031065370688,0.97295320523565,0.9678159218703759,0.9710982658959537,0.9664372131831456,0.9666666666666667,0.9668405176059316,0.944206008583691,0.9661825242718447,0.9614393236416126
